city,tier,hotel_name,hotel_listing_slug,offer_label,room_type,rate_label,period_start,period_end,period_label,room_basis,currency,price_amount,max_adults,max_guests,min_nights,inclusions,cancellation_policy,sort_order,verified_at,status,notes,terms
MADINAH,STANDARD,Hotel Hilton Madinah,,Alharmain PDF 16 Jun - 31 Aug 2026,Single Room,FB meal plan,2026-06-16,2026-08-31,16 Jun - 31 Aug 2026,per kamar per malam,SAR,1485,2,2,1,WiFi/detail fasilitas dicek manual via WhatsApp,Ketersediaan akhir dan payment dilanjutkan manual via WhatsApp,0,2026-07-06,INACTIVE,Source: (Madina Hotel 2026) New Season Far East 15 June 20_260630_175141.pdf | Page: madina_page-02.png | Meal: FB | Source period text: 16 JUNE 2026 TO 31 AUGUST 2026,"Harga, pajak, dan availability final setelah admin cek manual ke hotel/OTA."
MADINAH,STANDARD,Hotel Hilton Madinah,,Alharmain PDF 16 Jun - 31 Aug 2026,Double Room,FB meal plan,2026-06-16,2026-08-31,16 Jun - 31 Aug 2026,per kamar per malam,SAR,1890,2,2,1,WiFi/detail fasilitas dicek manual via WhatsApp,Ketersediaan akhir dan payment dilanjutkan manual via WhatsApp,1,2026-07-06,INACTIVE,Source: (Madina Hotel 2026) New Season Far East 15 June 20_260630_175141.pdf | Page: madina_page-02.png | Meal: FB | Source period text: 16 JUNE 2026 TO 31 AUGUST 2026,"Harga, pajak, dan availability final setelah admin cek manual ke hotel/OTA."
MADINAH,STANDARD,Hotel Hilton Madinah,,Alharmain PDF 16 Jun - 31 Aug 2026,Triple Room,FB meal plan,2026-06-16,2026-08-31,16 Jun - 31 Aug 2026,per kamar per malam,SAR,2480,2,2,1,WiFi/detail fasilitas dicek manual via WhatsApp,Ketersediaan akhir dan payment dilanjutkan manual via WhatsApp,2,2026-07-06,INACTIVE,Source: (Madina Hotel 2026) New Season Far East 15 June 20_260630_175141.pdf | Page: madina_page-02.png | Meal: FB | Source period text: 16 JUNE 2026 TO 31 AUGUST 2026,"Harga, pajak, dan availability final setelah admin cek manual ke hotel/OTA."
MADINAH,STANDARD,Hotel Hilton Madinah,,Alharmain PDF Sep 2026,Single Room,FB meal plan,2026-09-01,2026-09-30,Sep 2026,per kamar per malam,SAR,1790,2,2,1,WiFi/detail fasilitas dicek manual via WhatsApp,Ketersediaan akhir dan payment dilanjutkan manual via WhatsApp,3,2026-07-06,INACTIVE,Source: (Madina Hotel 2026) New Season Far East 15 June 20_260630_175141.pdf | Page: madina_page-02.png | Meal: FB | Source period text: 1 SEP 2026 TO,"Harga, pajak, dan availability final setelah admin cek manual ke hotel/OTA."
MADINAH,STANDARD,Hotel Hilton Madinah,,Alharmain PDF Sep 2026,Double Room,FB meal plan,2026-09-01,2026-09-30,Sep 2026,per kamar per malam,SAR,2195,2,2,1,WiFi/detail fasilitas dicek manual via WhatsApp,Ketersediaan akhir dan payment dilanjutkan manual via WhatsApp,4,2026-07-06,INACTIVE,Source: (Madina Hotel 2026) New Season Far East 15 June 20_260630_175141.pdf | Page: madina_page-02.png | Meal: FB | Source period text: 1 SEP 2026 TO,"Harga, pajak, dan availability final setelah admin cek manual ke hotel/OTA."
MADINAH,STANDARD,Hotel Hilton Madinah,,Alharmain PDF Sep 2026,Triple Room,FB meal plan,2026-09-01,2026-09-30,Sep 2026,per kamar per malam,SAR,2790,2,2,1,WiFi/detail fasilitas dicek manual via WhatsApp,Ketersediaan akhir dan payment dilanjutkan manual via WhatsApp,5,2026-07-06,INACTIVE,Source: (Madina Hotel 2026) New Season Far East 15 June 20_260630_175141.pdf | Page: madina_page-02.png | Meal: FB | Source period text: 1 SEP 2026 TO,"Harga, pajak, dan availability final setelah admin cek manual ke hotel/OTA."
MADINAH,STANDARD,Hotel Hilton Madinah,,Alharmain PDF 1 Nov - 18 Nov 2026,Single Room,FB meal plan,2026-11-01,2026-11-18,1 Nov - 18 Nov 2026,per kamar per malam,SAR,1855,2,2,1,WiFi/detail fasilitas dicek manual via WhatsApp,Ketersediaan akhir dan payment dilanjutkan manual via WhatsApp,6,2026-07-06,INACTIVE,Source: (Madina Hotel 2026) New Season Far East 15 June 20_260630_175141.pdf | Page: madina_page-02.png | Meal: FB | Source period text: 1 NOV 2026 TO 18 NOV 2026,"Harga, pajak, dan availability final setelah admin cek manual ke hotel/OTA."
MADINAH,STANDARD,Hotel Hilton Madinah,,Alharmain PDF 1 Nov - 18 Nov 2026,Double Room,FB meal plan,2026-11-01,2026-11-18,1 Nov - 18 Nov 2026,per kamar per malam,SAR,2260,2,2,1,WiFi/detail fasilitas dicek manual via WhatsApp,Ketersediaan akhir dan payment dilanjutkan manual via WhatsApp,7,2026-07-06,INACTIVE,Source: (Madina Hotel 2026) New Season Far East 15 June 20_260630_175141.pdf | Page: madina_page-02.png | Meal: FB | Source period text: 1 NOV 2026 TO 18 NOV 2026,"Harga, pajak, dan availability final setelah admin cek manual ke hotel/OTA."
MADINAH,STANDARD,Hotel Hilton Madinah,,Alharmain PDF 1 Nov - 18 Nov 2026,Triple Room,FB meal plan,2026-11-01,2026-11-18,1 Nov - 18 Nov 2026,per kamar per malam,SAR,2910,2,2,1,WiFi/detail fasilitas dicek manual via WhatsApp,Ketersediaan akhir dan payment dilanjutkan manual via WhatsApp,8,2026-07-06,INACTIVE,Source: (Madina Hotel 2026) New Season Far East 15 June 20_260630_175141.pdf | Page: madina_page-02.png | Meal: FB | Source period text: 1 NOV 2026 TO 18 NOV 2026,"Harga, pajak, dan availability final setelah admin cek manual ke hotel/OTA."
MADINAH,STANDARD,Hotel Hilton Madinah,,Alharmain PDF 19 Nov - 18 Dec 2026,Single Room,FB meal plan,2026-11-19,2026-12-18,19 Nov - 18 Dec 2026,per kamar per malam,SAR,2220,2,2,1,WiFi/detail fasilitas dicek manual via WhatsApp,Ketersediaan akhir dan payment dilanjutkan manual via WhatsApp,9,2026-07-06,INACTIVE,Source: (Madina Hotel 2026) New Season Far East 15 June 20_260630_175141.pdf | Page: madina_page-02.png | Meal: FB | Source period text: 19 NOV 2026 TO 18 DEC 2026,"Harga, pajak, dan availability final setelah admin cek manual ke hotel/OTA."
MADINAH,STANDARD,Hotel Hilton Madinah,,Alharmain PDF 19 Nov - 18 Dec 2026,Double Room,FB meal plan,2026-11-19,2026-12-18,19 Nov - 18 Dec 2026,per kamar per malam,SAR,2630,2,2,1,WiFi/detail fasilitas dicek manual via WhatsApp,Ketersediaan akhir dan payment dilanjutkan manual via WhatsApp,10,2026-07-06,INACTIVE,Source: (Madina Hotel 2026) New Season Far East 15 June 20_260630_175141.pdf | Page: madina_page-02.png | Meal: FB | Source period text: 19 NOV 2026 TO 18 DEC 2026,"Harga, pajak, dan availability final setelah admin cek manual ke hotel/OTA."
MADINAH,STANDARD,Hotel Hilton Madinah,,Alharmain PDF 19 Nov - 18 Dec 2026,Triple Room,FB meal plan,2026-11-19,2026-12-18,19 Nov - 18 Dec 2026,per kamar per malam,SAR,3280,2,2,1,WiFi/detail fasilitas dicek manual via WhatsApp,Ketersediaan akhir dan payment dilanjutkan manual via WhatsApp,11,2026-07-06,INACTIVE,Source: (Madina Hotel 2026) New Season Far East 15 June 20_260630_175141.pdf | Page: madina_page-02.png | Meal: FB | Source period text: 19 NOV 2026 TO 18 DEC 2026,"Harga, pajak, dan availability final setelah admin cek manual ke hotel/OTA."
MADINAH,STANDARD,Hotel Hilton Madinah,,Alharmain PDF 19 Dec 2026 - 11 Jan 2027,Single Room,FB meal plan,2026-12-19,2027-01-11,19 Dec 2026 - 11 Jan 2027,per kamar per malam,SAR,2775,2,2,1,WiFi/detail fasilitas dicek manual via WhatsApp,Ketersediaan akhir dan payment dilanjutkan manual via WhatsApp,12,2026-07-06,INACTIVE,Source: (Madina Hotel 2026) New Season Far East 15 June 20_260630_175141.pdf | Page: madina_page-02.png | Meal: FB | Source period text: 19 DEC 2026 TO 11 JAN 2027,"Harga, pajak, dan availability final setelah admin cek manual ke hotel/OTA."
MADINAH,STANDARD,Hotel Hilton Madinah,,Alharmain PDF 19 Dec 2026 - 11 Jan 2027,Double Room,FB meal plan,2026-12-19,2027-01-11,19 Dec 2026 - 11 Jan 2027,per kamar per malam,SAR,3180,2,2,1,WiFi/detail fasilitas dicek manual via WhatsApp,Ketersediaan akhir dan payment dilanjutkan manual via WhatsApp,13,2026-07-06,INACTIVE,Source: (Madina Hotel 2026) New Season Far East 15 June 20_260630_175141.pdf | Page: madina_page-02.png | Meal: FB | Source period text: 19 DEC 2026 TO 11 JAN 2027,"Harga, pajak, dan availability final setelah admin cek manual ke hotel/OTA."
MADINAH,STANDARD,Hotel Hilton Madinah,,Alharmain PDF 19 Dec 2026 - 11 Jan 2027,Triple Room,FB meal plan,2026-12-19,2027-01-11,19 Dec 2026 - 11 Jan 2027,per kamar per malam,SAR,3835,2,2,1,WiFi/detail fasilitas dicek manual via WhatsApp,Ketersediaan akhir dan payment dilanjutkan manual via WhatsApp,14,2026-07-06,INACTIVE,Source: (Madina Hotel 2026) New Season Far East 15 June 20_260630_175141.pdf | Page: madina_page-02.png | Meal: FB | Source period text: 19 DEC 2026 TO 11 JAN 2027,"Harga, pajak, dan availability final setelah admin cek manual ke hotel/OTA."
MADINAH,STANDARD,Hotel Hilton Madinah,,Alharmain PDF 12 Jan - 7 Feb 2027,Single Room,FB meal plan,2027-01-12,2027-02-07,12 Jan - 7 Feb 2027,per kamar per malam,SAR,2035,2,2,1,WiFi/detail fasilitas dicek manual via WhatsApp,Ketersediaan akhir dan payment dilanjutkan manual via WhatsApp,15,2026-07-06,INACTIVE,Source: (Madina Hotel 2026) New Season Far East 15 June 20_260630_175141.pdf | Page: madina_page-02.png | Meal: FB | Source period text: 12 JAN 2027 TO 7 FEB 2027,"Harga, pajak, dan availability final setelah admin cek manual ke hotel/OTA."
MADINAH,STANDARD,Hotel Hilton Madinah,,Alharmain PDF 12 Jan - 7 Feb 2027,Double Room,FB meal plan,2027-01-12,2027-02-07,12 Jan - 7 Feb 2027,per kamar per malam,SAR,2445,2,2,1,WiFi/detail fasilitas dicek manual via WhatsApp,Ketersediaan akhir dan payment dilanjutkan manual via WhatsApp,16,2026-07-06,INACTIVE,Source: (Madina Hotel 2026) New Season Far East 15 June 20_260630_175141.pdf | Page: madina_page-02.png | Meal: FB | Source period text: 12 JAN 2027 TO 7 FEB 2027,"Harga, pajak, dan availability final setelah admin cek manual ke hotel/OTA."
MADINAH,STANDARD,Hotel Hilton Madinah,,Alharmain PDF 12 Jan - 7 Feb 2027,Triple Room,FB meal plan,2027-01-12,2027-02-07,12 Jan - 7 Feb 2027,per kamar per malam,SAR,3095,2,2,1,WiFi/detail fasilitas dicek manual via WhatsApp,Ketersediaan akhir dan payment dilanjutkan manual via WhatsApp,17,2026-07-06,INACTIVE,Source: (Madina Hotel 2026) New Season Far East 15 June 20_260630_175141.pdf | Page: madina_page-02.png | Meal: FB | Source period text: 12 JAN 2027 TO 7 FEB 2027,"Harga, pajak, dan availability final setelah admin cek manual ke hotel/OTA."
MADINAH,STANDARD,Hotel Dar Al Taqwa,,Alharmain PDF 5 Jun - 30 Aug 2026,Double Room,FB meal plan,2026-06-05,2026-08-30,5 Jun - 30 Aug 2026,per kamar per malam,SAR,2060,2,2,1,WiFi/detail fasilitas dicek manual via WhatsApp,Ketersediaan akhir dan payment dilanjutkan manual via WhatsApp,18,2026-07-06,INACTIVE,Source: (Madina Hotel 2026) New Season Far East 15 June 20_260630_175141.pdf | Page: madina_page-02.png | Meal: FB | Source period text: 5 JUNE 2026 TO 30 AUGUST 2026,"Harga, pajak, dan availability final setelah admin cek manual ke hotel/OTA."
MADINAH,STANDARD,Hotel Dar Al Taqwa,,Alharmain PDF 5 Jun - 30 Aug 2026,Triple Room,FB meal plan,2026-06-05,2026-08-30,5 Jun - 30 Aug 2026,per kamar per malam,SAR,2950,2,2,1,WiFi/detail fasilitas dicek manual via WhatsApp,Ketersediaan akhir dan payment dilanjutkan manual via WhatsApp,19,2026-07-06,INACTIVE,Source: (Madina Hotel 2026) New Season Far East 15 June 20_260630_175141.pdf | Page: madina_page-02.png | Meal: FB | Source period text: 5 JUNE 2026 TO 30 AUGUST 2026,"Harga, pajak, dan availability final setelah admin cek manual ke hotel/OTA."
MADINAH,STANDARD,Hotel Dar Al Taqwa,,Alharmain PDF 5 Jun - 30 Aug 2026,Quad Room,FB meal plan,2026-06-05,2026-08-30,5 Jun - 30 Aug 2026,per kamar per malam,SAR,3840,2,2,1,WiFi/detail fasilitas dicek manual via WhatsApp,Ketersediaan akhir dan payment dilanjutkan manual via WhatsApp,20,2026-07-06,INACTIVE,Source: (Madina Hotel 2026) New Season Far East 15 June 20_260630_175141.pdf | Page: madina_page-02.png | Meal: FB | Source period text: 5 JUNE 2026 TO 30 AUGUST 2026,"Harga, pajak, dan availability final setelah admin cek manual ke hotel/OTA."
MADINAH,STANDARD,Hotel Dar Al Taqwa,,Alharmain PDF 30 Aug - 23 Sep 2026,Double Room,FB meal plan,2026-08-30,2026-09-23,30 Aug - 23 Sep 2026,per kamar per malam,SAR,2500,2,2,1,WiFi/detail fasilitas dicek manual via WhatsApp,Ketersediaan akhir dan payment dilanjutkan manual via WhatsApp,21,2026-07-06,INACTIVE,Source: (Madina Hotel 2026) New Season Far East 15 June 20_260630_175141.pdf | Page: madina_page-02.png | Meal: FB | Source period text: 30 AUGUST 2026 TO 23 SEP 2026,"Harga, pajak, dan availability final setelah admin cek manual ke hotel/OTA."
MADINAH,STANDARD,Hotel Dar Al Taqwa,,Alharmain PDF 30 Aug - 23 Sep 2026,Triple Room,FB meal plan,2026-08-30,2026-09-23,30 Aug - 23 Sep 2026,per kamar per malam,SAR,3390,2,2,1,WiFi/detail fasilitas dicek manual via WhatsApp,Ketersediaan akhir dan payment dilanjutkan manual via WhatsApp,22,2026-07-06,INACTIVE,Source: (Madina Hotel 2026) New Season Far East 15 June 20_260630_175141.pdf | Page: madina_page-02.png | Meal: FB | Source period text: 30 AUGUST 2026 TO 23 SEP 2026,"Harga, pajak, dan availability final setelah admin cek manual ke hotel/OTA."
MADINAH,STANDARD,Hotel Dar Al Taqwa,,Alharmain PDF 30 Aug - 23 Sep 2026,Quad Room,FB meal plan,2026-08-30,2026-09-23,30 Aug - 23 Sep 2026,per kamar per malam,SAR,4280,2,2,1,WiFi/detail fasilitas dicek manual via WhatsApp,Ketersediaan akhir dan payment dilanjutkan manual via WhatsApp,23,2026-07-06,INACTIVE,Source: (Madina Hotel 2026) New Season Far East 15 June 20_260630_175141.pdf | Page: madina_page-02.png | Meal: FB | Source period text: 30 AUGUST 2026 TO 23 SEP 2026,"Harga, pajak, dan availability final setelah admin cek manual ke hotel/OTA."
MADINAH,STANDARD,Hotel Dar Al Taqwa,,Alharmain PDF 23 Sep - 27 Sep 2026,Double Room,FB meal plan,2026-09-23,2026-09-27,23 Sep - 27 Sep 2026,per kamar per malam,SAR,2750,2,2,1,WiFi/detail fasilitas dicek manual via WhatsApp,Ketersediaan akhir dan payment dilanjutkan manual via WhatsApp,24,2026-07-06,INACTIVE,Source: (Madina Hotel 2026) New Season Far East 15 June 20_260630_175141.pdf | Page: madina_page-02.png | Meal: FB | Source period text: 23 SEP 2026 TO 27 SEP 2026,"Harga, pajak, dan availability final setelah admin cek manual ke hotel/OTA."
MADINAH,STANDARD,Hotel Dar Al Taqwa,,Alharmain PDF 23 Sep - 27 Sep 2026,Triple Room,FB meal plan,2026-09-23,2026-09-27,23 Sep - 27 Sep 2026,per kamar per malam,SAR,3640,2,2,1,WiFi/detail fasilitas dicek manual via WhatsApp,Ketersediaan akhir dan payment dilanjutkan manual via WhatsApp,25,2026-07-06,INACTIVE,Source: (Madina Hotel 2026) New Season Far East 15 June 20_260630_175141.pdf | Page: madina_page-02.png | Meal: FB | Source period text: 23 SEP 2026 TO 27 SEP 2026,"Harga, pajak, dan availability final setelah admin cek manual ke hotel/OTA."
MADINAH,STANDARD,Hotel Dar Al Taqwa,,Alharmain PDF 23 Sep - 27 Sep 2026,Quad Room,FB meal plan,2026-09-23,2026-09-27,23 Sep - 27 Sep 2026,per kamar per malam,SAR,4530,2,2,1,WiFi/detail fasilitas dicek manual via WhatsApp,Ketersediaan akhir dan payment dilanjutkan manual via WhatsApp,26,2026-07-06,INACTIVE,Source: (Madina Hotel 2026) New Season Far East 15 June 20_260630_175141.pdf | Page: madina_page-02.png | Meal: FB | Source period text: 23 SEP 2026 TO 27 SEP 2026,"Harga, pajak, dan availability final setelah admin cek manual ke hotel/OTA."
MADINAH,STANDARD,Hotel Dar Al Taqwa,,Alharmain PDF 27 Sep - 22 Oct 2026,Double Room,FB meal plan,2026-09-27,2026-10-22,27 Sep - 22 Oct 2026,per kamar per malam,SAR,2500,2,2,1,WiFi/detail fasilitas dicek manual via WhatsApp,Ketersediaan akhir dan payment dilanjutkan manual via WhatsApp,27,2026-07-06,INACTIVE,Source: (Madina Hotel 2026) New Season Far East 15 June 20_260630_175141.pdf | Page: madina_page-02.png | Meal: FB | Source period text: 27 SEP 2026 TO 22 OCT 2026,"Harga, pajak, dan availability final setelah admin cek manual ke hotel/OTA."
MADINAH,STANDARD,Hotel Dar Al Taqwa,,Alharmain PDF 27 Sep - 22 Oct 2026,Triple Room,FB meal plan,2026-09-27,2026-10-22,27 Sep - 22 Oct 2026,per kamar per malam,SAR,3390,2,2,1,WiFi/detail fasilitas dicek manual via WhatsApp,Ketersediaan akhir dan payment dilanjutkan manual via WhatsApp,28,2026-07-06,INACTIVE,Source: (Madina Hotel 2026) New Season Far East 15 June 20_260630_175141.pdf | Page: madina_page-02.png | Meal: FB | Source period text: 27 SEP 2026 TO 22 OCT 2026,"Harga, pajak, dan availability final setelah admin cek manual ke hotel/OTA."
MADINAH,STANDARD,Hotel Dar Al Taqwa,,Alharmain PDF 27 Sep - 22 Oct 2026,Quad Room,FB meal plan,2026-09-27,2026-10-22,27 Sep - 22 Oct 2026,per kamar per malam,SAR,4280,2,2,1,WiFi/detail fasilitas dicek manual via WhatsApp,Ketersediaan akhir dan payment dilanjutkan manual via WhatsApp,29,2026-07-06,INACTIVE,Source: (Madina Hotel 2026) New Season Far East 15 June 20_260630_175141.pdf | Page: madina_page-02.png | Meal: FB | Source period text: 27 SEP 2026 TO 22 OCT 2026,"Harga, pajak, dan availability final setelah admin cek manual ke hotel/OTA."
MADINAH,STANDARD,Hotel Burj Al Madinah,,Alharmain PDF 25 Jun - 30 Sep 2026,Double Room,FB meal plan,2026-06-25,2026-09-30,25 Jun - 30 Sep 2026,per kamar per malam,SAR,1030,2,2,1,WiFi/detail fasilitas dicek manual via WhatsApp,Ketersediaan akhir dan payment dilanjutkan manual via WhatsApp,30,2026-07-06,INACTIVE,Source: (Madina Hotel 2026) New Season Far East 15 June 20_260630_175141.pdf | Page: madina_page-02.png | Meal: FB | Source period text: 25 JUNE 2026 TO 30 SEP 2026,"Harga, pajak, dan availability final setelah admin cek manual ke hotel/OTA."
MADINAH,STANDARD,Hotel Burj Al Madinah,,Alharmain PDF 25 Jun - 30 Sep 2026,Triple Room,FB meal plan,2026-06-25,2026-09-30,25 Jun - 30 Sep 2026,per kamar per malam,SAR,1280,2,2,1,WiFi/detail fasilitas dicek manual via WhatsApp,Ketersediaan akhir dan payment dilanjutkan manual via WhatsApp,31,2026-07-06,INACTIVE,Source: (Madina Hotel 2026) New Season Far East 15 June 20_260630_175141.pdf | Page: madina_page-02.png | Meal: FB | Source period text: 25 JUNE 2026 TO 30 SEP 2026,"Harga, pajak, dan availability final setelah admin cek manual ke hotel/OTA."
MADINAH,STANDARD,Hotel Burj Al Madinah,,Alharmain PDF 25 Jun - 30 Sep 2026,Quad Room,FB meal plan,2026-06-25,2026-09-30,25 Jun - 30 Sep 2026,per kamar per malam,SAR,1530,2,2,1,WiFi/detail fasilitas dicek manual via WhatsApp,Ketersediaan akhir dan payment dilanjutkan manual via WhatsApp,32,2026-07-06,INACTIVE,Source: (Madina Hotel 2026) New Season Far East 15 June 20_260630_175141.pdf | Page: madina_page-02.png | Meal: FB | Source period text: 25 JUNE 2026 TO 30 SEP 2026,"Harga, pajak, dan availability final setelah admin cek manual ke hotel/OTA."
MADINAH,STANDARD,Hotel Burj Al Madinah,,Alharmain PDF 1 Oct - 5 Nov 2026,Double Room,FB meal plan,2026-10-01,2026-11-05,1 Oct - 5 Nov 2026,per kamar per malam,SAR,1080,2,2,1,WiFi/detail fasilitas dicek manual via WhatsApp,Ketersediaan akhir dan payment dilanjutkan manual via WhatsApp,33,2026-07-06,INACTIVE,Source: (Madina Hotel 2026) New Season Far East 15 June 20_260630_175141.pdf | Page: madina_page-02.png | Meal: FB | Source period text: 1 OCT 2026 TO 5 NOV 2026,"Harga, pajak, dan availability final setelah admin cek manual ke hotel/OTA."
MADINAH,STANDARD,Hotel Burj Al Madinah,,Alharmain PDF 1 Oct - 5 Nov 2026,Triple Room,FB meal plan,2026-10-01,2026-11-05,1 Oct - 5 Nov 2026,per kamar per malam,SAR,1330,2,2,1,WiFi/detail fasilitas dicek manual via WhatsApp,Ketersediaan akhir dan payment dilanjutkan manual via WhatsApp,34,2026-07-06,INACTIVE,Source: (Madina Hotel 2026) New Season Far East 15 June 20_260630_175141.pdf | Page: madina_page-02.png | Meal: FB | Source period text: 1 OCT 2026 TO 5 NOV 2026,"Harga, pajak, dan availability final setelah admin cek manual ke hotel/OTA."
MADINAH,STANDARD,Hotel Burj Al Madinah,,Alharmain PDF 1 Oct - 5 Nov 2026,Quad Room,FB meal plan,2026-10-01,2026-11-05,1 Oct - 5 Nov 2026,per kamar per malam,SAR,1580,2,2,1,WiFi/detail fasilitas dicek manual via WhatsApp,Ketersediaan akhir dan payment dilanjutkan manual via WhatsApp,35,2026-07-06,INACTIVE,Source: (Madina Hotel 2026) New Season Far East 15 June 20_260630_175141.pdf | Page: madina_page-02.png | Meal: FB | Source period text: 1 OCT 2026 TO 5 NOV 2026,"Harga, pajak, dan availability final setelah admin cek manual ke hotel/OTA."
MADINAH,STANDARD,Hotel Burj Al Madinah,,Alharmain PDF 6 Nov - 15 Dec 2026,Double Room,FB meal plan,2026-11-06,2026-12-15,6 Nov - 15 Dec 2026,per kamar per malam,SAR,1680,2,2,1,WiFi/detail fasilitas dicek manual via WhatsApp,Ketersediaan akhir dan payment dilanjutkan manual via WhatsApp,36,2026-07-06,INACTIVE,Source: (Madina Hotel 2026) New Season Far East 15 June 20_260630_175141.pdf | Page: madina_page-02.png | Meal: FB | Source period text: 6 NOV 2026 TO 15 DEC 2026,"Harga, pajak, dan availability final setelah admin cek manual ke hotel/OTA."
MADINAH,STANDARD,Hotel Burj Al Madinah,,Alharmain PDF 6 Nov - 15 Dec 2026,Triple Room,FB meal plan,2026-11-06,2026-12-15,6 Nov - 15 Dec 2026,per kamar per malam,SAR,1930,2,2,1,WiFi/detail fasilitas dicek manual via WhatsApp,Ketersediaan akhir dan payment dilanjutkan manual via WhatsApp,37,2026-07-06,INACTIVE,Source: (Madina Hotel 2026) New Season Far East 15 June 20_260630_175141.pdf | Page: madina_page-02.png | Meal: FB | Source period text: 6 NOV 2026 TO 15 DEC 2026,"Harga, pajak, dan availability final setelah admin cek manual ke hotel/OTA."
MADINAH,STANDARD,Hotel Burj Al Madinah,,Alharmain PDF 6 Nov - 15 Dec 2026,Quad Room,FB meal plan,2026-11-06,2026-12-15,6 Nov - 15 Dec 2026,per kamar per malam,SAR,2180,2,2,1,WiFi/detail fasilitas dicek manual via WhatsApp,Ketersediaan akhir dan payment dilanjutkan manual via WhatsApp,38,2026-07-06,INACTIVE,Source: (Madina Hotel 2026) New Season Far East 15 June 20_260630_175141.pdf | Page: madina_page-02.png | Meal: FB | Source period text: 6 NOV 2026 TO 15 DEC 2026,"Harga, pajak, dan availability final setelah admin cek manual ke hotel/OTA."
MADINAH,STANDARD,Hotel Burj Al Madinah,,Alharmain PDF 16 Dec 2026 - 5 Jan 2027,Double Room,FB meal plan,2026-12-16,2027-01-05,16 Dec 2026 - 5 Jan 2027,per kamar per malam,SAR,1800,2,2,1,WiFi/detail fasilitas dicek manual via WhatsApp,Ketersediaan akhir dan payment dilanjutkan manual via WhatsApp,39,2026-07-06,INACTIVE,Source: (Madina Hotel 2026) New Season Far East 15 June 20_260630_175141.pdf | Page: madina_page-02.png | Meal: FB | Source period text: 16 DEC 2026 TO 5 JAN 2027,"Harga, pajak, dan availability final setelah admin cek manual ke hotel/OTA."
MADINAH,STANDARD,Hotel Burj Al Madinah,,Alharmain PDF 16 Dec 2026 - 5 Jan 2027,Triple Room,FB meal plan,2026-12-16,2027-01-05,16 Dec 2026 - 5 Jan 2027,per kamar per malam,SAR,2050,2,2,1,WiFi/detail fasilitas dicek manual via WhatsApp,Ketersediaan akhir dan payment dilanjutkan manual via WhatsApp,40,2026-07-06,INACTIVE,Source: (Madina Hotel 2026) New Season Far East 15 June 20_260630_175141.pdf | Page: madina_page-02.png | Meal: FB | Source period text: 16 DEC 2026 TO 5 JAN 2027,"Harga, pajak, dan availability final setelah admin cek manual ke hotel/OTA."
MADINAH,STANDARD,Hotel Burj Al Madinah,,Alharmain PDF 16 Dec 2026 - 5 Jan 2027,Quad Room,FB meal plan,2026-12-16,2027-01-05,16 Dec 2026 - 5 Jan 2027,per kamar per malam,SAR,2300,2,2,1,WiFi/detail fasilitas dicek manual via WhatsApp,Ketersediaan akhir dan payment dilanjutkan manual via WhatsApp,41,2026-07-06,INACTIVE,Source: (Madina Hotel 2026) New Season Far East 15 June 20_260630_175141.pdf | Page: madina_page-02.png | Meal: FB | Source period text: 16 DEC 2026 TO 5 JAN 2027,"Harga, pajak, dan availability final setelah admin cek manual ke hotel/OTA."
MADINAH,STANDARD,Hotel Burj Al Madinah,,Alharmain PDF 6 Jan - 7 Feb 2027,Double Room,FB meal plan,2027-01-06,2027-02-07,6 Jan - 7 Feb 2027,per kamar per malam,SAR,1680,2,2,1,WiFi/detail fasilitas dicek manual via WhatsApp,Ketersediaan akhir dan payment dilanjutkan manual via WhatsApp,42,2026-07-06,INACTIVE,Source: (Madina Hotel 2026) New Season Far East 15 June 20_260630_175141.pdf | Page: madina_page-02.png | Meal: FB | Source period text: 6 JAN 2027 TO 7 FEB 2027,"Harga, pajak, dan availability final setelah admin cek manual ke hotel/OTA."
MADINAH,STANDARD,Hotel Burj Al Madinah,,Alharmain PDF 6 Jan - 7 Feb 2027,Triple Room,FB meal plan,2027-01-06,2027-02-07,6 Jan - 7 Feb 2027,per kamar per malam,SAR,1930,2,2,1,WiFi/detail fasilitas dicek manual via WhatsApp,Ketersediaan akhir dan payment dilanjutkan manual via WhatsApp,43,2026-07-06,INACTIVE,Source: (Madina Hotel 2026) New Season Far East 15 June 20_260630_175141.pdf | Page: madina_page-02.png | Meal: FB | Source period text: 6 JAN 2027 TO 7 FEB 2027,"Harga, pajak, dan availability final setelah admin cek manual ke hotel/OTA."
MADINAH,STANDARD,Hotel Burj Al Madinah,,Alharmain PDF 6 Jan - 7 Feb 2027,Quad Room,FB meal plan,2027-01-06,2027-02-07,6 Jan - 7 Feb 2027,per kamar per malam,SAR,2180,2,2,1,WiFi/detail fasilitas dicek manual via WhatsApp,Ketersediaan akhir dan payment dilanjutkan manual via WhatsApp,44,2026-07-06,INACTIVE,Source: (Madina Hotel 2026) New Season Far East 15 June 20_260630_175141.pdf | Page: madina_page-02.png | Meal: FB | Source period text: 6 JAN 2027 TO 7 FEB 2027,"Harga, pajak, dan availability final setelah admin cek manual ke hotel/OTA."
MADINAH,STANDARD,Hotel Le Bosphorus,,Alharmain PDF 16 Jun - 14 Aug 2026,Double Room,HB meal plan,2026-06-16,2026-08-14,16 Jun - 14 Aug 2026,per kamar per malam,SAR,865,2,2,1,WiFi/detail fasilitas dicek manual via WhatsApp,Ketersediaan akhir dan payment dilanjutkan manual via WhatsApp,45,2026-07-06,INACTIVE,Source: (Madina Hotel 2026) New Season Far East 15 June 20_260630_175141.pdf | Page: madina_page-03.png | Meal: HB | Source period text: 16 JUNE 2026 TO 14 AUGUST 2026,"Harga, pajak, dan availability final setelah admin cek manual ke hotel/OTA."
MADINAH,STANDARD,Hotel Le Bosphorus,,Alharmain PDF 16 Jun - 14 Aug 2026,Triple Room,HB meal plan,2026-06-16,2026-08-14,16 Jun - 14 Aug 2026,per kamar per malam,SAR,985,2,2,1,WiFi/detail fasilitas dicek manual via WhatsApp,Ketersediaan akhir dan payment dilanjutkan manual via WhatsApp,46,2026-07-06,INACTIVE,Source: (Madina Hotel 2026) New Season Far East 15 June 20_260630_175141.pdf | Page: madina_page-03.png | Meal: HB | Source period text: 16 JUNE 2026 TO 14 AUGUST 2026,"Harga, pajak, dan availability final setelah admin cek manual ke hotel/OTA."
MADINAH,STANDARD,Hotel Le Bosphorus,,Alharmain PDF 16 Jun - 14 Aug 2026,Quad Room,HB meal plan,2026-06-16,2026-08-14,16 Jun - 14 Aug 2026,per kamar per malam,SAR,1110,2,2,1,WiFi/detail fasilitas dicek manual via WhatsApp,Ketersediaan akhir dan payment dilanjutkan manual via WhatsApp,47,2026-07-06,INACTIVE,Source: (Madina Hotel 2026) New Season Far East 15 June 20_260630_175141.pdf | Page: madina_page-03.png | Meal: HB | Source period text: 16 JUNE 2026 TO 14 AUGUST 2026,"Harga, pajak, dan availability final setelah admin cek manual ke hotel/OTA."
MADINAH,STANDARD,Hotel Le Bosphorus,,Alharmain PDF 14 Aug - 15 Sep 2026,Double Room,HB meal plan,2026-08-14,2026-09-15,14 Aug - 15 Sep 2026,per kamar per malam,SAR,985,2,2,1,WiFi/detail fasilitas dicek manual via WhatsApp,Ketersediaan akhir dan payment dilanjutkan manual via WhatsApp,48,2026-07-06,INACTIVE,Source: (Madina Hotel 2026) New Season Far East 15 June 20_260630_175141.pdf | Page: madina_page-03.png | Meal: HB | Source period text: 14 AUGUST 2026 TO 15 SEP 2026,"Harga, pajak, dan availability final setelah admin cek manual ke hotel/OTA."
MADINAH,STANDARD,Hotel Le Bosphorus,,Alharmain PDF 14 Aug - 15 Sep 2026,Triple Room,HB meal plan,2026-08-14,2026-09-15,14 Aug - 15 Sep 2026,per kamar per malam,SAR,1110,2,2,1,WiFi/detail fasilitas dicek manual via WhatsApp,Ketersediaan akhir dan payment dilanjutkan manual via WhatsApp,49,2026-07-06,INACTIVE,Source: (Madina Hotel 2026) New Season Far East 15 June 20_260630_175141.pdf | Page: madina_page-03.png | Meal: HB | Source period text: 14 AUGUST 2026 TO 15 SEP 2026,"Harga, pajak, dan availability final setelah admin cek manual ke hotel/OTA."
MADINAH,STANDARD,Hotel Le Bosphorus,,Alharmain PDF 14 Aug - 15 Sep 2026,Quad Room,HB meal plan,2026-08-14,2026-09-15,14 Aug - 15 Sep 2026,per kamar per malam,SAR,1230,2,2,1,WiFi/detail fasilitas dicek manual via WhatsApp,Ketersediaan akhir dan payment dilanjutkan manual via WhatsApp,50,2026-07-06,INACTIVE,Source: (Madina Hotel 2026) New Season Far East 15 June 20_260630_175141.pdf | Page: madina_page-03.png | Meal: HB | Source period text: 14 AUGUST 2026 TO 15 SEP 2026,"Harga, pajak, dan availability final setelah admin cek manual ke hotel/OTA."
MADINAH,STANDARD,Hotel Le Bosphorus,,Alharmain PDF 15 Sep - 1 Nov 2026,Double Room,HB meal plan,2026-09-15,2026-11-01,15 Sep - 1 Nov 2026,per kamar per malam,SAR,1110,2,2,1,WiFi/detail fasilitas dicek manual via WhatsApp,Ketersediaan akhir dan payment dilanjutkan manual via WhatsApp,51,2026-07-06,INACTIVE,Source: (Madina Hotel 2026) New Season Far East 15 June 20_260630_175141.pdf | Page: madina_page-03.png | Meal: HB | Source period text: 15 SEP 2026 TO 1 NOV 2026,"Harga, pajak, dan availability final setelah admin cek manual ke hotel/OTA."
MADINAH,STANDARD,Hotel Le Bosphorus,,Alharmain PDF 15 Sep - 1 Nov 2026,Triple Room,HB meal plan,2026-09-15,2026-11-01,15 Sep - 1 Nov 2026,per kamar per malam,SAR,1230,2,2,1,WiFi/detail fasilitas dicek manual via WhatsApp,Ketersediaan akhir dan payment dilanjutkan manual via WhatsApp,52,2026-07-06,INACTIVE,Source: (Madina Hotel 2026) New Season Far East 15 June 20_260630_175141.pdf | Page: madina_page-03.png | Meal: HB | Source period text: 15 SEP 2026 TO 1 NOV 2026,"Harga, pajak, dan availability final setelah admin cek manual ke hotel/OTA."
MADINAH,STANDARD,Hotel Le Bosphorus,,Alharmain PDF 15 Sep - 1 Nov 2026,Quad Room,HB meal plan,2026-09-15,2026-11-01,15 Sep - 1 Nov 2026,per kamar per malam,SAR,1355,2,2,1,WiFi/detail fasilitas dicek manual via WhatsApp,Ketersediaan akhir dan payment dilanjutkan manual via WhatsApp,53,2026-07-06,INACTIVE,Source: (Madina Hotel 2026) New Season Far East 15 June 20_260630_175141.pdf | Page: madina_page-03.png | Meal: HB | Source period text: 15 SEP 2026 TO 1 NOV 2026,"Harga, pajak, dan availability final setelah admin cek manual ke hotel/OTA."
MADINAH,STANDARD,Hotel Le Bosphorus,,Alharmain PDF 1 Nov - 15 Dec 2026,Double Room,HB meal plan,2026-11-01,2026-12-15,1 Nov - 15 Dec 2026,per kamar per malam,SAR,1140,2,2,1,WiFi/detail fasilitas dicek manual via WhatsApp,Ketersediaan akhir dan payment dilanjutkan manual via WhatsApp,54,2026-07-06,INACTIVE,Source: (Madina Hotel 2026) New Season Far East 15 June 20_260630_175141.pdf | Page: madina_page-03.png | Meal: HB | Source period text: 1 NOV 2026 TO 15 DEC 2026,"Harga, pajak, dan availability final setelah admin cek manual ke hotel/OTA."
MADINAH,STANDARD,Hotel Le Bosphorus,,Alharmain PDF 1 Nov - 15 Dec 2026,Triple Room,HB meal plan,2026-11-01,2026-12-15,1 Nov - 15 Dec 2026,per kamar per malam,SAR,1260,2,2,1,WiFi/detail fasilitas dicek manual via WhatsApp,Ketersediaan akhir dan payment dilanjutkan manual via WhatsApp,55,2026-07-06,INACTIVE,Source: (Madina Hotel 2026) New Season Far East 15 June 20_260630_175141.pdf | Page: madina_page-03.png | Meal: HB | Source period text: 1 NOV 2026 TO 15 DEC 2026,"Harga, pajak, dan availability final setelah admin cek manual ke hotel/OTA."
MADINAH,STANDARD,Hotel Le Bosphorus,,Alharmain PDF 1 Nov - 15 Dec 2026,Quad Room,HB meal plan,2026-11-01,2026-12-15,1 Nov - 15 Dec 2026,per kamar per malam,SAR,1383,2,2,1,WiFi/detail fasilitas dicek manual via WhatsApp,Ketersediaan akhir dan payment dilanjutkan manual via WhatsApp,56,2026-07-06,INACTIVE,Source: (Madina Hotel 2026) New Season Far East 15 June 20_260630_175141.pdf | Page: madina_page-03.png | Meal: HB | Source period text: 1 NOV 2026 TO 15 DEC 2026,"Harga, pajak, dan availability final setelah admin cek manual ke hotel/OTA."
MADINAH,STANDARD,Hotel Le Bosphorus,,Alharmain PDF 15 Dec 2026 - 8 Feb 2027,Double Room,HB meal plan,2026-12-15,2027-02-08,15 Dec 2026 - 8 Feb 2027,per kamar per malam,SAR,1570,2,2,1,WiFi/detail fasilitas dicek manual via WhatsApp,Ketersediaan akhir dan payment dilanjutkan manual via WhatsApp,57,2026-07-06,INACTIVE,Source: (Madina Hotel 2026) New Season Far East 15 June 20_260630_175141.pdf | Page: madina_page-03.png | Meal: HB | Source period text: 15 DEC 2026 TO 8 FEB 2027,"Harga, pajak, dan availability final setelah admin cek manual ke hotel/OTA."
MADINAH,STANDARD,Hotel Le Bosphorus,,Alharmain PDF 15 Dec 2026 - 8 Feb 2027,Triple Room,HB meal plan,2026-12-15,2027-02-08,15 Dec 2026 - 8 Feb 2027,per kamar per malam,SAR,1695,2,2,1,WiFi/detail fasilitas dicek manual via WhatsApp,Ketersediaan akhir dan payment dilanjutkan manual via WhatsApp,58,2026-07-06,INACTIVE,Source: (Madina Hotel 2026) New Season Far East 15 June 20_260630_175141.pdf | Page: madina_page-03.png | Meal: HB | Source period text: 15 DEC 2026 TO 8 FEB 2027,"Harga, pajak, dan availability final setelah admin cek manual ke hotel/OTA."
MADINAH,STANDARD,Hotel Le Bosphorus,,Alharmain PDF 15 Dec 2026 - 8 Feb 2027,Quad Room,HB meal plan,2026-12-15,2027-02-08,15 Dec 2026 - 8 Feb 2027,per kamar per malam,SAR,1815,2,2,1,WiFi/detail fasilitas dicek manual via WhatsApp,Ketersediaan akhir dan payment dilanjutkan manual via WhatsApp,59,2026-07-06,INACTIVE,Source: (Madina Hotel 2026) New Season Far East 15 June 20_260630_175141.pdf | Page: madina_page-03.png | Meal: HB | Source period text: 15 DEC 2026 TO 8 FEB 2027,"Harga, pajak, dan availability final setelah admin cek manual ke hotel/OTA."
MADINAH,STANDARD,Hotel Waqf Al Safi,,Alharmain PDF 16 Jun - 14 Aug 2026,Double Room,HB meal plan,2026-06-16,2026-08-14,16 Jun - 14 Aug 2026,per kamar per malam,SAR,865,2,2,1,WiFi/detail fasilitas dicek manual via WhatsApp,Ketersediaan akhir dan payment dilanjutkan manual via WhatsApp,60,2026-07-06,INACTIVE,Source: (Madina Hotel 2026) New Season Far East 15 June 20_260630_175141.pdf | Page: madina_page-03.png | Meal: HB | Source period text: 16 JUNE 2026 TO 14 AUGUST 2026,"Harga, pajak, dan availability final setelah admin cek manual ke hotel/OTA."
MADINAH,STANDARD,Hotel Waqf Al Safi,,Alharmain PDF 16 Jun - 14 Aug 2026,Triple Room,HB meal plan,2026-06-16,2026-08-14,16 Jun - 14 Aug 2026,per kamar per malam,SAR,985,2,2,1,WiFi/detail fasilitas dicek manual via WhatsApp,Ketersediaan akhir dan payment dilanjutkan manual via WhatsApp,61,2026-07-06,INACTIVE,Source: (Madina Hotel 2026) New Season Far East 15 June 20_260630_175141.pdf | Page: madina_page-03.png | Meal: HB | Source period text: 16 JUNE 2026 TO 14 AUGUST 2026,"Harga, pajak, dan availability final setelah admin cek manual ke hotel/OTA."
MADINAH,STANDARD,Hotel Waqf Al Safi,,Alharmain PDF 16 Jun - 14 Aug 2026,Quad Room,HB meal plan,2026-06-16,2026-08-14,16 Jun - 14 Aug 2026,per kamar per malam,SAR,1110,2,2,1,WiFi/detail fasilitas dicek manual via WhatsApp,Ketersediaan akhir dan payment dilanjutkan manual via WhatsApp,62,2026-07-06,INACTIVE,Source: (Madina Hotel 2026) New Season Far East 15 June 20_260630_175141.pdf | Page: madina_page-03.png | Meal: HB | Source period text: 16 JUNE 2026 TO 14 AUGUST 2026,"Harga, pajak, dan availability final setelah admin cek manual ke hotel/OTA."
MADINAH,STANDARD,Hotel Waqf Al Safi,,Alharmain PDF 14 Aug - 15 Sep 2026,Double Room,HB meal plan,2026-08-14,2026-09-15,14 Aug - 15 Sep 2026,per kamar per malam,SAR,985,2,2,1,WiFi/detail fasilitas dicek manual via WhatsApp,Ketersediaan akhir dan payment dilanjutkan manual via WhatsApp,63,2026-07-06,INACTIVE,Source: (Madina Hotel 2026) New Season Far East 15 June 20_260630_175141.pdf | Page: madina_page-03.png | Meal: HB | Source period text: 14 AUGUST 2026 TO 15 SEP 2026,"Harga, pajak, dan availability final setelah admin cek manual ke hotel/OTA."
MADINAH,STANDARD,Hotel Waqf Al Safi,,Alharmain PDF 14 Aug - 15 Sep 2026,Triple Room,HB meal plan,2026-08-14,2026-09-15,14 Aug - 15 Sep 2026,per kamar per malam,SAR,1110,2,2,1,WiFi/detail fasilitas dicek manual via WhatsApp,Ketersediaan akhir dan payment dilanjutkan manual via WhatsApp,64,2026-07-06,INACTIVE,Source: (Madina Hotel 2026) New Season Far East 15 June 20_260630_175141.pdf | Page: madina_page-03.png | Meal: HB | Source period text: 14 AUGUST 2026 TO 15 SEP 2026,"Harga, pajak, dan availability final setelah admin cek manual ke hotel/OTA."
MADINAH,STANDARD,Hotel Waqf Al Safi,,Alharmain PDF 14 Aug - 15 Sep 2026,Quad Room,HB meal plan,2026-08-14,2026-09-15,14 Aug - 15 Sep 2026,per kamar per malam,SAR,1230,2,2,1,WiFi/detail fasilitas dicek manual via WhatsApp,Ketersediaan akhir dan payment dilanjutkan manual via WhatsApp,65,2026-07-06,INACTIVE,Source: (Madina Hotel 2026) New Season Far East 15 June 20_260630_175141.pdf | Page: madina_page-03.png | Meal: HB | Source period text: 14 AUGUST 2026 TO 15 SEP 2026,"Harga, pajak, dan availability final setelah admin cek manual ke hotel/OTA."
MADINAH,STANDARD,Hotel Waqf Al Safi,,Alharmain PDF 15 Sep - 1 Nov 2026,Double Room,HB meal plan,2026-09-15,2026-11-01,15 Sep - 1 Nov 2026,per kamar per malam,SAR,1110,2,2,1,WiFi/detail fasilitas dicek manual via WhatsApp,Ketersediaan akhir dan payment dilanjutkan manual via WhatsApp,66,2026-07-06,INACTIVE,Source: (Madina Hotel 2026) New Season Far East 15 June 20_260630_175141.pdf | Page: madina_page-03.png | Meal: HB | Source period text: 15 SEP 2026 TO 1 NOV 2026,"Harga, pajak, dan availability final setelah admin cek manual ke hotel/OTA."
MADINAH,STANDARD,Hotel Waqf Al Safi,,Alharmain PDF 15 Sep - 1 Nov 2026,Triple Room,HB meal plan,2026-09-15,2026-11-01,15 Sep - 1 Nov 2026,per kamar per malam,SAR,1230,2,2,1,WiFi/detail fasilitas dicek manual via WhatsApp,Ketersediaan akhir dan payment dilanjutkan manual via WhatsApp,67,2026-07-06,INACTIVE,Source: (Madina Hotel 2026) New Season Far East 15 June 20_260630_175141.pdf | Page: madina_page-03.png | Meal: HB | Source period text: 15 SEP 2026 TO 1 NOV 2026,"Harga, pajak, dan availability final setelah admin cek manual ke hotel/OTA."
MADINAH,STANDARD,Hotel Waqf Al Safi,,Alharmain PDF 15 Sep - 1 Nov 2026,Quad Room,HB meal plan,2026-09-15,2026-11-01,15 Sep - 1 Nov 2026,per kamar per malam,SAR,1355,2,2,1,WiFi/detail fasilitas dicek manual via WhatsApp,Ketersediaan akhir dan payment dilanjutkan manual via WhatsApp,68,2026-07-06,INACTIVE,Source: (Madina Hotel 2026) New Season Far East 15 June 20_260630_175141.pdf | Page: madina_page-03.png | Meal: HB | Source period text: 15 SEP 2026 TO 1 NOV 2026,"Harga, pajak, dan availability final setelah admin cek manual ke hotel/OTA."
MADINAH,STANDARD,Hotel Waqf Al Safi,,Alharmain PDF 1 Nov - 15 Dec 2026,Double Room,HB meal plan,2026-11-01,2026-12-15,1 Nov - 15 Dec 2026,per kamar per malam,SAR,1140,2,2,1,WiFi/detail fasilitas dicek manual via WhatsApp,Ketersediaan akhir dan payment dilanjutkan manual via WhatsApp,69,2026-07-06,INACTIVE,Source: (Madina Hotel 2026) New Season Far East 15 June 20_260630_175141.pdf | Page: madina_page-03.png | Meal: HB | Source period text: 1 NOV 2026 TO 15 DEC 2026,"Harga, pajak, dan availability final setelah admin cek manual ke hotel/OTA."
MADINAH,STANDARD,Hotel Waqf Al Safi,,Alharmain PDF 1 Nov - 15 Dec 2026,Triple Room,HB meal plan,2026-11-01,2026-12-15,1 Nov - 15 Dec 2026,per kamar per malam,SAR,1260,2,2,1,WiFi/detail fasilitas dicek manual via WhatsApp,Ketersediaan akhir dan payment dilanjutkan manual via WhatsApp,70,2026-07-06,INACTIVE,Source: (Madina Hotel 2026) New Season Far East 15 June 20_260630_175141.pdf | Page: madina_page-03.png | Meal: HB | Source period text: 1 NOV 2026 TO 15 DEC 2026,"Harga, pajak, dan availability final setelah admin cek manual ke hotel/OTA."
MADINAH,STANDARD,Hotel Waqf Al Safi,,Alharmain PDF 1 Nov - 15 Dec 2026,Quad Room,HB meal plan,2026-11-01,2026-12-15,1 Nov - 15 Dec 2026,per kamar per malam,SAR,1383,2,2,1,WiFi/detail fasilitas dicek manual via WhatsApp,Ketersediaan akhir dan payment dilanjutkan manual via WhatsApp,71,2026-07-06,INACTIVE,Source: (Madina Hotel 2026) New Season Far East 15 June 20_260630_175141.pdf | Page: madina_page-03.png | Meal: HB | Source period text: 1 NOV 2026 TO 15 DEC 2026,"Harga, pajak, dan availability final setelah admin cek manual ke hotel/OTA."
MADINAH,STANDARD,Hotel Waqf Al Safi,,Alharmain PDF 15 Dec 2026 - 8 Feb 2027,Double Room,HB meal plan,2026-12-15,2027-02-08,15 Dec 2026 - 8 Feb 2027,per kamar per malam,SAR,1570,2,2,1,WiFi/detail fasilitas dicek manual via WhatsApp,Ketersediaan akhir dan payment dilanjutkan manual via WhatsApp,72,2026-07-06,INACTIVE,Source: (Madina Hotel 2026) New Season Far East 15 June 20_260630_175141.pdf | Page: madina_page-03.png | Meal: HB | Source period text: 15 DEC 2026 TO 8 FEB 2027,"Harga, pajak, dan availability final setelah admin cek manual ke hotel/OTA."
MADINAH,STANDARD,Hotel Waqf Al Safi,,Alharmain PDF 15 Dec 2026 - 8 Feb 2027,Triple Room,HB meal plan,2026-12-15,2027-02-08,15 Dec 2026 - 8 Feb 2027,per kamar per malam,SAR,1695,2,2,1,WiFi/detail fasilitas dicek manual via WhatsApp,Ketersediaan akhir dan payment dilanjutkan manual via WhatsApp,73,2026-07-06,INACTIVE,Source: (Madina Hotel 2026) New Season Far East 15 June 20_260630_175141.pdf | Page: madina_page-03.png | Meal: HB | Source period text: 15 DEC 2026 TO 8 FEB 2027,"Harga, pajak, dan availability final setelah admin cek manual ke hotel/OTA."
MADINAH,STANDARD,Hotel Waqf Al Safi,,Alharmain PDF 15 Dec 2026 - 8 Feb 2027,Quad Room,HB meal plan,2026-12-15,2027-02-08,15 Dec 2026 - 8 Feb 2027,per kamar per malam,SAR,1815,2,2,1,WiFi/detail fasilitas dicek manual via WhatsApp,Ketersediaan akhir dan payment dilanjutkan manual via WhatsApp,74,2026-07-06,INACTIVE,Source: (Madina Hotel 2026) New Season Far East 15 June 20_260630_175141.pdf | Page: madina_page-03.png | Meal: HB | Source period text: 15 DEC 2026 TO 8 FEB 2027,"Harga, pajak, dan availability final setelah admin cek manual ke hotel/OTA."
MADINAH,STANDARD,Makarem Haram View Suites,,Alharmain PDF 30 Jun - 30 Sep 2026,Double Room,RO meal plan,2026-06-30,2026-09-30,30 Jun - 30 Sep 2026,per kamar per malam,SAR,1065,2,2,1,WiFi/detail fasilitas dicek manual via WhatsApp,Ketersediaan akhir dan payment dilanjutkan manual via WhatsApp,75,2026-07-06,INACTIVE,Source: (Madina Hotel 2026) New Season Far East 15 June 20_260630_175141.pdf | Page: madina_page-03.png | Meal: RO | Source period text: 30 JUNE 2026 TO 30 SEP 2026,"Harga, pajak, dan availability final setelah admin cek manual ke hotel/OTA."
MADINAH,STANDARD,Makarem Haram View Suites,,Alharmain PDF 30 Jun - 30 Sep 2026,Triple Room,RO meal plan,2026-06-30,2026-09-30,30 Jun - 30 Sep 2026,per kamar per malam,SAR,1550,2,2,1,WiFi/detail fasilitas dicek manual via WhatsApp,Ketersediaan akhir dan payment dilanjutkan manual via WhatsApp,76,2026-07-06,INACTIVE,Source: (Madina Hotel 2026) New Season Far East 15 June 20_260630_175141.pdf | Page: madina_page-03.png | Meal: RO | Source period text: 30 JUNE 2026 TO 30 SEP 2026,"Harga, pajak, dan availability final setelah admin cek manual ke hotel/OTA."
MADINAH,STANDARD,Makarem Haram View Suites,,Alharmain PDF 30 Jun - 30 Sep 2026,Quad Room,RO meal plan,2026-06-30,2026-09-30,30 Jun - 30 Sep 2026,per kamar per malam,SAR,1885,2,2,1,WiFi/detail fasilitas dicek manual via WhatsApp,Ketersediaan akhir dan payment dilanjutkan manual via WhatsApp,77,2026-07-06,INACTIVE,Source: (Madina Hotel 2026) New Season Far East 15 June 20_260630_175141.pdf | Page: madina_page-03.png | Meal: RO | Source period text: 30 JUNE 2026 TO 30 SEP 2026,"Harga, pajak, dan availability final setelah admin cek manual ke hotel/OTA."
MADINAH,STANDARD,Maden Hotel,,Alharmain PDF 25 Jun - 14 Aug 2026,Double Room,FB meal plan,2026-06-25,2026-08-14,25 Jun - 14 Aug 2026,per kamar per malam,SAR,1030,2,2,1,WiFi/detail fasilitas dicek manual via WhatsApp,Ketersediaan akhir dan payment dilanjutkan manual via WhatsApp,78,2026-07-06,INACTIVE,Source: (Madina Hotel 2026) New Season Far East 15 June 20_260630_175141.pdf | Page: madina_page-04.png | Meal: FB | Source period text: 25 JUNE 2026 TO 14 AUGUST 2026,"Harga, pajak, dan availability final setelah admin cek manual ke hotel/OTA."
MADINAH,STANDARD,Maden Hotel,,Alharmain PDF 25 Jun - 14 Aug 2026,Triple Room,FB meal plan,2026-06-25,2026-08-14,25 Jun - 14 Aug 2026,per kamar per malam,SAR,1180,2,2,1,WiFi/detail fasilitas dicek manual via WhatsApp,Ketersediaan akhir dan payment dilanjutkan manual via WhatsApp,79,2026-07-06,INACTIVE,Source: (Madina Hotel 2026) New Season Far East 15 June 20_260630_175141.pdf | Page: madina_page-04.png | Meal: FB | Source period text: 25 JUNE 2026 TO 14 AUGUST 2026,"Harga, pajak, dan availability final setelah admin cek manual ke hotel/OTA."
MADINAH,STANDARD,Maden Hotel,,Alharmain PDF 25 Jun - 14 Aug 2026,Quad Room,FB meal plan,2026-06-25,2026-08-14,25 Jun - 14 Aug 2026,per kamar per malam,SAR,1330,2,2,1,WiFi/detail fasilitas dicek manual via WhatsApp,Ketersediaan akhir dan payment dilanjutkan manual via WhatsApp,80,2026-07-06,INACTIVE,Source: (Madina Hotel 2026) New Season Far East 15 June 20_260630_175141.pdf | Page: madina_page-04.png | Meal: FB | Source period text: 25 JUNE 2026 TO 14 AUGUST 2026,"Harga, pajak, dan availability final setelah admin cek manual ke hotel/OTA."
MADINAH,STANDARD,Maden Hotel,,Alharmain PDF 14 Aug - 1 Oct 2026,Double Room,FB meal plan,2026-08-14,2026-10-01,14 Aug - 1 Oct 2026,per kamar per malam,SAR,1130,2,2,1,WiFi/detail fasilitas dicek manual via WhatsApp,Ketersediaan akhir dan payment dilanjutkan manual via WhatsApp,81,2026-07-06,INACTIVE,Source: (Madina Hotel 2026) New Season Far East 15 June 20_260630_175141.pdf | Page: madina_page-04.png | Meal: FB | Source period text: 14 AUGUST 2026 TO 1 OCT 2026,"Harga, pajak, dan availability final setelah admin cek manual ke hotel/OTA."
MADINAH,STANDARD,Maden Hotel,,Alharmain PDF 14 Aug - 1 Oct 2026,Triple Room,FB meal plan,2026-08-14,2026-10-01,14 Aug - 1 Oct 2026,per kamar per malam,SAR,1280,2,2,1,WiFi/detail fasilitas dicek manual via WhatsApp,Ketersediaan akhir dan payment dilanjutkan manual via WhatsApp,82,2026-07-06,INACTIVE,Source: (Madina Hotel 2026) New Season Far East 15 June 20_260630_175141.pdf | Page: madina_page-04.png | Meal: FB | Source period text: 14 AUGUST 2026 TO 1 OCT 2026,"Harga, pajak, dan availability final setelah admin cek manual ke hotel/OTA."
MADINAH,STANDARD,Maden Hotel,,Alharmain PDF 14 Aug - 1 Oct 2026,Quad Room,FB meal plan,2026-08-14,2026-10-01,14 Aug - 1 Oct 2026,per kamar per malam,SAR,1430,2,2,1,WiFi/detail fasilitas dicek manual via WhatsApp,Ketersediaan akhir dan payment dilanjutkan manual via WhatsApp,83,2026-07-06,INACTIVE,Source: (Madina Hotel 2026) New Season Far East 15 June 20_260630_175141.pdf | Page: madina_page-04.png | Meal: FB | Source period text: 14 AUGUST 2026 TO 1 OCT 2026,"Harga, pajak, dan availability final setelah admin cek manual ke hotel/OTA."
MADINAH,STANDARD,Maden Hotel,,Alharmain PDF 1 Oct - 1 Nov 2026,Double Room,FB meal plan,2026-10-01,2026-11-01,1 Oct - 1 Nov 2026,per kamar per malam,SAR,1180,2,2,1,WiFi/detail fasilitas dicek manual via WhatsApp,Ketersediaan akhir dan payment dilanjutkan manual via WhatsApp,84,2026-07-06,INACTIVE,Source: (Madina Hotel 2026) New Season Far East 15 June 20_260630_175141.pdf | Page: madina_page-04.png | Meal: FB | Source period text: 1 OCT 2026 TO 1 NOV 2026,"Harga, pajak, dan availability final setelah admin cek manual ke hotel/OTA."
MADINAH,STANDARD,Maden Hotel,,Alharmain PDF 1 Oct - 1 Nov 2026,Triple Room,FB meal plan,2026-10-01,2026-11-01,1 Oct - 1 Nov 2026,per kamar per malam,SAR,1330,2,2,1,WiFi/detail fasilitas dicek manual via WhatsApp,Ketersediaan akhir dan payment dilanjutkan manual via WhatsApp,85,2026-07-06,INACTIVE,Source: (Madina Hotel 2026) New Season Far East 15 June 20_260630_175141.pdf | Page: madina_page-04.png | Meal: FB | Source period text: 1 OCT 2026 TO 1 NOV 2026,"Harga, pajak, dan availability final setelah admin cek manual ke hotel/OTA."
MADINAH,STANDARD,Maden Hotel,,Alharmain PDF 1 Oct - 1 Nov 2026,Quad Room,FB meal plan,2026-10-01,2026-11-01,1 Oct - 1 Nov 2026,per kamar per malam,SAR,1480,2,2,1,WiFi/detail fasilitas dicek manual via WhatsApp,Ketersediaan akhir dan payment dilanjutkan manual via WhatsApp,86,2026-07-06,INACTIVE,Source: (Madina Hotel 2026) New Season Far East 15 June 20_260630_175141.pdf | Page: madina_page-04.png | Meal: FB | Source period text: 1 OCT 2026 TO 1 NOV 2026,"Harga, pajak, dan availability final setelah admin cek manual ke hotel/OTA."
MADINAH,STANDARD,Maden Hotel,,Alharmain PDF 1 Nov - 20 Dec 2026,Double Room,FB meal plan,2026-11-01,2026-12-20,1 Nov - 20 Dec 2026,per kamar per malam,SAR,1280,2,2,1,WiFi/detail fasilitas dicek manual via WhatsApp,Ketersediaan akhir dan payment dilanjutkan manual via WhatsApp,87,2026-07-06,INACTIVE,Source: (Madina Hotel 2026) New Season Far East 15 June 20_260630_175141.pdf | Page: madina_page-04.png | Meal: FB | Source period text: 1 NOV 2026 TO 20 DEC 2026,"Harga, pajak, dan availability final setelah admin cek manual ke hotel/OTA."
MADINAH,STANDARD,Maden Hotel,,Alharmain PDF 1 Nov - 20 Dec 2026,Triple Room,FB meal plan,2026-11-01,2026-12-20,1 Nov - 20 Dec 2026,per kamar per malam,SAR,1480,2,2,1,WiFi/detail fasilitas dicek manual via WhatsApp,Ketersediaan akhir dan payment dilanjutkan manual via WhatsApp,88,2026-07-06,INACTIVE,Source: (Madina Hotel 2026) New Season Far East 15 June 20_260630_175141.pdf | Page: madina_page-04.png | Meal: FB | Source period text: 1 NOV 2026 TO 20 DEC 2026,"Harga, pajak, dan availability final setelah admin cek manual ke hotel/OTA."
MADINAH,STANDARD,Maden Hotel,,Alharmain PDF 1 Nov - 20 Dec 2026,Quad Room,FB meal plan,2026-11-01,2026-12-20,1 Nov - 20 Dec 2026,per kamar per malam,SAR,1680,2,2,1,WiFi/detail fasilitas dicek manual via WhatsApp,Ketersediaan akhir dan payment dilanjutkan manual via WhatsApp,89,2026-07-06,INACTIVE,Source: (Madina Hotel 2026) New Season Far East 15 June 20_260630_175141.pdf | Page: madina_page-04.png | Meal: FB | Source period text: 1 NOV 2026 TO 20 DEC 2026,"Harga, pajak, dan availability final setelah admin cek manual ke hotel/OTA."
MADINAH,STANDARD,Maden Hotel,,Alharmain PDF 20 Dec 2026 - 20 Jan 2027,Double Room,FB meal plan,2026-12-20,2027-01-20,20 Dec 2026 - 20 Jan 2027,per kamar per malam,SAR,2230,2,2,1,WiFi/detail fasilitas dicek manual via WhatsApp,Ketersediaan akhir dan payment dilanjutkan manual via WhatsApp,90,2026-07-06,INACTIVE,Source: (Madina Hotel 2026) New Season Far East 15 June 20_260630_175141.pdf | Page: madina_page-04.png | Meal: FB | Source period text: 20 DEC 2026 TO 20 JAN 2027,"Harga, pajak, dan availability final setelah admin cek manual ke hotel/OTA."
MADINAH,STANDARD,Maden Hotel,,Alharmain PDF 20 Dec 2026 - 20 Jan 2027,Triple Room,FB meal plan,2026-12-20,2027-01-20,20 Dec 2026 - 20 Jan 2027,per kamar per malam,SAR,2530,2,2,1,WiFi/detail fasilitas dicek manual via WhatsApp,Ketersediaan akhir dan payment dilanjutkan manual via WhatsApp,91,2026-07-06,INACTIVE,Source: (Madina Hotel 2026) New Season Far East 15 June 20_260630_175141.pdf | Page: madina_page-04.png | Meal: FB | Source period text: 20 DEC 2026 TO 20 JAN 2027,"Harga, pajak, dan availability final setelah admin cek manual ke hotel/OTA."
MADINAH,STANDARD,Maden Hotel,,Alharmain PDF 20 Dec 2026 - 20 Jan 2027,Quad Room,FB meal plan,2026-12-20,2027-01-20,20 Dec 2026 - 20 Jan 2027,per kamar per malam,SAR,2930,2,2,1,WiFi/detail fasilitas dicek manual via WhatsApp,Ketersediaan akhir dan payment dilanjutkan manual via WhatsApp,92,2026-07-06,INACTIVE,Source: (Madina Hotel 2026) New Season Far East 15 June 20_260630_175141.pdf | Page: madina_page-04.png | Meal: FB | Source period text: 20 DEC 2026 TO 20 JAN 2027,"Harga, pajak, dan availability final setelah admin cek manual ke hotel/OTA."
MADINAH,STANDARD,Hotel Maden Al Rawda,,Alharmain PDF 25 Jun - 14 Aug 2026,Double Room,FB meal plan,2026-06-25,2026-08-14,25 Jun - 14 Aug 2026,per kamar per malam,SAR,930,2,2,1,WiFi/detail fasilitas dicek manual via WhatsApp,Ketersediaan akhir dan payment dilanjutkan manual via WhatsApp,93,2026-07-06,INACTIVE,Source: (Madina Hotel 2026) New Season Far East 15 June 20_260630_175141.pdf | Page: madina_page-04.png | Meal: FB | Source period text: 25 JUNE 2026 TO 14 AUGUST 2026,"Harga, pajak, dan availability final setelah admin cek manual ke hotel/OTA."
MADINAH,STANDARD,Hotel Maden Al Rawda,,Alharmain PDF 25 Jun - 14 Aug 2026,Triple Room,FB meal plan,2026-06-25,2026-08-14,25 Jun - 14 Aug 2026,per kamar per malam,SAR,1080,2,2,1,WiFi/detail fasilitas dicek manual via WhatsApp,Ketersediaan akhir dan payment dilanjutkan manual via WhatsApp,94,2026-07-06,INACTIVE,Source: (Madina Hotel 2026) New Season Far East 15 June 20_260630_175141.pdf | Page: madina_page-04.png | Meal: FB | Source period text: 25 JUNE 2026 TO 14 AUGUST 2026,"Harga, pajak, dan availability final setelah admin cek manual ke hotel/OTA."
MADINAH,STANDARD,Hotel Maden Al Rawda,,Alharmain PDF 25 Jun - 14 Aug 2026,Quad Room,FB meal plan,2026-06-25,2026-08-14,25 Jun - 14 Aug 2026,per kamar per malam,SAR,1280,2,2,1,WiFi/detail fasilitas dicek manual via WhatsApp,Ketersediaan akhir dan payment dilanjutkan manual via WhatsApp,95,2026-07-06,INACTIVE,Source: (Madina Hotel 2026) New Season Far East 15 June 20_260630_175141.pdf | Page: madina_page-04.png | Meal: FB | Source period text: 25 JUNE 2026 TO 14 AUGUST 2026,"Harga, pajak, dan availability final setelah admin cek manual ke hotel/OTA."
MADINAH,STANDARD,Hotel Maden Al Rawda,,Alharmain PDF 14 Aug - 1 Oct 2026,Double Room,FB meal plan,2026-08-14,2026-10-01,14 Aug - 1 Oct 2026,per kamar per malam,SAR,1030,2,2,1,WiFi/detail fasilitas dicek manual via WhatsApp,Ketersediaan akhir dan payment dilanjutkan manual via WhatsApp,96,2026-07-06,INACTIVE,Source: (Madina Hotel 2026) New Season Far East 15 June 20_260630_175141.pdf | Page: madina_page-04.png | Meal: FB | Source period text: 14 AUGUST 2026 TO 1 OCT 2026,"Harga, pajak, dan availability final setelah admin cek manual ke hotel/OTA."
MADINAH,STANDARD,Hotel Maden Al Rawda,,Alharmain PDF 14 Aug - 1 Oct 2026,Triple Room,FB meal plan,2026-08-14,2026-10-01,14 Aug - 1 Oct 2026,per kamar per malam,SAR,1180,2,2,1,WiFi/detail fasilitas dicek manual via WhatsApp,Ketersediaan akhir dan payment dilanjutkan manual via WhatsApp,97,2026-07-06,INACTIVE,Source: (Madina Hotel 2026) New Season Far East 15 June 20_260630_175141.pdf | Page: madina_page-04.png | Meal: FB | Source period text: 14 AUGUST 2026 TO 1 OCT 2026,"Harga, pajak, dan availability final setelah admin cek manual ke hotel/OTA."
MADINAH,STANDARD,Hotel Maden Al Rawda,,Alharmain PDF 14 Aug - 1 Oct 2026,Quad Room,FB meal plan,2026-08-14,2026-10-01,14 Aug - 1 Oct 2026,per kamar per malam,SAR,1380,2,2,1,WiFi/detail fasilitas dicek manual via WhatsApp,Ketersediaan akhir dan payment dilanjutkan manual via WhatsApp,98,2026-07-06,INACTIVE,Source: (Madina Hotel 2026) New Season Far East 15 June 20_260630_175141.pdf | Page: madina_page-04.png | Meal: FB | Source period text: 14 AUGUST 2026 TO 1 OCT 2026,"Harga, pajak, dan availability final setelah admin cek manual ke hotel/OTA."
MADINAH,STANDARD,Hotel Maden Al Rawda,,Alharmain PDF 1 Oct - 1 Nov 2026,Double Room,FB meal plan,2026-10-01,2026-11-01,1 Oct - 1 Nov 2026,per kamar per malam,SAR,1080,2,2,1,WiFi/detail fasilitas dicek manual via WhatsApp,Ketersediaan akhir dan payment dilanjutkan manual via WhatsApp,99,2026-07-06,INACTIVE,Source: (Madina Hotel 2026) New Season Far East 15 June 20_260630_175141.pdf | Page: madina_page-04.png | Meal: FB | Source period text: 1 OCT 2026 TO 1 NOV 2026,"Harga, pajak, dan availability final setelah admin cek manual ke hotel/OTA."
MADINAH,STANDARD,Hotel Maden Al Rawda,,Alharmain PDF 1 Oct - 1 Nov 2026,Triple Room,FB meal plan,2026-10-01,2026-11-01,1 Oct - 1 Nov 2026,per kamar per malam,SAR,1230,2,2,1,WiFi/detail fasilitas dicek manual via WhatsApp,Ketersediaan akhir dan payment dilanjutkan manual via WhatsApp,100,2026-07-06,INACTIVE,Source: (Madina Hotel 2026) New Season Far East 15 June 20_260630_175141.pdf | Page: madina_page-04.png | Meal: FB | Source period text: 1 OCT 2026 TO 1 NOV 2026,"Harga, pajak, dan availability final setelah admin cek manual ke hotel/OTA."
MADINAH,STANDARD,Hotel Maden Al Rawda,,Alharmain PDF 1 Oct - 1 Nov 2026,Quad Room,FB meal plan,2026-10-01,2026-11-01,1 Oct - 1 Nov 2026,per kamar per malam,SAR,1430,2,2,1,WiFi/detail fasilitas dicek manual via WhatsApp,Ketersediaan akhir dan payment dilanjutkan manual via WhatsApp,101,2026-07-06,INACTIVE,Source: (Madina Hotel 2026) New Season Far East 15 June 20_260630_175141.pdf | Page: madina_page-04.png | Meal: FB | Source period text: 1 OCT 2026 TO 1 NOV 2026,"Harga, pajak, dan availability final setelah admin cek manual ke hotel/OTA."
MADINAH,STANDARD,Hotel Maden Al Rawda,,Alharmain PDF 1 Nov - 20 Dec 2026,Double Room,FB meal plan,2026-11-01,2026-12-20,1 Nov - 20 Dec 2026,per kamar per malam,SAR,1180,2,2,1,WiFi/detail fasilitas dicek manual via WhatsApp,Ketersediaan akhir dan payment dilanjutkan manual via WhatsApp,102,2026-07-06,INACTIVE,Source: (Madina Hotel 2026) New Season Far East 15 June 20_260630_175141.pdf | Page: madina_page-04.png | Meal: FB | Source period text: 1 NOV 2026 TO 20 DEC 2026,"Harga, pajak, dan availability final setelah admin cek manual ke hotel/OTA."
MADINAH,STANDARD,Hotel Maden Al Rawda,,Alharmain PDF 1 Nov - 20 Dec 2026,Triple Room,FB meal plan,2026-11-01,2026-12-20,1 Nov - 20 Dec 2026,per kamar per malam,SAR,1380,2,2,1,WiFi/detail fasilitas dicek manual via WhatsApp,Ketersediaan akhir dan payment dilanjutkan manual via WhatsApp,103,2026-07-06,INACTIVE,Source: (Madina Hotel 2026) New Season Far East 15 June 20_260630_175141.pdf | Page: madina_page-04.png | Meal: FB | Source period text: 1 NOV 2026 TO 20 DEC 2026,"Harga, pajak, dan availability final setelah admin cek manual ke hotel/OTA."
MADINAH,STANDARD,Hotel Maden Al Rawda,,Alharmain PDF 1 Nov - 20 Dec 2026,Quad Room,FB meal plan,2026-11-01,2026-12-20,1 Nov - 20 Dec 2026,per kamar per malam,SAR,1580,2,2,1,WiFi/detail fasilitas dicek manual via WhatsApp,Ketersediaan akhir dan payment dilanjutkan manual via WhatsApp,104,2026-07-06,INACTIVE,Source: (Madina Hotel 2026) New Season Far East 15 June 20_260630_175141.pdf | Page: madina_page-04.png | Meal: FB | Source period text: 1 NOV 2026 TO 20 DEC 2026,"Harga, pajak, dan availability final setelah admin cek manual ke hotel/OTA."
MADINAH,STANDARD,Hotel Maden Al Rawda,,Alharmain PDF 20 Dec 2026 - 20 Jan 2027,Double Room,FB meal plan,2026-12-20,2027-01-20,20 Dec 2026 - 20 Jan 2027,per kamar per malam,SAR,2230,2,2,1,WiFi/detail fasilitas dicek manual via WhatsApp,Ketersediaan akhir dan payment dilanjutkan manual via WhatsApp,105,2026-07-06,INACTIVE,Source: (Madina Hotel 2026) New Season Far East 15 June 20_260630_175141.pdf | Page: madina_page-04.png | Meal: FB | Source period text: 20 DEC 2026 TO 20 JAN 2027,"Harga, pajak, dan availability final setelah admin cek manual ke hotel/OTA."
MADINAH,STANDARD,Hotel Maden Al Rawda,,Alharmain PDF 20 Dec 2026 - 20 Jan 2027,Triple Room,FB meal plan,2026-12-20,2027-01-20,20 Dec 2026 - 20 Jan 2027,per kamar per malam,SAR,2530,2,2,1,WiFi/detail fasilitas dicek manual via WhatsApp,Ketersediaan akhir dan payment dilanjutkan manual via WhatsApp,106,2026-07-06,INACTIVE,Source: (Madina Hotel 2026) New Season Far East 15 June 20_260630_175141.pdf | Page: madina_page-04.png | Meal: FB | Source period text: 20 DEC 2026 TO 20 JAN 2027,"Harga, pajak, dan availability final setelah admin cek manual ke hotel/OTA."
MADINAH,STANDARD,Hotel Maden Al Rawda,,Alharmain PDF 20 Dec 2026 - 20 Jan 2027,Quad Room,FB meal plan,2026-12-20,2027-01-20,20 Dec 2026 - 20 Jan 2027,per kamar per malam,SAR,3030,2,2,1,WiFi/detail fasilitas dicek manual via WhatsApp,Ketersediaan akhir dan payment dilanjutkan manual via WhatsApp,107,2026-07-06,INACTIVE,Source: (Madina Hotel 2026) New Season Far East 15 June 20_260630_175141.pdf | Page: madina_page-04.png | Meal: FB | Source period text: 20 DEC 2026 TO 20 JAN 2027,"Harga, pajak, dan availability final setelah admin cek manual ke hotel/OTA."
MADINAH,STANDARD,Hotel Maden Taiba,,Alharmain PDF 25 Jun - 14 Aug 2026,Double Room,FB meal plan,2026-06-25,2026-08-14,25 Jun - 14 Aug 2026,per kamar per malam,SAR,830,2,2,1,WiFi/detail fasilitas dicek manual via WhatsApp,Ketersediaan akhir dan payment dilanjutkan manual via WhatsApp,108,2026-07-06,INACTIVE,Source: (Madina Hotel 2026) New Season Far East 15 June 20_260630_175141.pdf | Page: madina_page-04.png | Meal: FB | Source period text: 25 JUNE 2026 TO 14 AUGUST 2026,"Harga, pajak, dan availability final setelah admin cek manual ke hotel/OTA."
MADINAH,STANDARD,Hotel Maden Taiba,,Alharmain PDF 25 Jun - 14 Aug 2026,Triple Room,FB meal plan,2026-06-25,2026-08-14,25 Jun - 14 Aug 2026,per kamar per malam,SAR,980,2,2,1,WiFi/detail fasilitas dicek manual via WhatsApp,Ketersediaan akhir dan payment dilanjutkan manual via WhatsApp,109,2026-07-06,INACTIVE,Source: (Madina Hotel 2026) New Season Far East 15 June 20_260630_175141.pdf | Page: madina_page-04.png | Meal: FB | Source period text: 25 JUNE 2026 TO 14 AUGUST 2026,"Harga, pajak, dan availability final setelah admin cek manual ke hotel/OTA."
MADINAH,STANDARD,Hotel Maden Taiba,,Alharmain PDF 25 Jun - 14 Aug 2026,Quad Room,FB meal plan,2026-06-25,2026-08-14,25 Jun - 14 Aug 2026,per kamar per malam,SAR,1180,2,2,1,WiFi/detail fasilitas dicek manual via WhatsApp,Ketersediaan akhir dan payment dilanjutkan manual via WhatsApp,110,2026-07-06,INACTIVE,Source: (Madina Hotel 2026) New Season Far East 15 June 20_260630_175141.pdf | Page: madina_page-04.png | Meal: FB | Source period text: 25 JUNE 2026 TO 14 AUGUST 2026,"Harga, pajak, dan availability final setelah admin cek manual ke hotel/OTA."
MADINAH,STANDARD,Hotel Maden Taiba,,Alharmain PDF 14 Aug - 1 Oct 2026,Double Room,FB meal plan,2026-08-14,2026-10-01,14 Aug - 1 Oct 2026,per kamar per malam,SAR,930,2,2,1,WiFi/detail fasilitas dicek manual via WhatsApp,Ketersediaan akhir dan payment dilanjutkan manual via WhatsApp,111,2026-07-06,INACTIVE,Source: (Madina Hotel 2026) New Season Far East 15 June 20_260630_175141.pdf | Page: madina_page-04.png | Meal: FB | Source period text: 14 AUGUST 2026 TO 1 OCT 2026,"Harga, pajak, dan availability final setelah admin cek manual ke hotel/OTA."
MADINAH,STANDARD,Hotel Maden Taiba,,Alharmain PDF 14 Aug - 1 Oct 2026,Triple Room,FB meal plan,2026-08-14,2026-10-01,14 Aug - 1 Oct 2026,per kamar per malam,SAR,1080,2,2,1,WiFi/detail fasilitas dicek manual via WhatsApp,Ketersediaan akhir dan payment dilanjutkan manual via WhatsApp,112,2026-07-06,INACTIVE,Source: (Madina Hotel 2026) New Season Far East 15 June 20_260630_175141.pdf | Page: madina_page-04.png | Meal: FB | Source period text: 14 AUGUST 2026 TO 1 OCT 2026,"Harga, pajak, dan availability final setelah admin cek manual ke hotel/OTA."
MADINAH,STANDARD,Hotel Maden Taiba,,Alharmain PDF 14 Aug - 1 Oct 2026,Quad Room,FB meal plan,2026-08-14,2026-10-01,14 Aug - 1 Oct 2026,per kamar per malam,SAR,1280,2,2,1,WiFi/detail fasilitas dicek manual via WhatsApp,Ketersediaan akhir dan payment dilanjutkan manual via WhatsApp,113,2026-07-06,INACTIVE,Source: (Madina Hotel 2026) New Season Far East 15 June 20_260630_175141.pdf | Page: madina_page-04.png | Meal: FB | Source period text: 14 AUGUST 2026 TO 1 OCT 2026,"Harga, pajak, dan availability final setelah admin cek manual ke hotel/OTA."
MADINAH,STANDARD,Hotel Maden Taiba,,Alharmain PDF 1 Oct - 1 Nov 2026,Double Room,FB meal plan,2026-10-01,2026-11-01,1 Oct - 1 Nov 2026,per kamar per malam,SAR,980,2,2,1,WiFi/detail fasilitas dicek manual via WhatsApp,Ketersediaan akhir dan payment dilanjutkan manual via WhatsApp,114,2026-07-06,INACTIVE,Source: (Madina Hotel 2026) New Season Far East 15 June 20_260630_175141.pdf | Page: madina_page-04.png | Meal: FB | Source period text: 1 OCT 2026 TO 1 NOV 2026,"Harga, pajak, dan availability final setelah admin cek manual ke hotel/OTA."
MADINAH,STANDARD,Hotel Maden Taiba,,Alharmain PDF 1 Oct - 1 Nov 2026,Triple Room,FB meal plan,2026-10-01,2026-11-01,1 Oct - 1 Nov 2026,per kamar per malam,SAR,1130,2,2,1,WiFi/detail fasilitas dicek manual via WhatsApp,Ketersediaan akhir dan payment dilanjutkan manual via WhatsApp,115,2026-07-06,INACTIVE,Source: (Madina Hotel 2026) New Season Far East 15 June 20_260630_175141.pdf | Page: madina_page-04.png | Meal: FB | Source period text: 1 OCT 2026 TO 1 NOV 2026,"Harga, pajak, dan availability final setelah admin cek manual ke hotel/OTA."
MADINAH,STANDARD,Hotel Maden Taiba,,Alharmain PDF 1 Oct - 1 Nov 2026,Quad Room,FB meal plan,2026-10-01,2026-11-01,1 Oct - 1 Nov 2026,per kamar per malam,SAR,1330,2,2,1,WiFi/detail fasilitas dicek manual via WhatsApp,Ketersediaan akhir dan payment dilanjutkan manual via WhatsApp,116,2026-07-06,INACTIVE,Source: (Madina Hotel 2026) New Season Far East 15 June 20_260630_175141.pdf | Page: madina_page-04.png | Meal: FB | Source period text: 1 OCT 2026 TO 1 NOV 2026,"Harga, pajak, dan availability final setelah admin cek manual ke hotel/OTA."
MADINAH,STANDARD,Hotel Maden Taiba,,Alharmain PDF 1 Nov - 20 Dec 2026,Double Room,FB meal plan,2026-11-01,2026-12-20,1 Nov - 20 Dec 2026,per kamar per malam,SAR,1080,2,2,1,WiFi/detail fasilitas dicek manual via WhatsApp,Ketersediaan akhir dan payment dilanjutkan manual via WhatsApp,117,2026-07-06,INACTIVE,Source: (Madina Hotel 2026) New Season Far East 15 June 20_260630_175141.pdf | Page: madina_page-04.png | Meal: FB | Source period text: 1 NOV 2026 TO 20 DEC 2026,"Harga, pajak, dan availability final setelah admin cek manual ke hotel/OTA."
MADINAH,STANDARD,Hotel Maden Taiba,,Alharmain PDF 1 Nov - 20 Dec 2026,Triple Room,FB meal plan,2026-11-01,2026-12-20,1 Nov - 20 Dec 2026,per kamar per malam,SAR,1280,2,2,1,WiFi/detail fasilitas dicek manual via WhatsApp,Ketersediaan akhir dan payment dilanjutkan manual via WhatsApp,118,2026-07-06,INACTIVE,Source: (Madina Hotel 2026) New Season Far East 15 June 20_260630_175141.pdf | Page: madina_page-04.png | Meal: FB | Source period text: 1 NOV 2026 TO 20 DEC 2026,"Harga, pajak, dan availability final setelah admin cek manual ke hotel/OTA."
MADINAH,STANDARD,Hotel Maden Taiba,,Alharmain PDF 1 Nov - 20 Dec 2026,Quad Room,FB meal plan,2026-11-01,2026-12-20,1 Nov - 20 Dec 2026,per kamar per malam,SAR,1480,2,2,1,WiFi/detail fasilitas dicek manual via WhatsApp,Ketersediaan akhir dan payment dilanjutkan manual via WhatsApp,119,2026-07-06,INACTIVE,Source: (Madina Hotel 2026) New Season Far East 15 June 20_260630_175141.pdf | Page: madina_page-04.png | Meal: FB | Source period text: 1 NOV 2026 TO 20 DEC 2026,"Harga, pajak, dan availability final setelah admin cek manual ke hotel/OTA."
MADINAH,STANDARD,Hotel Maden Taiba,,Alharmain PDF 20 Dec 2026 - 20 Jan 2027,Double Room,FB meal plan,2026-12-20,2027-01-20,20 Dec 2026 - 20 Jan 2027,per kamar per malam,SAR,2030,2,2,1,WiFi/detail fasilitas dicek manual via WhatsApp,Ketersediaan akhir dan payment dilanjutkan manual via WhatsApp,120,2026-07-06,INACTIVE,Source: (Madina Hotel 2026) New Season Far East 15 June 20_260630_175141.pdf | Page: madina_page-04.png | Meal: FB | Source period text: 20 DEC 2026 TO 20 JAN 2027,"Harga, pajak, dan availability final setelah admin cek manual ke hotel/OTA."
MADINAH,STANDARD,Hotel Maden Taiba,,Alharmain PDF 20 Dec 2026 - 20 Jan 2027,Triple Room,FB meal plan,2026-12-20,2027-01-20,20 Dec 2026 - 20 Jan 2027,per kamar per malam,SAR,2330,2,2,1,WiFi/detail fasilitas dicek manual via WhatsApp,Ketersediaan akhir dan payment dilanjutkan manual via WhatsApp,121,2026-07-06,INACTIVE,Source: (Madina Hotel 2026) New Season Far East 15 June 20_260630_175141.pdf | Page: madina_page-04.png | Meal: FB | Source period text: 20 DEC 2026 TO 20 JAN 2027,"Harga, pajak, dan availability final setelah admin cek manual ke hotel/OTA."
MADINAH,STANDARD,Hotel Maden Taiba,,Alharmain PDF 20 Dec 2026 - 20 Jan 2027,Quad Room,FB meal plan,2026-12-20,2027-01-20,20 Dec 2026 - 20 Jan 2027,per kamar per malam,SAR,2830,2,2,1,WiFi/detail fasilitas dicek manual via WhatsApp,Ketersediaan akhir dan payment dilanjutkan manual via WhatsApp,122,2026-07-06,INACTIVE,Source: (Madina Hotel 2026) New Season Far East 15 June 20_260630_175141.pdf | Page: madina_page-04.png | Meal: FB | Source period text: 20 DEC 2026 TO 20 JAN 2027,"Harga, pajak, dan availability final setelah admin cek manual ke hotel/OTA."
MADINAH,STANDARD,Hotel Millenium Taiba,,Alharmain PDF 30 Jun - 30 Sep 2026,Double Room,FB meal plan,2026-06-30,2026-09-30,30 Jun - 30 Sep 2026,per kamar per malam,SAR,730,2,2,1,WiFi/detail fasilitas dicek manual via WhatsApp,Ketersediaan akhir dan payment dilanjutkan manual via WhatsApp,123,2026-07-06,INACTIVE,Source: (Madina Hotel 2026) New Season Far East 15 June 20_260630_175141.pdf | Page: madina_page-05.png | Meal: FB | Source period text: 30 JUNE 2026 TO 30 SEP 2026,"Harga, pajak, dan availability final setelah admin cek manual ke hotel/OTA."
MADINAH,STANDARD,Hotel Millenium Taiba,,Alharmain PDF 30 Jun - 30 Sep 2026,Triple Room,FB meal plan,2026-06-30,2026-09-30,30 Jun - 30 Sep 2026,per kamar per malam,SAR,855,2,2,1,WiFi/detail fasilitas dicek manual via WhatsApp,Ketersediaan akhir dan payment dilanjutkan manual via WhatsApp,124,2026-07-06,INACTIVE,Source: (Madina Hotel 2026) New Season Far East 15 June 20_260630_175141.pdf | Page: madina_page-05.png | Meal: FB | Source period text: 30 JUNE 2026 TO 30 SEP 2026,"Harga, pajak, dan availability final setelah admin cek manual ke hotel/OTA."
MADINAH,STANDARD,Hotel Millenium Taiba,,Alharmain PDF 30 Jun - 30 Sep 2026,Quad Room,FB meal plan,2026-06-30,2026-09-30,30 Jun - 30 Sep 2026,per kamar per malam,SAR,980,2,2,1,WiFi/detail fasilitas dicek manual via WhatsApp,Ketersediaan akhir dan payment dilanjutkan manual via WhatsApp,125,2026-07-06,INACTIVE,Source: (Madina Hotel 2026) New Season Far East 15 June 20_260630_175141.pdf | Page: madina_page-05.png | Meal: FB | Source period text: 30 JUNE 2026 TO 30 SEP 2026,"Harga, pajak, dan availability final setelah admin cek manual ke hotel/OTA."
MADINAH,STANDARD,Hotel Millenium Taiba,,Alharmain PDF 1 Oct - 10 Dec 2026,Double Room,FB meal plan,2026-10-01,2026-12-10,1 Oct - 10 Dec 2026,per kamar per malam,SAR,830,2,2,1,WiFi/detail fasilitas dicek manual via WhatsApp,Ketersediaan akhir dan payment dilanjutkan manual via WhatsApp,126,2026-07-06,INACTIVE,Source: (Madina Hotel 2026) New Season Far East 15 June 20_260630_175141.pdf | Page: madina_page-05.png | Meal: FB | Source period text: 1 OCT 2026 TO 10 DEC 2026,"Harga, pajak, dan availability final setelah admin cek manual ke hotel/OTA."
MADINAH,STANDARD,Hotel Millenium Taiba,,Alharmain PDF 1 Oct - 10 Dec 2026,Triple Room,FB meal plan,2026-10-01,2026-12-10,1 Oct - 10 Dec 2026,per kamar per malam,SAR,955,2,2,1,WiFi/detail fasilitas dicek manual via WhatsApp,Ketersediaan akhir dan payment dilanjutkan manual via WhatsApp,127,2026-07-06,INACTIVE,Source: (Madina Hotel 2026) New Season Far East 15 June 20_260630_175141.pdf | Page: madina_page-05.png | Meal: FB | Source period text: 1 OCT 2026 TO 10 DEC 2026,"Harga, pajak, dan availability final setelah admin cek manual ke hotel/OTA."
MADINAH,STANDARD,Hotel Millenium Taiba,,Alharmain PDF 1 Oct - 10 Dec 2026,Quad Room,FB meal plan,2026-10-01,2026-12-10,1 Oct - 10 Dec 2026,per kamar per malam,SAR,1080,2,2,1,WiFi/detail fasilitas dicek manual via WhatsApp,Ketersediaan akhir dan payment dilanjutkan manual via WhatsApp,128,2026-07-06,INACTIVE,Source: (Madina Hotel 2026) New Season Far East 15 June 20_260630_175141.pdf | Page: madina_page-05.png | Meal: FB | Source period text: 1 OCT 2026 TO 10 DEC 2026,"Harga, pajak, dan availability final setelah admin cek manual ke hotel/OTA."
MADINAH,STANDARD,Hotel Millenium Taiba,,Alharmain PDF 11 Dec 2026 - 10 Jan 2027,Double Room,FB meal plan,2026-12-11,2027-01-10,11 Dec 2026 - 10 Jan 2027,per kamar per malam,SAR,1280,2,2,1,WiFi/detail fasilitas dicek manual via WhatsApp,Ketersediaan akhir dan payment dilanjutkan manual via WhatsApp,129,2026-07-06,INACTIVE,Source: (Madina Hotel 2026) New Season Far East 15 June 20_260630_175141.pdf | Page: madina_page-05.png | Meal: FB | Source period text: 11 DEC 2026 TO 10 JAN 2027,"Harga, pajak, dan availability final setelah admin cek manual ke hotel/OTA."
MADINAH,STANDARD,Hotel Millenium Taiba,,Alharmain PDF 11 Dec 2026 - 10 Jan 2027,Triple Room,FB meal plan,2026-12-11,2027-01-10,11 Dec 2026 - 10 Jan 2027,per kamar per malam,SAR,1415,2,2,1,WiFi/detail fasilitas dicek manual via WhatsApp,Ketersediaan akhir dan payment dilanjutkan manual via WhatsApp,130,2026-07-06,INACTIVE,Source: (Madina Hotel 2026) New Season Far East 15 June 20_260630_175141.pdf | Page: madina_page-05.png | Meal: FB | Source period text: 11 DEC 2026 TO 10 JAN 2027,"Harga, pajak, dan availability final setelah admin cek manual ke hotel/OTA."
MADINAH,STANDARD,Hotel Millenium Taiba,,Alharmain PDF 11 Dec 2026 - 10 Jan 2027,Quad Room,FB meal plan,2026-12-11,2027-01-10,11 Dec 2026 - 10 Jan 2027,per kamar per malam,SAR,1550,2,2,1,WiFi/detail fasilitas dicek manual via WhatsApp,Ketersediaan akhir dan payment dilanjutkan manual via WhatsApp,131,2026-07-06,INACTIVE,Source: (Madina Hotel 2026) New Season Far East 15 June 20_260630_175141.pdf | Page: madina_page-05.png | Meal: FB | Source period text: 11 DEC 2026 TO 10 JAN 2027,"Harga, pajak, dan availability final setelah admin cek manual ke hotel/OTA."
MADINAH,STANDARD,Hotel Peninsula Worth,,Alharmain PDF 16 Jun - 19 Aug 2026,Double Room,FB meal plan,2026-06-16,2026-08-19,16 Jun - 19 Aug 2026,per kamar per malam,SAR,680,2,2,1,WiFi/detail fasilitas dicek manual via WhatsApp,Ketersediaan akhir dan payment dilanjutkan manual via WhatsApp,132,2026-07-06,INACTIVE,Source: (Madina Hotel 2026) New Season Far East 15 June 20_260630_175141.pdf | Page: madina_page-06.png | Meal: FB | TYPE OF ROOM : PREMIUM FLOOR | Source period text: 16 JUNE 2026 TO 19 AUGUST 2026,"Harga, pajak, dan availability final setelah admin cek manual ke hotel/OTA."
MADINAH,STANDARD,Hotel Peninsula Worth,,Alharmain PDF 16 Jun - 19 Aug 2026,Triple Room,FB meal plan,2026-06-16,2026-08-19,16 Jun - 19 Aug 2026,per kamar per malam,SAR,790,2,2,1,WiFi/detail fasilitas dicek manual via WhatsApp,Ketersediaan akhir dan payment dilanjutkan manual via WhatsApp,133,2026-07-06,INACTIVE,Source: (Madina Hotel 2026) New Season Far East 15 June 20_260630_175141.pdf | Page: madina_page-06.png | Meal: FB | TYPE OF ROOM : PREMIUM FLOOR | Source period text: 16 JUNE 2026 TO 19 AUGUST 2026,"Harga, pajak, dan availability final setelah admin cek manual ke hotel/OTA."
MADINAH,STANDARD,Hotel Peninsula Worth,,Alharmain PDF 16 Jun - 19 Aug 2026,Quad Room,FB meal plan,2026-06-16,2026-08-19,16 Jun - 19 Aug 2026,per kamar per malam,SAR,900,2,2,1,WiFi/detail fasilitas dicek manual via WhatsApp,Ketersediaan akhir dan payment dilanjutkan manual via WhatsApp,134,2026-07-06,INACTIVE,Source: (Madina Hotel 2026) New Season Far East 15 June 20_260630_175141.pdf | Page: madina_page-06.png | Meal: FB | TYPE OF ROOM : PREMIUM FLOOR | Source period text: 16 JUNE 2026 TO 19 AUGUST 2026,"Harga, pajak, dan availability final setelah admin cek manual ke hotel/OTA."
MADINAH,STANDARD,Hotel Peninsula Worth,,Alharmain PDF 19 Aug - 16 Dec 2026,Double Room,FB meal plan,2026-08-19,2026-12-16,19 Aug - 16 Dec 2026,per kamar per malam,SAR,780,2,2,1,WiFi/detail fasilitas dicek manual via WhatsApp,Ketersediaan akhir dan payment dilanjutkan manual via WhatsApp,135,2026-07-06,INACTIVE,Source: (Madina Hotel 2026) New Season Far East 15 June 20_260630_175141.pdf | Page: madina_page-06.png | Meal: FB | TYPE OF ROOM : PREMIUM FLOOR | Source period text: 19 AUGUST 2026 TO 16 DEC 2026,"Harga, pajak, dan availability final setelah admin cek manual ke hotel/OTA."
MADINAH,STANDARD,Hotel Peninsula Worth,,Alharmain PDF 19 Aug - 16 Dec 2026,Triple Room,FB meal plan,2026-08-19,2026-12-16,19 Aug - 16 Dec 2026,per kamar per malam,SAR,900,2,2,1,WiFi/detail fasilitas dicek manual via WhatsApp,Ketersediaan akhir dan payment dilanjutkan manual via WhatsApp,136,2026-07-06,INACTIVE,Source: (Madina Hotel 2026) New Season Far East 15 June 20_260630_175141.pdf | Page: madina_page-06.png | Meal: FB | TYPE OF ROOM : PREMIUM FLOOR | Source period text: 19 AUGUST 2026 TO 16 DEC 2026,"Harga, pajak, dan availability final setelah admin cek manual ke hotel/OTA."
MADINAH,STANDARD,Hotel Peninsula Worth,,Alharmain PDF 19 Aug - 16 Dec 2026,Quad Room,FB meal plan,2026-08-19,2026-12-16,19 Aug - 16 Dec 2026,per kamar per malam,SAR,1020,2,2,1,WiFi/detail fasilitas dicek manual via WhatsApp,Ketersediaan akhir dan payment dilanjutkan manual via WhatsApp,137,2026-07-06,INACTIVE,Source: (Madina Hotel 2026) New Season Far East 15 June 20_260630_175141.pdf | Page: madina_page-06.png | Meal: FB | TYPE OF ROOM : PREMIUM FLOOR | Source period text: 19 AUGUST 2026 TO 16 DEC 2026,"Harga, pajak, dan availability final setelah admin cek manual ke hotel/OTA."
MADINAH,STANDARD,Hotel Peninsula Worth,,Alharmain PDF 16 Dec 2026 - 9 Jan 2027,Double Room,FB meal plan,2026-12-16,2027-01-09,16 Dec 2026 - 9 Jan 2027,per kamar per malam,SAR,1230,2,2,1,WiFi/detail fasilitas dicek manual via WhatsApp,Ketersediaan akhir dan payment dilanjutkan manual via WhatsApp,138,2026-07-06,INACTIVE,Source: (Madina Hotel 2026) New Season Far East 15 June 20_260630_175141.pdf | Page: madina_page-06.png | Meal: FB | TYPE OF ROOM : PREMIUM FLOOR | Source period text: 16 DEC 2026 TO 9 JAN 2027,"Harga, pajak, dan availability final setelah admin cek manual ke hotel/OTA."
MADINAH,STANDARD,Hotel Peninsula Worth,,Alharmain PDF 16 Dec 2026 - 9 Jan 2027,Triple Room,FB meal plan,2026-12-16,2027-01-09,16 Dec 2026 - 9 Jan 2027,per kamar per malam,SAR,1380,2,2,1,WiFi/detail fasilitas dicek manual via WhatsApp,Ketersediaan akhir dan payment dilanjutkan manual via WhatsApp,139,2026-07-06,INACTIVE,Source: (Madina Hotel 2026) New Season Far East 15 June 20_260630_175141.pdf | Page: madina_page-06.png | Meal: FB | TYPE OF ROOM : PREMIUM FLOOR | Source period text: 16 DEC 2026 TO 9 JAN 2027,"Harga, pajak, dan availability final setelah admin cek manual ke hotel/OTA."
MADINAH,STANDARD,Hotel Peninsula Worth,,Alharmain PDF 16 Dec 2026 - 9 Jan 2027,Quad Room,FB meal plan,2026-12-16,2027-01-09,16 Dec 2026 - 9 Jan 2027,per kamar per malam,SAR,1530,2,2,1,WiFi/detail fasilitas dicek manual via WhatsApp,Ketersediaan akhir dan payment dilanjutkan manual via WhatsApp,140,2026-07-06,INACTIVE,Source: (Madina Hotel 2026) New Season Far East 15 June 20_260630_175141.pdf | Page: madina_page-06.png | Meal: FB | TYPE OF ROOM : PREMIUM FLOOR | Source period text: 16 DEC 2026 TO 9 JAN 2027,"Harga, pajak, dan availability final setelah admin cek manual ke hotel/OTA."
MADINAH,STANDARD,Hotel Peninsula Worth,,Alharmain PDF 9 Jan - 8 Feb 2027,Double Room,FB meal plan,2027-01-09,2027-02-08,9 Jan - 8 Feb 2027,per kamar per malam,SAR,930,2,2,1,WiFi/detail fasilitas dicek manual via WhatsApp,Ketersediaan akhir dan payment dilanjutkan manual via WhatsApp,141,2026-07-06,INACTIVE,Source: (Madina Hotel 2026) New Season Far East 15 June 20_260630_175141.pdf | Page: madina_page-06.png | Meal: FB | TYPE OF ROOM : PREMIUM FLOOR | Source period text: 9 JAN 2027 TO 8 FEB 2027,"Harga, pajak, dan availability final setelah admin cek manual ke hotel/OTA."
MADINAH,STANDARD,Hotel Peninsula Worth,,Alharmain PDF 9 Jan - 8 Feb 2027,Triple Room,FB meal plan,2027-01-09,2027-02-08,9 Jan - 8 Feb 2027,per kamar per malam,SAR,1080,2,2,1,WiFi/detail fasilitas dicek manual via WhatsApp,Ketersediaan akhir dan payment dilanjutkan manual via WhatsApp,142,2026-07-06,INACTIVE,Source: (Madina Hotel 2026) New Season Far East 15 June 20_260630_175141.pdf | Page: madina_page-06.png | Meal: FB | TYPE OF ROOM : PREMIUM FLOOR | Source period text: 9 JAN 2027 TO 8 FEB 2027,"Harga, pajak, dan availability final setelah admin cek manual ke hotel/OTA."
MADINAH,STANDARD,Hotel Peninsula Worth,,Alharmain PDF 9 Jan - 8 Feb 2027,Quad Room,FB meal plan,2027-01-09,2027-02-08,9 Jan - 8 Feb 2027,per kamar per malam,SAR,1230,2,2,1,WiFi/detail fasilitas dicek manual via WhatsApp,Ketersediaan akhir dan payment dilanjutkan manual via WhatsApp,143,2026-07-06,INACTIVE,Source: (Madina Hotel 2026) New Season Far East 15 June 20_260630_175141.pdf | Page: madina_page-06.png | Meal: FB | TYPE OF ROOM : PREMIUM FLOOR | Source period text: 9 JAN 2027 TO 8 FEB 2027,"Harga, pajak, dan availability final setelah admin cek manual ke hotel/OTA."
MADINAH,STANDARD,Hotel Dallah Taibah,,Alharmain PDF 1 Jul - 20 Aug 2026,Double Room,FB meal plan,2026-07-01,2026-08-20,1 Jul - 20 Aug 2026,per kamar per malam,SAR,786,2,2,1,WiFi/detail fasilitas dicek manual via WhatsApp,Ketersediaan akhir dan payment dilanjutkan manual via WhatsApp,144,2026-07-06,INACTIVE,Source: (Madina Hotel 2026) New Season Far East 15 June 20_260630_175141.pdf | Page: madina_page-06.png | Meal: FB | TYPE OF ROOM : PREMIUM FLOOR | MINIMUM 30 PAX | Source period text: 1 JULY 2026 TO 20 AUGUST 2026,"Harga, pajak, dan availability final setelah admin cek manual ke hotel/OTA."
MADINAH,STANDARD,Hotel Dallah Taibah,,Alharmain PDF 1 Jul - 20 Aug 2026,Triple Room,FB meal plan,2026-07-01,2026-08-20,1 Jul - 20 Aug 2026,per kamar per malam,SAR,927,2,2,1,WiFi/detail fasilitas dicek manual via WhatsApp,Ketersediaan akhir dan payment dilanjutkan manual via WhatsApp,145,2026-07-06,INACTIVE,Source: (Madina Hotel 2026) New Season Far East 15 June 20_260630_175141.pdf | Page: madina_page-06.png | Meal: FB | TYPE OF ROOM : PREMIUM FLOOR | MINIMUM 30 PAX | Source period text: 1 JULY 2026 TO 20 AUGUST 2026,"Harga, pajak, dan availability final setelah admin cek manual ke hotel/OTA."
MADINAH,STANDARD,Hotel Dallah Taibah,,Alharmain PDF 1 Jul - 20 Aug 2026,Jr Suite (4pax),FB meal plan,2026-07-01,2026-08-20,1 Jul - 20 Aug 2026,per kamar per malam,SAR,1189,2,2,1,WiFi/detail fasilitas dicek manual via WhatsApp,Ketersediaan akhir dan payment dilanjutkan manual via WhatsApp,146,2026-07-06,INACTIVE,Source: (Madina Hotel 2026) New Season Far East 15 June 20_260630_175141.pdf | Page: madina_page-06.png | Meal: FB | TYPE OF ROOM : PREMIUM FLOOR | MINIMUM 30 PAX | Source period text: 1 JULY 2026 TO 20 AUGUST 2026,"Harga, pajak, dan availability final setelah admin cek manual ke hotel/OTA."
MADINAH,STANDARD,Hotel Dallah Taibah,,Alharmain PDF 20 Aug - 1 Sep 2026,Double Room,FB meal plan,2026-08-20,2026-09-01,20 Aug - 1 Sep 2026,per kamar per malam,SAR,846,2,2,1,WiFi/detail fasilitas dicek manual via WhatsApp,Ketersediaan akhir dan payment dilanjutkan manual via WhatsApp,147,2026-07-06,INACTIVE,Source: (Madina Hotel 2026) New Season Far East 15 June 20_260630_175141.pdf | Page: madina_page-06.png | Meal: FB | TYPE OF ROOM : PREMIUM FLOOR | MINIMUM 30 PAX | Source period text: 20 AUGUST 2026 TO 1 SEP 2026,"Harga, pajak, dan availability final setelah admin cek manual ke hotel/OTA."
MADINAH,STANDARD,Hotel Dallah Taibah,,Alharmain PDF 20 Aug - 1 Sep 2026,Triple Room,FB meal plan,2026-08-20,2026-09-01,20 Aug - 1 Sep 2026,per kamar per malam,SAR,987,2,2,1,WiFi/detail fasilitas dicek manual via WhatsApp,Ketersediaan akhir dan payment dilanjutkan manual via WhatsApp,148,2026-07-06,INACTIVE,Source: (Madina Hotel 2026) New Season Far East 15 June 20_260630_175141.pdf | Page: madina_page-06.png | Meal: FB | TYPE OF ROOM : PREMIUM FLOOR | MINIMUM 30 PAX | Source period text: 20 AUGUST 2026 TO 1 SEP 2026,"Harga, pajak, dan availability final setelah admin cek manual ke hotel/OTA."
MADINAH,STANDARD,Hotel Dallah Taibah,,Alharmain PDF 20 Aug - 1 Sep 2026,Jr Suite (4pax),FB meal plan,2026-08-20,2026-09-01,20 Aug - 1 Sep 2026,per kamar per malam,SAR,1249,2,2,1,WiFi/detail fasilitas dicek manual via WhatsApp,Ketersediaan akhir dan payment dilanjutkan manual via WhatsApp,149,2026-07-06,INACTIVE,Source: (Madina Hotel 2026) New Season Far East 15 June 20_260630_175141.pdf | Page: madina_page-06.png | Meal: FB | TYPE OF ROOM : PREMIUM FLOOR | MINIMUM 30 PAX | Source period text: 20 AUGUST 2026 TO 1 SEP 2026,"Harga, pajak, dan availability final setelah admin cek manual ke hotel/OTA."
MADINAH,STANDARD,Hotel Dallah Taibah,,Alharmain PDF 1 Sep - 20 Nov 2026,Double Room,FB meal plan,2026-09-01,2026-11-20,1 Sep - 20 Nov 2026,per kamar per malam,SAR,786,2,2,1,WiFi/detail fasilitas dicek manual via WhatsApp,Ketersediaan akhir dan payment dilanjutkan manual via WhatsApp,150,2026-07-06,INACTIVE,Source: (Madina Hotel 2026) New Season Far East 15 June 20_260630_175141.pdf | Page: madina_page-06.png | Meal: FB | TYPE OF ROOM : PREMIUM FLOOR | MINIMUM 30 PAX | Source period text: 1 SEP 2026 TO 20 NOV 2026,"Harga, pajak, dan availability final setelah admin cek manual ke hotel/OTA."
MADINAH,STANDARD,Hotel Dallah Taibah,,Alharmain PDF 1 Sep - 20 Nov 2026,Triple Room,FB meal plan,2026-09-01,2026-11-20,1 Sep - 20 Nov 2026,per kamar per malam,SAR,927,2,2,1,WiFi/detail fasilitas dicek manual via WhatsApp,Ketersediaan akhir dan payment dilanjutkan manual via WhatsApp,151,2026-07-06,INACTIVE,Source: (Madina Hotel 2026) New Season Far East 15 June 20_260630_175141.pdf | Page: madina_page-06.png | Meal: FB | TYPE OF ROOM : PREMIUM FLOOR | MINIMUM 30 PAX | Source period text: 1 SEP 2026 TO 20 NOV 2026,"Harga, pajak, dan availability final setelah admin cek manual ke hotel/OTA."
MADINAH,STANDARD,Hotel Dallah Taibah,,Alharmain PDF 1 Sep - 20 Nov 2026,Jr Suite (4pax),FB meal plan,2026-09-01,2026-11-20,1 Sep - 20 Nov 2026,per kamar per malam,SAR,1189,2,2,1,WiFi/detail fasilitas dicek manual via WhatsApp,Ketersediaan akhir dan payment dilanjutkan manual via WhatsApp,152,2026-07-06,INACTIVE,Source: (Madina Hotel 2026) New Season Far East 15 June 20_260630_175141.pdf | Page: madina_page-06.png | Meal: FB | TYPE OF ROOM : PREMIUM FLOOR | MINIMUM 30 PAX | Source period text: 1 SEP 2026 TO 20 NOV 2026,"Harga, pajak, dan availability final setelah admin cek manual ke hotel/OTA."
MADINAH,STANDARD,Hotel Dallah Taibah,,Alharmain PDF 20 Nov - 1 Dec 2026,Double Room,FB meal plan,2026-11-20,2026-12-01,20 Nov - 1 Dec 2026,per kamar per malam,SAR,1329,2,2,1,WiFi/detail fasilitas dicek manual via WhatsApp,Ketersediaan akhir dan payment dilanjutkan manual via WhatsApp,153,2026-07-06,INACTIVE,Source: (Madina Hotel 2026) New Season Far East 15 June 20_260630_175141.pdf | Page: madina_page-06.png | Meal: FB | TYPE OF ROOM : PREMIUM FLOOR | MINIMUM 30 PAX | Source period text: 20 NOV 2026 TO 1 DEC 2026,"Harga, pajak, dan availability final setelah admin cek manual ke hotel/OTA."
MADINAH,STANDARD,Hotel Dallah Taibah,,Alharmain PDF 20 Nov - 1 Dec 2026,Triple Room,FB meal plan,2026-11-20,2026-12-01,20 Nov - 1 Dec 2026,per kamar per malam,SAR,1531,2,2,1,WiFi/detail fasilitas dicek manual via WhatsApp,Ketersediaan akhir dan payment dilanjutkan manual via WhatsApp,154,2026-07-06,INACTIVE,Source: (Madina Hotel 2026) New Season Far East 15 June 20_260630_175141.pdf | Page: madina_page-06.png | Meal: FB | TYPE OF ROOM : PREMIUM FLOOR | MINIMUM 30 PAX | Source period text: 20 NOV 2026 TO 1 DEC 2026,"Harga, pajak, dan availability final setelah admin cek manual ke hotel/OTA."
MADINAH,STANDARD,Hotel Dallah Taibah,,Alharmain PDF 20 Nov - 1 Dec 2026,Jr Suite (4pax),FB meal plan,2026-11-20,2026-12-01,20 Nov - 1 Dec 2026,per kamar per malam,SAR,1853,2,2,1,WiFi/detail fasilitas dicek manual via WhatsApp,Ketersediaan akhir dan payment dilanjutkan manual via WhatsApp,155,2026-07-06,INACTIVE,Source: (Madina Hotel 2026) New Season Far East 15 June 20_260630_175141.pdf | Page: madina_page-06.png | Meal: FB | TYPE OF ROOM : PREMIUM FLOOR | MINIMUM 30 PAX | Source period text: 20 NOV 2026 TO 1 DEC 2026,"Harga, pajak, dan availability final setelah admin cek manual ke hotel/OTA."
MADINAH,STANDARD,Hotel Dallah Taibah,,Alharmain PDF 1 Dec - 20 Dec 2026,Double Room,FB meal plan,2026-12-01,2026-12-20,1 Dec - 20 Dec 2026,per kamar per malam,SAR,846,2,2,1,WiFi/detail fasilitas dicek manual via WhatsApp,Ketersediaan akhir dan payment dilanjutkan manual via WhatsApp,156,2026-07-06,INACTIVE,Source: (Madina Hotel 2026) New Season Far East 15 June 20_260630_175141.pdf | Page: madina_page-06.png | Meal: FB | TYPE OF ROOM : PREMIUM FLOOR | MINIMUM 30 PAX | Source period text: 1 DEC 2026 TO 20 DEC 2026,"Harga, pajak, dan availability final setelah admin cek manual ke hotel/OTA."
MADINAH,STANDARD,Hotel Dallah Taibah,,Alharmain PDF 1 Dec - 20 Dec 2026,Triple Room,FB meal plan,2026-12-01,2026-12-20,1 Dec - 20 Dec 2026,per kamar per malam,SAR,987,2,2,1,WiFi/detail fasilitas dicek manual via WhatsApp,Ketersediaan akhir dan payment dilanjutkan manual via WhatsApp,157,2026-07-06,INACTIVE,Source: (Madina Hotel 2026) New Season Far East 15 June 20_260630_175141.pdf | Page: madina_page-06.png | Meal: FB | TYPE OF ROOM : PREMIUM FLOOR | MINIMUM 30 PAX | Source period text: 1 DEC 2026 TO 20 DEC 2026,"Harga, pajak, dan availability final setelah admin cek manual ke hotel/OTA."
MADINAH,STANDARD,Hotel Dallah Taibah,,Alharmain PDF 1 Dec - 20 Dec 2026,Jr Suite (4pax),FB meal plan,2026-12-01,2026-12-20,1 Dec - 20 Dec 2026,per kamar per malam,SAR,1249,2,2,1,WiFi/detail fasilitas dicek manual via WhatsApp,Ketersediaan akhir dan payment dilanjutkan manual via WhatsApp,158,2026-07-06,INACTIVE,Source: (Madina Hotel 2026) New Season Far East 15 June 20_260630_175141.pdf | Page: madina_page-06.png | Meal: FB | TYPE OF ROOM : PREMIUM FLOOR | MINIMUM 30 PAX | Source period text: 1 DEC 2026 TO 20 DEC 2026,"Harga, pajak, dan availability final setelah admin cek manual ke hotel/OTA."
MADINAH,STANDARD,Hotel Dallah Taibah,,Alharmain PDF 20 Dec 2026 - 10 Jan 2027,Double Room,FB meal plan,2026-12-20,2027-01-10,20 Dec 2026 - 10 Jan 2027,per kamar per malam,SAR,1450,2,2,1,WiFi/detail fasilitas dicek manual via WhatsApp,Ketersediaan akhir dan payment dilanjutkan manual via WhatsApp,159,2026-07-06,INACTIVE,Source: (Madina Hotel 2026) New Season Far East 15 June 20_260630_175141.pdf | Page: madina_page-06.png | Meal: FB | TYPE OF ROOM : PREMIUM FLOOR | MINIMUM 30 PAX | Source period text: 20 DEC 2026 TO 10 JAN 2027,"Harga, pajak, dan availability final setelah admin cek manual ke hotel/OTA."
MADINAH,STANDARD,Hotel Dallah Taibah,,Alharmain PDF 20 Dec 2026 - 10 Jan 2027,Triple Room,FB meal plan,2026-12-20,2027-01-10,20 Dec 2026 - 10 Jan 2027,per kamar per malam,SAR,1651,2,2,1,WiFi/detail fasilitas dicek manual via WhatsApp,Ketersediaan akhir dan payment dilanjutkan manual via WhatsApp,160,2026-07-06,INACTIVE,Source: (Madina Hotel 2026) New Season Far East 15 June 20_260630_175141.pdf | Page: madina_page-06.png | Meal: FB | TYPE OF ROOM : PREMIUM FLOOR | MINIMUM 30 PAX | Source period text: 20 DEC 2026 TO 10 JAN 2027,"Harga, pajak, dan availability final setelah admin cek manual ke hotel/OTA."
MADINAH,STANDARD,Hotel Dallah Taibah,,Alharmain PDF 20 Dec 2026 - 10 Jan 2027,Jr Suite (4pax),FB meal plan,2026-12-20,2027-01-10,20 Dec 2026 - 10 Jan 2027,per kamar per malam,SAR,1974,2,2,1,WiFi/detail fasilitas dicek manual via WhatsApp,Ketersediaan akhir dan payment dilanjutkan manual via WhatsApp,161,2026-07-06,INACTIVE,Source: (Madina Hotel 2026) New Season Far East 15 June 20_260630_175141.pdf | Page: madina_page-06.png | Meal: FB | TYPE OF ROOM : PREMIUM FLOOR | MINIMUM 30 PAX | Source period text: 20 DEC 2026 TO 10 JAN 2027,"Harga, pajak, dan availability final setelah admin cek manual ke hotel/OTA."
MADINAH,STANDARD,Dar Al Hijra Intercontinental,,Alharmain PDF 23 Jun - 31 Aug 2026,Single/Double Room,FB meal plan,2026-06-23,2026-08-31,23 Jun - 31 Aug 2026,per kamar per malam,SAR,770,2,2,1,WiFi/detail fasilitas dicek manual via WhatsApp,Ketersediaan akhir dan payment dilanjutkan manual via WhatsApp,162,2026-07-06,INACTIVE,Source: (Madina Hotel 2026) New Season Far East 15 June 20_260630_175141.pdf | Page: madina_page-06.png | Meal: FB | MINIMUM 30 PAX | Source period text: 23 JUNE 2026 TO 31 AUGUST 2026,"Harga, pajak, dan availability final setelah admin cek manual ke hotel/OTA."
MADINAH,STANDARD,Dar Al Hijra Intercontinental,,Alharmain PDF 23 Jun - 31 Aug 2026,Triple Room,FB meal plan,2026-06-23,2026-08-31,23 Jun - 31 Aug 2026,per kamar per malam,SAR,955,2,2,1,WiFi/detail fasilitas dicek manual via WhatsApp,Ketersediaan akhir dan payment dilanjutkan manual via WhatsApp,163,2026-07-06,INACTIVE,Source: (Madina Hotel 2026) New Season Far East 15 June 20_260630_175141.pdf | Page: madina_page-06.png | Meal: FB | MINIMUM 30 PAX | Source period text: 23 JUNE 2026 TO 31 AUGUST 2026,"Harga, pajak, dan availability final setelah admin cek manual ke hotel/OTA."
MADINAH,STANDARD,Dar Al Hijra Intercontinental,,Alharmain PDF 23 Jun - 31 Aug 2026,Quad Room,FB meal plan,2026-06-23,2026-08-31,23 Jun - 31 Aug 2026,per kamar per malam,SAR,1140,2,2,1,WiFi/detail fasilitas dicek manual via WhatsApp,Ketersediaan akhir dan payment dilanjutkan manual via WhatsApp,164,2026-07-06,INACTIVE,Source: (Madina Hotel 2026) New Season Far East 15 June 20_260630_175141.pdf | Page: madina_page-06.png | Meal: FB | MINIMUM 30 PAX | Source period text: 23 JUNE 2026 TO 31 AUGUST 2026,"Harga, pajak, dan availability final setelah admin cek manual ke hotel/OTA."
MADINAH,STANDARD,Dar Al Hijra Intercontinental,,Alharmain PDF Sep 2026,Single/Double Room,FB meal plan,2026-09-01,2026-09-30,Sep 2026,per kamar per malam,SAR,875,2,2,1,WiFi/detail fasilitas dicek manual via WhatsApp,Ketersediaan akhir dan payment dilanjutkan manual via WhatsApp,165,2026-07-06,INACTIVE,Source: (Madina Hotel 2026) New Season Far East 15 June 20_260630_175141.pdf | Page: madina_page-06.png | Meal: FB | MINIMUM 30 PAX | Source period text: 1 SEP 2026 TO 30 SEP 2026,"Harga, pajak, dan availability final setelah admin cek manual ke hotel/OTA."
MADINAH,STANDARD,Dar Al Hijra Intercontinental,,Alharmain PDF Sep 2026,Triple Room,FB meal plan,2026-09-01,2026-09-30,Sep 2026,per kamar per malam,SAR,1060,2,2,1,WiFi/detail fasilitas dicek manual via WhatsApp,Ketersediaan akhir dan payment dilanjutkan manual via WhatsApp,166,2026-07-06,INACTIVE,Source: (Madina Hotel 2026) New Season Far East 15 June 20_260630_175141.pdf | Page: madina_page-06.png | Meal: FB | MINIMUM 30 PAX | Source period text: 1 SEP 2026 TO 30 SEP 2026,"Harga, pajak, dan availability final setelah admin cek manual ke hotel/OTA."
MADINAH,STANDARD,Dar Al Hijra Intercontinental,,Alharmain PDF Sep 2026,Quad Room,FB meal plan,2026-09-01,2026-09-30,Sep 2026,per kamar per malam,SAR,1245,2,2,1,WiFi/detail fasilitas dicek manual via WhatsApp,Ketersediaan akhir dan payment dilanjutkan manual via WhatsApp,167,2026-07-06,INACTIVE,Source: (Madina Hotel 2026) New Season Far East 15 June 20_260630_175141.pdf | Page: madina_page-06.png | Meal: FB | MINIMUM 30 PAX | Source period text: 1 SEP 2026 TO 30 SEP 2026,"Harga, pajak, dan availability final setelah admin cek manual ke hotel/OTA."
MADINAH,STANDARD,Dar Al Hijra Intercontinental,,Alharmain PDF Oct 2026,Single/Double Room,FB meal plan,2026-10-01,2026-10-31,Oct 2026,per kamar per malam,SAR,965,2,2,1,WiFi/detail fasilitas dicek manual via WhatsApp,Ketersediaan akhir dan payment dilanjutkan manual via WhatsApp,168,2026-07-06,INACTIVE,Source: (Madina Hotel 2026) New Season Far East 15 June 20_260630_175141.pdf | Page: madina_page-06.png | Meal: FB | MINIMUM 30 PAX | Source period text: 1 OCT 2026 TO,"Harga, pajak, dan availability final setelah admin cek manual ke hotel/OTA."
MADINAH,STANDARD,Dar Al Hijra Intercontinental,,Alharmain PDF Oct 2026,Triple Room,FB meal plan,2026-10-01,2026-10-31,Oct 2026,per kamar per malam,SAR,1150,2,2,1,WiFi/detail fasilitas dicek manual via WhatsApp,Ketersediaan akhir dan payment dilanjutkan manual via WhatsApp,169,2026-07-06,INACTIVE,Source: (Madina Hotel 2026) New Season Far East 15 June 20_260630_175141.pdf | Page: madina_page-06.png | Meal: FB | MINIMUM 30 PAX | Source period text: 1 OCT 2026 TO,"Harga, pajak, dan availability final setelah admin cek manual ke hotel/OTA."
MADINAH,STANDARD,Dar Al Hijra Intercontinental,,Alharmain PDF Oct 2026,Quad Room,FB meal plan,2026-10-01,2026-10-31,Oct 2026,per kamar per malam,SAR,1335,2,2,1,WiFi/detail fasilitas dicek manual via WhatsApp,Ketersediaan akhir dan payment dilanjutkan manual via WhatsApp,170,2026-07-06,INACTIVE,Source: (Madina Hotel 2026) New Season Far East 15 June 20_260630_175141.pdf | Page: madina_page-06.png | Meal: FB | MINIMUM 30 PAX | Source period text: 1 OCT 2026 TO,"Harga, pajak, dan availability final setelah admin cek manual ke hotel/OTA."
MADINAH,STANDARD,Hotel The Venue Al Harithia,,Alharmain PDF 23 Jun - 20 Sep 2026,Double Room,FB meal plan,2026-06-23,2026-09-20,23 Jun - 20 Sep 2026,per kamar per malam,SAR,800,2,2,1,WiFi/detail fasilitas dicek manual via WhatsApp,Ketersediaan akhir dan payment dilanjutkan manual via WhatsApp,171,2026-07-06,INACTIVE,Source: (Madina Hotel 2026) New Season Far East 15 June 20_260630_175141.pdf | Page: madina_page-07.png | Meal: FB | Source period text: 23 JUNE 2026 TO 20 SEP 2026,"Harga, pajak, dan availability final setelah admin cek manual ke hotel/OTA."
MADINAH,STANDARD,Hotel The Venue Al Harithia,,Alharmain PDF 23 Jun - 20 Sep 2026,Triple Room,FB meal plan,2026-06-23,2026-09-20,23 Jun - 20 Sep 2026,per kamar per malam,SAR,950,2,2,1,WiFi/detail fasilitas dicek manual via WhatsApp,Ketersediaan akhir dan payment dilanjutkan manual via WhatsApp,172,2026-07-06,INACTIVE,Source: (Madina Hotel 2026) New Season Far East 15 June 20_260630_175141.pdf | Page: madina_page-07.png | Meal: FB | Source period text: 23 JUNE 2026 TO 20 SEP 2026,"Harga, pajak, dan availability final setelah admin cek manual ke hotel/OTA."
MADINAH,STANDARD,Hotel The Venue Al Harithia,,Alharmain PDF 23 Jun - 20 Sep 2026,Quad Room,FB meal plan,2026-06-23,2026-09-20,23 Jun - 20 Sep 2026,per kamar per malam,SAR,1100,2,2,1,WiFi/detail fasilitas dicek manual via WhatsApp,Ketersediaan akhir dan payment dilanjutkan manual via WhatsApp,173,2026-07-06,INACTIVE,Source: (Madina Hotel 2026) New Season Far East 15 June 20_260630_175141.pdf | Page: madina_page-07.png | Meal: FB | Source period text: 23 JUNE 2026 TO 20 SEP 2026,"Harga, pajak, dan availability final setelah admin cek manual ke hotel/OTA."
MADINAH,STANDARD,Hotel The Venue Al Harithia,,Alharmain PDF 20 Sep - 22 Oct 2026,Double Room,FB meal plan,2026-09-20,2026-10-22,20 Sep - 22 Oct 2026,per kamar per malam,SAR,850,2,2,1,WiFi/detail fasilitas dicek manual via WhatsApp,Ketersediaan akhir dan payment dilanjutkan manual via WhatsApp,174,2026-07-06,INACTIVE,Source: (Madina Hotel 2026) New Season Far East 15 June 20_260630_175141.pdf | Page: madina_page-07.png | Meal: FB | Source period text: 20 SEP 2026 TO 22 OCT 2026,"Harga, pajak, dan availability final setelah admin cek manual ke hotel/OTA."
MADINAH,STANDARD,Hotel The Venue Al Harithia,,Alharmain PDF 20 Sep - 22 Oct 2026,Triple Room,FB meal plan,2026-09-20,2026-10-22,20 Sep - 22 Oct 2026,per kamar per malam,SAR,1000,2,2,1,WiFi/detail fasilitas dicek manual via WhatsApp,Ketersediaan akhir dan payment dilanjutkan manual via WhatsApp,175,2026-07-06,INACTIVE,Source: (Madina Hotel 2026) New Season Far East 15 June 20_260630_175141.pdf | Page: madina_page-07.png | Meal: FB | Source period text: 20 SEP 2026 TO 22 OCT 2026,"Harga, pajak, dan availability final setelah admin cek manual ke hotel/OTA."
MADINAH,STANDARD,Hotel The Venue Al Harithia,,Alharmain PDF 20 Sep - 22 Oct 2026,Quad Room,FB meal plan,2026-09-20,2026-10-22,20 Sep - 22 Oct 2026,per kamar per malam,SAR,1150,2,2,1,WiFi/detail fasilitas dicek manual via WhatsApp,Ketersediaan akhir dan payment dilanjutkan manual via WhatsApp,176,2026-07-06,INACTIVE,Source: (Madina Hotel 2026) New Season Far East 15 June 20_260630_175141.pdf | Page: madina_page-07.png | Meal: FB | Source period text: 20 SEP 2026 TO 22 OCT 2026,"Harga, pajak, dan availability final setelah admin cek manual ke hotel/OTA."
MADINAH,STANDARD,Grand Plaza Badr Al Maqom,,Alharmain PDF 26 Jun - 20 Sep 2026,Double Room,FB meal plan,2026-06-26,2026-09-20,26 Jun - 20 Sep 2026,per kamar per malam,SAR,570,2,2,1,WiFi/detail fasilitas dicek manual via WhatsApp,Ketersediaan akhir dan payment dilanjutkan manual via WhatsApp,177,2026-07-06,INACTIVE,Source: (Madina Hotel 2026) New Season Far East 15 June 20_260630_175141.pdf | Page: madina_page-07.png | Meal: FB | Source period text: 26 JUNE 2026 TO 20 SEP 2026,"Harga, pajak, dan availability final setelah admin cek manual ke hotel/OTA."
MADINAH,STANDARD,Grand Plaza Badr Al Maqom,,Alharmain PDF 26 Jun - 20 Sep 2026,Triple Room,FB meal plan,2026-06-26,2026-09-20,26 Jun - 20 Sep 2026,per kamar per malam,SAR,650,2,2,1,WiFi/detail fasilitas dicek manual via WhatsApp,Ketersediaan akhir dan payment dilanjutkan manual via WhatsApp,178,2026-07-06,INACTIVE,Source: (Madina Hotel 2026) New Season Far East 15 June 20_260630_175141.pdf | Page: madina_page-07.png | Meal: FB | Source period text: 26 JUNE 2026 TO 20 SEP 2026,"Harga, pajak, dan availability final setelah admin cek manual ke hotel/OTA."
MADINAH,STANDARD,Grand Plaza Badr Al Maqom,,Alharmain PDF 26 Jun - 20 Sep 2026,Quad Room,FB meal plan,2026-06-26,2026-09-20,26 Jun - 20 Sep 2026,per kamar per malam,SAR,730,2,2,1,WiFi/detail fasilitas dicek manual via WhatsApp,Ketersediaan akhir dan payment dilanjutkan manual via WhatsApp,179,2026-07-06,INACTIVE,Source: (Madina Hotel 2026) New Season Far East 15 June 20_260630_175141.pdf | Page: madina_page-07.png | Meal: FB | Source period text: 26 JUNE 2026 TO 20 SEP 2026,"Harga, pajak, dan availability final setelah admin cek manual ke hotel/OTA."
MADINAH,STANDARD,Grand Plaza Badr Al Maqom,,Alharmain PDF 20 Sep - 22 Oct 2026,Double Room,FB meal plan,2026-09-20,2026-10-22,20 Sep - 22 Oct 2026,per kamar per malam,SAR,600,2,2,1,WiFi/detail fasilitas dicek manual via WhatsApp,Ketersediaan akhir dan payment dilanjutkan manual via WhatsApp,180,2026-07-06,INACTIVE,Source: (Madina Hotel 2026) New Season Far East 15 June 20_260630_175141.pdf | Page: madina_page-07.png | Meal: FB | Source period text: 20 SEP 2026 TO 22 OCT 2026,"Harga, pajak, dan availability final setelah admin cek manual ke hotel/OTA."
MADINAH,STANDARD,Grand Plaza Badr Al Maqom,,Alharmain PDF 20 Sep - 22 Oct 2026,Triple Room,FB meal plan,2026-09-20,2026-10-22,20 Sep - 22 Oct 2026,per kamar per malam,SAR,680,2,2,1,WiFi/detail fasilitas dicek manual via WhatsApp,Ketersediaan akhir dan payment dilanjutkan manual via WhatsApp,181,2026-07-06,INACTIVE,Source: (Madina Hotel 2026) New Season Far East 15 June 20_260630_175141.pdf | Page: madina_page-07.png | Meal: FB | Source period text: 20 SEP 2026 TO 22 OCT 2026,"Harga, pajak, dan availability final setelah admin cek manual ke hotel/OTA."
MADINAH,STANDARD,Grand Plaza Badr Al Maqom,,Alharmain PDF 20 Sep - 22 Oct 2026,Quad Room,FB meal plan,2026-09-20,2026-10-22,20 Sep - 22 Oct 2026,per kamar per malam,SAR,760,2,2,1,WiFi/detail fasilitas dicek manual via WhatsApp,Ketersediaan akhir dan payment dilanjutkan manual via WhatsApp,182,2026-07-06,INACTIVE,Source: (Madina Hotel 2026) New Season Far East 15 June 20_260630_175141.pdf | Page: madina_page-07.png | Meal: FB | Source period text: 20 SEP 2026 TO 22 OCT 2026,"Harga, pajak, dan availability final setelah admin cek manual ke hotel/OTA."
MADINAH,STANDARD,Hotel Shaza Regency Plaza,,Alharmain PDF 27 Jun - 20 Sep 2026,Double Room,FB meal plan,2026-06-27,2026-09-20,27 Jun - 20 Sep 2026,per kamar per malam,SAR,550,2,2,1,WiFi/detail fasilitas dicek manual via WhatsApp,Ketersediaan akhir dan payment dilanjutkan manual via WhatsApp,183,2026-07-06,INACTIVE,Source: (Madina Hotel 2026) New Season Far East 15 June 20_260630_175141.pdf | Page: madina_page-07.png | Meal: FB | Source period text: 27 JUNE 2026 TO 20 SEP 2026,"Harga, pajak, dan availability final setelah admin cek manual ke hotel/OTA."
MADINAH,STANDARD,Hotel Shaza Regency Plaza,,Alharmain PDF 27 Jun - 20 Sep 2026,Triple Room,FB meal plan,2026-06-27,2026-09-20,27 Jun - 20 Sep 2026,per kamar per malam,SAR,630,2,2,1,WiFi/detail fasilitas dicek manual via WhatsApp,Ketersediaan akhir dan payment dilanjutkan manual via WhatsApp,184,2026-07-06,INACTIVE,Source: (Madina Hotel 2026) New Season Far East 15 June 20_260630_175141.pdf | Page: madina_page-07.png | Meal: FB | Source period text: 27 JUNE 2026 TO 20 SEP 2026,"Harga, pajak, dan availability final setelah admin cek manual ke hotel/OTA."
MADINAH,STANDARD,Hotel Shaza Regency Plaza,,Alharmain PDF 27 Jun - 20 Sep 2026,Quad Room,FB meal plan,2026-06-27,2026-09-20,27 Jun - 20 Sep 2026,per kamar per malam,SAR,710,2,2,1,WiFi/detail fasilitas dicek manual via WhatsApp,Ketersediaan akhir dan payment dilanjutkan manual via WhatsApp,185,2026-07-06,INACTIVE,Source: (Madina Hotel 2026) New Season Far East 15 June 20_260630_175141.pdf | Page: madina_page-07.png | Meal: FB | Source period text: 27 JUNE 2026 TO 20 SEP 2026,"Harga, pajak, dan availability final setelah admin cek manual ke hotel/OTA."
MADINAH,STANDARD,Hotel Shaza Regency Plaza,,Alharmain PDF 20 Sep - 22 Oct 2026,Double Room,FB meal plan,2026-09-20,2026-10-22,20 Sep - 22 Oct 2026,per kamar per malam,SAR,580,2,2,1,WiFi/detail fasilitas dicek manual via WhatsApp,Ketersediaan akhir dan payment dilanjutkan manual via WhatsApp,186,2026-07-06,INACTIVE,Source: (Madina Hotel 2026) New Season Far East 15 June 20_260630_175141.pdf | Page: madina_page-07.png | Meal: FB | Source period text: 20 SEP 2026 TO 22 OCT 2026,"Harga, pajak, dan availability final setelah admin cek manual ke hotel/OTA."
MADINAH,STANDARD,Hotel Shaza Regency Plaza,,Alharmain PDF 20 Sep - 22 Oct 2026,Triple Room,FB meal plan,2026-09-20,2026-10-22,20 Sep - 22 Oct 2026,per kamar per malam,SAR,660,2,2,1,WiFi/detail fasilitas dicek manual via WhatsApp,Ketersediaan akhir dan payment dilanjutkan manual via WhatsApp,187,2026-07-06,INACTIVE,Source: (Madina Hotel 2026) New Season Far East 15 June 20_260630_175141.pdf | Page: madina_page-07.png | Meal: FB | Source period text: 20 SEP 2026 TO 22 OCT 2026,"Harga, pajak, dan availability final setelah admin cek manual ke hotel/OTA."
MADINAH,STANDARD,Hotel Shaza Regency Plaza,,Alharmain PDF 20 Sep - 22 Oct 2026,Quad Room,FB meal plan,2026-09-20,2026-10-22,20 Sep - 22 Oct 2026,per kamar per malam,SAR,740,2,2,1,WiFi/detail fasilitas dicek manual via WhatsApp,Ketersediaan akhir dan payment dilanjutkan manual via WhatsApp,188,2026-07-06,INACTIVE,Source: (Madina Hotel 2026) New Season Far East 15 June 20_260630_175141.pdf | Page: madina_page-07.png | Meal: FB | Source period text: 20 SEP 2026 TO 22 OCT 2026,"Harga, pajak, dan availability final setelah admin cek manual ke hotel/OTA."
MADINAH,STANDARD,Dar Al Iman Intercontinental,,Alharmain PDF 11 Jun - 31 Jul 2026,Single/Double Room,FB meal plan,2026-06-11,2026-07-31,11 Jun - 31 Jul 2026,per kamar per malam,SAR,1350,2,2,1,WiFi/detail fasilitas dicek manual via WhatsApp,Ketersediaan akhir dan payment dilanjutkan manual via WhatsApp,189,2026-07-06,INACTIVE,Source: (Madina Hotel 2026) New Season Far East 15 June 20_260630_175141.pdf | Page: madina_page-07.png | Meal: FB | Source period text: 11 JUNE 2026 TO 31 JULY 2026,"Harga, pajak, dan availability final setelah admin cek manual ke hotel/OTA."
MADINAH,STANDARD,Dar Al Iman Intercontinental,,Alharmain PDF 11 Jun - 31 Jul 2026,Triple Room,FB meal plan,2026-06-11,2026-07-31,11 Jun - 31 Jul 2026,per kamar per malam,SAR,1660,2,2,1,WiFi/detail fasilitas dicek manual via WhatsApp,Ketersediaan akhir dan payment dilanjutkan manual via WhatsApp,190,2026-07-06,INACTIVE,Source: (Madina Hotel 2026) New Season Far East 15 June 20_260630_175141.pdf | Page: madina_page-07.png | Meal: FB | Source period text: 11 JUNE 2026 TO 31 JULY 2026,"Harga, pajak, dan availability final setelah admin cek manual ke hotel/OTA."
MADINAH,STANDARD,Dar Al Iman Intercontinental,,Alharmain PDF 11 Jun - 31 Jul 2026,Quad Room,FB meal plan,2026-06-11,2026-07-31,11 Jun - 31 Jul 2026,per kamar per malam,SAR,1970,2,2,1,WiFi/detail fasilitas dicek manual via WhatsApp,Ketersediaan akhir dan payment dilanjutkan manual via WhatsApp,191,2026-07-06,INACTIVE,Source: (Madina Hotel 2026) New Season Far East 15 June 20_260630_175141.pdf | Page: madina_page-07.png | Meal: FB | Source period text: 11 JUNE 2026 TO 31 JULY 2026,"Harga, pajak, dan availability final setelah admin cek manual ke hotel/OTA."
MADINAH,STANDARD,Dar Al Iman Intercontinental,,Alharmain PDF Aug-Sep 2026,Single/Double Room,FB meal plan,2026-08-01,2026-09-30,Aug-Sep 2026,per kamar per malam,SAR,1470,2,2,1,WiFi/detail fasilitas dicek manual via WhatsApp,Ketersediaan akhir dan payment dilanjutkan manual via WhatsApp,192,2026-07-06,INACTIVE,Source: (Madina Hotel 2026) New Season Far East 15 June 20_260630_175141.pdf | Page: madina_page-07.png | Meal: FB | Source period text: 1 AUGUST 2026 TO 30 SEP 2026,"Harga, pajak, dan availability final setelah admin cek manual ke hotel/OTA."
MADINAH,STANDARD,Dar Al Iman Intercontinental,,Alharmain PDF Aug-Sep 2026,Triple Room,FB meal plan,2026-08-01,2026-09-30,Aug-Sep 2026,per kamar per malam,SAR,1780,2,2,1,WiFi/detail fasilitas dicek manual via WhatsApp,Ketersediaan akhir dan payment dilanjutkan manual via WhatsApp,193,2026-07-06,INACTIVE,Source: (Madina Hotel 2026) New Season Far East 15 June 20_260630_175141.pdf | Page: madina_page-07.png | Meal: FB | Source period text: 1 AUGUST 2026 TO 30 SEP 2026,"Harga, pajak, dan availability final setelah admin cek manual ke hotel/OTA."
MADINAH,STANDARD,Dar Al Iman Intercontinental,,Alharmain PDF Aug-Sep 2026,Quad Room,FB meal plan,2026-08-01,2026-09-30,Aug-Sep 2026,per kamar per malam,SAR,2090,2,2,1,WiFi/detail fasilitas dicek manual via WhatsApp,Ketersediaan akhir dan payment dilanjutkan manual via WhatsApp,194,2026-07-06,INACTIVE,Source: (Madina Hotel 2026) New Season Far East 15 June 20_260630_175141.pdf | Page: madina_page-07.png | Meal: FB | Source period text: 1 AUGUST 2026 TO 30 SEP 2026,"Harga, pajak, dan availability final setelah admin cek manual ke hotel/OTA."
MADINAH,STANDARD,Dar Al Iman Intercontinental,,Alharmain PDF Oct 2026,Single/Double Room,FB meal plan,2026-10-01,2026-10-31,Oct 2026,per kamar per malam,SAR,1716,2,2,1,WiFi/detail fasilitas dicek manual via WhatsApp,Ketersediaan akhir dan payment dilanjutkan manual via WhatsApp,195,2026-07-06,INACTIVE,Source: (Madina Hotel 2026) New Season Far East 15 June 20_260630_175141.pdf | Page: madina_page-07.png | Meal: FB | Source period text: 1 OCT 2026 TO 31 OCT 2026,"Harga, pajak, dan availability final setelah admin cek manual ke hotel/OTA."
MADINAH,STANDARD,Dar Al Iman Intercontinental,,Alharmain PDF Oct 2026,Triple Room,FB meal plan,2026-10-01,2026-10-31,Oct 2026,per kamar per malam,SAR,2086,2,2,1,WiFi/detail fasilitas dicek manual via WhatsApp,Ketersediaan akhir dan payment dilanjutkan manual via WhatsApp,196,2026-07-06,INACTIVE,Source: (Madina Hotel 2026) New Season Far East 15 June 20_260630_175141.pdf | Page: madina_page-07.png | Meal: FB | Source period text: 1 OCT 2026 TO 31 OCT 2026,"Harga, pajak, dan availability final setelah admin cek manual ke hotel/OTA."
MADINAH,STANDARD,Dar Al Iman Intercontinental,,Alharmain PDF Oct 2026,Quad Room,FB meal plan,2026-10-01,2026-10-31,Oct 2026,per kamar per malam,SAR,2456,2,2,1,WiFi/detail fasilitas dicek manual via WhatsApp,Ketersediaan akhir dan payment dilanjutkan manual via WhatsApp,197,2026-07-06,INACTIVE,Source: (Madina Hotel 2026) New Season Far East 15 June 20_260630_175141.pdf | Page: madina_page-07.png | Meal: FB | Source period text: 1 OCT 2026 TO 31 OCT 2026,"Harga, pajak, dan availability final setelah admin cek manual ke hotel/OTA."
MADINAH,STANDARD,Hotel Millenium Aqeeq,,Alharmain PDF 25 Jun - 30 Sep 2026,Double Room,FB meal plan,2026-06-25,2026-09-30,25 Jun - 30 Sep 2026,per kamar per malam,SAR,805,2,2,1,WiFi/detail fasilitas dicek manual via WhatsApp,Ketersediaan akhir dan payment dilanjutkan manual via WhatsApp,198,2026-07-06,INACTIVE,Source: (Madina Hotel 2026) New Season Far East 15 June 20_260630_175141.pdf | Page: madina_page-07.png | Meal: FB | Source period text: 25 JUNE 2026 TO 30 SEP 2026,"Harga, pajak, dan availability final setelah admin cek manual ke hotel/OTA."
MADINAH,STANDARD,Hotel Millenium Aqeeq,,Alharmain PDF 25 Jun - 30 Sep 2026,Triple Room,FB meal plan,2026-06-25,2026-09-30,25 Jun - 30 Sep 2026,per kamar per malam,SAR,930,2,2,1,WiFi/detail fasilitas dicek manual via WhatsApp,Ketersediaan akhir dan payment dilanjutkan manual via WhatsApp,199,2026-07-06,INACTIVE,Source: (Madina Hotel 2026) New Season Far East 15 June 20_260630_175141.pdf | Page: madina_page-07.png | Meal: FB | Source period text: 25 JUNE 2026 TO 30 SEP 2026,"Harga, pajak, dan availability final setelah admin cek manual ke hotel/OTA."
MADINAH,STANDARD,Hotel Millenium Aqeeq,,Alharmain PDF 25 Jun - 30 Sep 2026,Quad Room,FB meal plan,2026-06-25,2026-09-30,25 Jun - 30 Sep 2026,per kamar per malam,SAR,1055,2,2,1,WiFi/detail fasilitas dicek manual via WhatsApp,Ketersediaan akhir dan payment dilanjutkan manual via WhatsApp,200,2026-07-06,INACTIVE,Source: (Madina Hotel 2026) New Season Far East 15 June 20_260630_175141.pdf | Page: madina_page-07.png | Meal: FB | Source period text: 25 JUNE 2026 TO 30 SEP 2026,"Harga, pajak, dan availability final setelah admin cek manual ke hotel/OTA."
MADINAH,STANDARD,Hotel Millenium Aqeeq,,Alharmain PDF 1 Oct - 10 Dec 2026,Double Room,FB meal plan,2026-10-01,2026-12-10,1 Oct - 10 Dec 2026,per kamar per malam,SAR,890,2,2,1,WiFi/detail fasilitas dicek manual via WhatsApp,Ketersediaan akhir dan payment dilanjutkan manual via WhatsApp,201,2026-07-06,INACTIVE,Source: (Madina Hotel 2026) New Season Far East 15 June 20_260630_175141.pdf | Page: madina_page-07.png | Meal: FB | Source period text: 1 OCT 2026 TO 10 DEC 2026,"Harga, pajak, dan availability final setelah admin cek manual ke hotel/OTA."
MADINAH,STANDARD,Hotel Millenium Aqeeq,,Alharmain PDF 1 Oct - 10 Dec 2026,Triple Room,FB meal plan,2026-10-01,2026-12-10,1 Oct - 10 Dec 2026,per kamar per malam,SAR,1015,2,2,1,WiFi/detail fasilitas dicek manual via WhatsApp,Ketersediaan akhir dan payment dilanjutkan manual via WhatsApp,202,2026-07-06,INACTIVE,Source: (Madina Hotel 2026) New Season Far East 15 June 20_260630_175141.pdf | Page: madina_page-07.png | Meal: FB | Source period text: 1 OCT 2026 TO 10 DEC 2026,"Harga, pajak, dan availability final setelah admin cek manual ke hotel/OTA."
MADINAH,STANDARD,Hotel Millenium Aqeeq,,Alharmain PDF 1 Oct - 10 Dec 2026,Quad Room,FB meal plan,2026-10-01,2026-12-10,1 Oct - 10 Dec 2026,per kamar per malam,SAR,1140,2,2,1,WiFi/detail fasilitas dicek manual via WhatsApp,Ketersediaan akhir dan payment dilanjutkan manual via WhatsApp,203,2026-07-06,INACTIVE,Source: (Madina Hotel 2026) New Season Far East 15 June 20_260630_175141.pdf | Page: madina_page-07.png | Meal: FB | Source period text: 1 OCT 2026 TO 10 DEC 2026,"Harga, pajak, dan availability final setelah admin cek manual ke hotel/OTA."
MADINAH,STANDARD,Hotel Dar Al Eiman Al Haram,,Alharmain PDF 16 Jun - 30 Jun 2026,Double Room,FB meal plan,2026-06-16,2026-06-30,16 Jun - 30 Jun 2026,per kamar per malam,SAR,1030,2,2,1,WiFi/detail fasilitas dicek manual via WhatsApp,Ketersediaan akhir dan payment dilanjutkan manual via WhatsApp,204,2026-07-06,INACTIVE,Source: (Madina Hotel 2026) New Season Far East 15 June 20_260630_175141.pdf | Page: madina_page-08.png | Meal: FB | Source period text: 16 JUNE 2026 TO 30 JUNE 2026,"Harga, pajak, dan availability final setelah admin cek manual ke hotel/OTA."
MADINAH,STANDARD,Hotel Dar Al Eiman Al Haram,,Alharmain PDF 16 Jun - 30 Jun 2026,Triple Room,FB meal plan,2026-06-16,2026-06-30,16 Jun - 30 Jun 2026,per kamar per malam,SAR,1330,2,2,1,WiFi/detail fasilitas dicek manual via WhatsApp,Ketersediaan akhir dan payment dilanjutkan manual via WhatsApp,205,2026-07-06,INACTIVE,Source: (Madina Hotel 2026) New Season Far East 15 June 20_260630_175141.pdf | Page: madina_page-08.png | Meal: FB | Source period text: 16 JUNE 2026 TO 30 JUNE 2026,"Harga, pajak, dan availability final setelah admin cek manual ke hotel/OTA."
MADINAH,STANDARD,Hotel Dar Al Eiman Al Haram,,Alharmain PDF 16 Jun - 30 Jun 2026,Quad Room,FB meal plan,2026-06-16,2026-06-30,16 Jun - 30 Jun 2026,per kamar per malam,SAR,1630,2,2,1,WiFi/detail fasilitas dicek manual via WhatsApp,Ketersediaan akhir dan payment dilanjutkan manual via WhatsApp,206,2026-07-06,INACTIVE,Source: (Madina Hotel 2026) New Season Far East 15 June 20_260630_175141.pdf | Page: madina_page-08.png | Meal: FB | Source period text: 16 JUNE 2026 TO 30 JUNE 2026,"Harga, pajak, dan availability final setelah admin cek manual ke hotel/OTA."
MADINAH,STANDARD,Hotel Dar Al Eiman Al Haram,,Alharmain PDF 30 Jun - 15 Aug 2026,Double Room,FB meal plan,2026-06-30,2026-08-15,30 Jun - 15 Aug 2026,per kamar per malam,SAR,830,2,2,1,WiFi/detail fasilitas dicek manual via WhatsApp,Ketersediaan akhir dan payment dilanjutkan manual via WhatsApp,207,2026-07-06,INACTIVE,Source: (Madina Hotel 2026) New Season Far East 15 June 20_260630_175141.pdf | Page: madina_page-08.png | Meal: FB | Source period text: 30 JUNE 2026 TO 15 AUGUST 2026,"Harga, pajak, dan availability final setelah admin cek manual ke hotel/OTA."
MADINAH,STANDARD,Hotel Dar Al Eiman Al Haram,,Alharmain PDF 30 Jun - 15 Aug 2026,Triple Room,FB meal plan,2026-06-30,2026-08-15,30 Jun - 15 Aug 2026,per kamar per malam,SAR,955,2,2,1,WiFi/detail fasilitas dicek manual via WhatsApp,Ketersediaan akhir dan payment dilanjutkan manual via WhatsApp,208,2026-07-06,INACTIVE,Source: (Madina Hotel 2026) New Season Far East 15 June 20_260630_175141.pdf | Page: madina_page-08.png | Meal: FB | Source period text: 30 JUNE 2026 TO 15 AUGUST 2026,"Harga, pajak, dan availability final setelah admin cek manual ke hotel/OTA."
MADINAH,STANDARD,Hotel Dar Al Eiman Al Haram,,Alharmain PDF 30 Jun - 15 Aug 2026,Quad Room,FB meal plan,2026-06-30,2026-08-15,30 Jun - 15 Aug 2026,per kamar per malam,SAR,1080,2,2,1,WiFi/detail fasilitas dicek manual via WhatsApp,Ketersediaan akhir dan payment dilanjutkan manual via WhatsApp,209,2026-07-06,INACTIVE,Source: (Madina Hotel 2026) New Season Far East 15 June 20_260630_175141.pdf | Page: madina_page-08.png | Meal: FB | Source period text: 30 JUNE 2026 TO 15 AUGUST 2026,"Harga, pajak, dan availability final setelah admin cek manual ke hotel/OTA."
MADINAH,STANDARD,Hotel Dar Al Eiman Al Haram,,Alharmain PDF 15 Aug - 11 Nov 2026,Double Room,FB meal plan,2026-08-15,2026-11-11,15 Aug - 11 Nov 2026,per kamar per malam,SAR,930,2,2,1,WiFi/detail fasilitas dicek manual via WhatsApp,Ketersediaan akhir dan payment dilanjutkan manual via WhatsApp,210,2026-07-06,INACTIVE,Source: (Madina Hotel 2026) New Season Far East 15 June 20_260630_175141.pdf | Page: madina_page-08.png | Meal: FB | Source period text: 15 AUGUST 2026 TO 11 NOV 2026,"Harga, pajak, dan availability final setelah admin cek manual ke hotel/OTA."
MADINAH,STANDARD,Hotel Dar Al Eiman Al Haram,,Alharmain PDF 15 Aug - 11 Nov 2026,Triple Room,FB meal plan,2026-08-15,2026-11-11,15 Aug - 11 Nov 2026,per kamar per malam,SAR,1055,2,2,1,WiFi/detail fasilitas dicek manual via WhatsApp,Ketersediaan akhir dan payment dilanjutkan manual via WhatsApp,211,2026-07-06,INACTIVE,Source: (Madina Hotel 2026) New Season Far East 15 June 20_260630_175141.pdf | Page: madina_page-08.png | Meal: FB | Source period text: 15 AUGUST 2026 TO 11 NOV 2026,"Harga, pajak, dan availability final setelah admin cek manual ke hotel/OTA."
MADINAH,STANDARD,Hotel Dar Al Eiman Al Haram,,Alharmain PDF 15 Aug - 11 Nov 2026,Quad Room,FB meal plan,2026-08-15,2026-11-11,15 Aug - 11 Nov 2026,per kamar per malam,SAR,1180,2,2,1,WiFi/detail fasilitas dicek manual via WhatsApp,Ketersediaan akhir dan payment dilanjutkan manual via WhatsApp,212,2026-07-06,INACTIVE,Source: (Madina Hotel 2026) New Season Far East 15 June 20_260630_175141.pdf | Page: madina_page-08.png | Meal: FB | Source period text: 15 AUGUST 2026 TO 11 NOV 2026,"Harga, pajak, dan availability final setelah admin cek manual ke hotel/OTA."
MADINAH,STANDARD,Hotel Dar Al Eiman Al Haram,,Alharmain PDF 11 Nov - 10 Dec 2026,Double Room,FB meal plan,2026-11-11,2026-12-10,11 Nov - 10 Dec 2026,per kamar per malam,SAR,1130,2,2,1,WiFi/detail fasilitas dicek manual via WhatsApp,Ketersediaan akhir dan payment dilanjutkan manual via WhatsApp,213,2026-07-06,INACTIVE,Source: (Madina Hotel 2026) New Season Far East 15 June 20_260630_175141.pdf | Page: madina_page-08.png | Meal: FB | Source period text: 11 NOV 2026 TO 10 DEC 2026,"Harga, pajak, dan availability final setelah admin cek manual ke hotel/OTA."
MADINAH,STANDARD,Hotel Dar Al Eiman Al Haram,,Alharmain PDF 11 Nov - 10 Dec 2026,Triple Room,FB meal plan,2026-11-11,2026-12-10,11 Nov - 10 Dec 2026,per kamar per malam,SAR,1255,2,2,1,WiFi/detail fasilitas dicek manual via WhatsApp,Ketersediaan akhir dan payment dilanjutkan manual via WhatsApp,214,2026-07-06,INACTIVE,Source: (Madina Hotel 2026) New Season Far East 15 June 20_260630_175141.pdf | Page: madina_page-08.png | Meal: FB | Source period text: 11 NOV 2026 TO 10 DEC 2026,"Harga, pajak, dan availability final setelah admin cek manual ke hotel/OTA."
MADINAH,STANDARD,Hotel Dar Al Eiman Al Haram,,Alharmain PDF 11 Nov - 10 Dec 2026,Quad Room,FB meal plan,2026-11-11,2026-12-10,11 Nov - 10 Dec 2026,per kamar per malam,SAR,1380,2,2,1,WiFi/detail fasilitas dicek manual via WhatsApp,Ketersediaan akhir dan payment dilanjutkan manual via WhatsApp,215,2026-07-06,INACTIVE,Source: (Madina Hotel 2026) New Season Far East 15 June 20_260630_175141.pdf | Page: madina_page-08.png | Meal: FB | Source period text: 11 NOV 2026 TO 10 DEC 2026,"Harga, pajak, dan availability final setelah admin cek manual ke hotel/OTA."
MADINAH,STANDARD,The Oberoi Hotel,,Alharmain PDF 16 Jun - 15 Aug 2026,Single Room,FB meal plan,2026-06-16,2026-08-15,16 Jun - 15 Aug 2026,per kamar per malam,SAR,1530,2,2,1,WiFi/detail fasilitas dicek manual via WhatsApp,Ketersediaan akhir dan payment dilanjutkan manual via WhatsApp,216,2026-07-06,INACTIVE,Source: (Madina Hotel 2026) New Season Far East 15 June 20_260630_175141.pdf | Page: madina_page-08.png | Meal: FB | TYPE OF ROOM : SUPERIOR ROOM | Source period text: 16 JUNE 2026 TO 15 AUGUST 2026,"Harga, pajak, dan availability final setelah admin cek manual ke hotel/OTA."
MADINAH,STANDARD,The Oberoi Hotel,,Alharmain PDF 16 Jun - 15 Aug 2026,Double Room,FB meal plan,2026-06-16,2026-08-15,16 Jun - 15 Aug 2026,per kamar per malam,SAR,1730,2,2,1,WiFi/detail fasilitas dicek manual via WhatsApp,Ketersediaan akhir dan payment dilanjutkan manual via WhatsApp,217,2026-07-06,INACTIVE,Source: (Madina Hotel 2026) New Season Far East 15 June 20_260630_175141.pdf | Page: madina_page-08.png | Meal: FB | TYPE OF ROOM : SUPERIOR ROOM | Source period text: 16 JUNE 2026 TO 15 AUGUST 2026,"Harga, pajak, dan availability final setelah admin cek manual ke hotel/OTA."
MADINAH,STANDARD,The Oberoi Hotel,,Alharmain PDF 16 Jun - 15 Aug 2026,Triple Room,FB meal plan,2026-06-16,2026-08-15,16 Jun - 15 Aug 2026,per kamar per malam,SAR,2230,2,2,1,WiFi/detail fasilitas dicek manual via WhatsApp,Ketersediaan akhir dan payment dilanjutkan manual via WhatsApp,218,2026-07-06,INACTIVE,Source: (Madina Hotel 2026) New Season Far East 15 June 20_260630_175141.pdf | Page: madina_page-08.png | Meal: FB | TYPE OF ROOM : SUPERIOR ROOM | Source period text: 16 JUNE 2026 TO 15 AUGUST 2026,"Harga, pajak, dan availability final setelah admin cek manual ke hotel/OTA."
MADINAH,STANDARD,The Oberoi Hotel,,Alharmain PDF 15 Aug - 11 Nov 2026,Single Room,FB meal plan,2026-08-15,2026-11-11,15 Aug - 11 Nov 2026,per kamar per malam,SAR,1730,2,2,1,WiFi/detail fasilitas dicek manual via WhatsApp,Ketersediaan akhir dan payment dilanjutkan manual via WhatsApp,219,2026-07-06,INACTIVE,Source: (Madina Hotel 2026) New Season Far East 15 June 20_260630_175141.pdf | Page: madina_page-08.png | Meal: FB | TYPE OF ROOM : SUPERIOR ROOM | Source period text: 15 AUGUST 2026 TO 11 NOV 2026,"Harga, pajak, dan availability final setelah admin cek manual ke hotel/OTA."
MADINAH,STANDARD,The Oberoi Hotel,,Alharmain PDF 15 Aug - 11 Nov 2026,Double Room,FB meal plan,2026-08-15,2026-11-11,15 Aug - 11 Nov 2026,per kamar per malam,SAR,1930,2,2,1,WiFi/detail fasilitas dicek manual via WhatsApp,Ketersediaan akhir dan payment dilanjutkan manual via WhatsApp,220,2026-07-06,INACTIVE,Source: (Madina Hotel 2026) New Season Far East 15 June 20_260630_175141.pdf | Page: madina_page-08.png | Meal: FB | TYPE OF ROOM : SUPERIOR ROOM | Source period text: 15 AUGUST 2026 TO 11 NOV 2026,"Harga, pajak, dan availability final setelah admin cek manual ke hotel/OTA."
MADINAH,STANDARD,The Oberoi Hotel,,Alharmain PDF 15 Aug - 11 Nov 2026,Triple Room,FB meal plan,2026-08-15,2026-11-11,15 Aug - 11 Nov 2026,per kamar per malam,SAR,2430,2,2,1,WiFi/detail fasilitas dicek manual via WhatsApp,Ketersediaan akhir dan payment dilanjutkan manual via WhatsApp,221,2026-07-06,INACTIVE,Source: (Madina Hotel 2026) New Season Far East 15 June 20_260630_175141.pdf | Page: madina_page-08.png | Meal: FB | TYPE OF ROOM : SUPERIOR ROOM | Source period text: 15 AUGUST 2026 TO 11 NOV 2026,"Harga, pajak, dan availability final setelah admin cek manual ke hotel/OTA."
MADINAH,STANDARD,The Oberoi Hotel,,Alharmain PDF 11 Nov - 10 Dec 2026,Single Room,FB meal plan,2026-11-11,2026-12-10,11 Nov - 10 Dec 2026,per kamar per malam,SAR,2230,2,2,1,WiFi/detail fasilitas dicek manual via WhatsApp,Ketersediaan akhir dan payment dilanjutkan manual via WhatsApp,222,2026-07-06,INACTIVE,Source: (Madina Hotel 2026) New Season Far East 15 June 20_260630_175141.pdf | Page: madina_page-08.png | Meal: FB | TYPE OF ROOM : SUPERIOR ROOM | Source period text: 11 NOV 2026 TO 10 DEC 2026,"Harga, pajak, dan availability final setelah admin cek manual ke hotel/OTA."
MADINAH,STANDARD,The Oberoi Hotel,,Alharmain PDF 11 Nov - 10 Dec 2026,Double Room,FB meal plan,2026-11-11,2026-12-10,11 Nov - 10 Dec 2026,per kamar per malam,SAR,2430,2,2,1,WiFi/detail fasilitas dicek manual via WhatsApp,Ketersediaan akhir dan payment dilanjutkan manual via WhatsApp,223,2026-07-06,INACTIVE,Source: (Madina Hotel 2026) New Season Far East 15 June 20_260630_175141.pdf | Page: madina_page-08.png | Meal: FB | TYPE OF ROOM : SUPERIOR ROOM | Source period text: 11 NOV 2026 TO 10 DEC 2026,"Harga, pajak, dan availability final setelah admin cek manual ke hotel/OTA."
MADINAH,STANDARD,The Oberoi Hotel,,Alharmain PDF 11 Nov - 10 Dec 2026,Triple Room,FB meal plan,2026-11-11,2026-12-10,11 Nov - 10 Dec 2026,per kamar per malam,SAR,2930,2,2,1,WiFi/detail fasilitas dicek manual via WhatsApp,Ketersediaan akhir dan payment dilanjutkan manual via WhatsApp,224,2026-07-06,INACTIVE,Source: (Madina Hotel 2026) New Season Far East 15 June 20_260630_175141.pdf | Page: madina_page-08.png | Meal: FB | TYPE OF ROOM : SUPERIOR ROOM | Source period text: 11 NOV 2026 TO 10 DEC 2026,"Harga, pajak, dan availability final setelah admin cek manual ke hotel/OTA."
MADINAH,STANDARD,Hotel Movenpick Madina,,Alharmain PDF 10 Jun - 20 Sep 2026,Double Room,FB meal plan,2026-06-10,2026-09-20,10 Jun - 20 Sep 2026,per kamar per malam,SAR,880,2,2,1,WiFi/detail fasilitas dicek manual via WhatsApp,Ketersediaan akhir dan payment dilanjutkan manual via WhatsApp,225,2026-07-06,INACTIVE,Source: (Madina Hotel 2026) New Season Far East 15 June 20_260630_175141.pdf | Page: madina_page-08.png | Meal: FB | TYPE OF ROOM : SUPERIOR ROOM | Source period text: 10 JUNE 2026 TO 20 SEP 2026,"Harga, pajak, dan availability final setelah admin cek manual ke hotel/OTA."
MADINAH,STANDARD,Hotel Movenpick Madina,,Alharmain PDF 10 Jun - 20 Sep 2026,Triple Room,FB meal plan,2026-06-10,2026-09-20,10 Jun - 20 Sep 2026,per kamar per malam,SAR,1030,2,2,1,WiFi/detail fasilitas dicek manual via WhatsApp,Ketersediaan akhir dan payment dilanjutkan manual via WhatsApp,226,2026-07-06,INACTIVE,Source: (Madina Hotel 2026) New Season Far East 15 June 20_260630_175141.pdf | Page: madina_page-08.png | Meal: FB | TYPE OF ROOM : SUPERIOR ROOM | Source period text: 10 JUNE 2026 TO 20 SEP 2026,"Harga, pajak, dan availability final setelah admin cek manual ke hotel/OTA."
MADINAH,STANDARD,Hotel Movenpick Madina,,Alharmain PDF 10 Jun - 20 Sep 2026,Quad Room,FB meal plan,2026-06-10,2026-09-20,10 Jun - 20 Sep 2026,per kamar per malam,SAR,1180,2,2,1,WiFi/detail fasilitas dicek manual via WhatsApp,Ketersediaan akhir dan payment dilanjutkan manual via WhatsApp,227,2026-07-06,INACTIVE,Source: (Madina Hotel 2026) New Season Far East 15 June 20_260630_175141.pdf | Page: madina_page-08.png | Meal: FB | TYPE OF ROOM : SUPERIOR ROOM | Source period text: 10 JUNE 2026 TO 20 SEP 2026,"Harga, pajak, dan availability final setelah admin cek manual ke hotel/OTA."
MADINAH,STANDARD,Hotel Movenpick Madina,,Alharmain PDF 21 Sep - 2 Nov 2026,Double Room,FB meal plan,2026-09-21,2026-11-02,21 Sep - 2 Nov 2026,per kamar per malam,SAR,930,2,2,1,WiFi/detail fasilitas dicek manual via WhatsApp,Ketersediaan akhir dan payment dilanjutkan manual via WhatsApp,228,2026-07-06,INACTIVE,Source: (Madina Hotel 2026) New Season Far East 15 June 20_260630_175141.pdf | Page: madina_page-08.png | Meal: FB | TYPE OF ROOM : SUPERIOR ROOM | Source period text: 21 SEP 2026 TO 2 NOV 2026,"Harga, pajak, dan availability final setelah admin cek manual ke hotel/OTA."
MADINAH,STANDARD,Hotel Movenpick Madina,,Alharmain PDF 21 Sep - 2 Nov 2026,Triple Room,FB meal plan,2026-09-21,2026-11-02,21 Sep - 2 Nov 2026,per kamar per malam,SAR,1080,2,2,1,WiFi/detail fasilitas dicek manual via WhatsApp,Ketersediaan akhir dan payment dilanjutkan manual via WhatsApp,229,2026-07-06,INACTIVE,Source: (Madina Hotel 2026) New Season Far East 15 June 20_260630_175141.pdf | Page: madina_page-08.png | Meal: FB | TYPE OF ROOM : SUPERIOR ROOM | Source period text: 21 SEP 2026 TO 2 NOV 2026,"Harga, pajak, dan availability final setelah admin cek manual ke hotel/OTA."
MADINAH,STANDARD,Hotel Movenpick Madina,,Alharmain PDF 21 Sep - 2 Nov 2026,Quad Room,FB meal plan,2026-09-21,2026-11-02,21 Sep - 2 Nov 2026,per kamar per malam,SAR,1230,2,2,1,WiFi/detail fasilitas dicek manual via WhatsApp,Ketersediaan akhir dan payment dilanjutkan manual via WhatsApp,230,2026-07-06,INACTIVE,Source: (Madina Hotel 2026) New Season Far East 15 June 20_260630_175141.pdf | Page: madina_page-08.png | Meal: FB | TYPE OF ROOM : SUPERIOR ROOM | Source period text: 21 SEP 2026 TO 2 NOV 2026,"Harga, pajak, dan availability final setelah admin cek manual ke hotel/OTA."
MADINAH,STANDARD,Hotel Emaar Royal,,Alharmain PDF 30 Jun - 19 Aug 2026,Double Room,FB meal plan,2026-06-30,2026-08-19,30 Jun - 19 Aug 2026,per kamar per malam,SAR,605,2,2,1,WiFi/detail fasilitas dicek manual via WhatsApp,Ketersediaan akhir dan payment dilanjutkan manual via WhatsApp,231,2026-07-06,INACTIVE,Source: (Madina Hotel 2026) New Season Far East 15 June 20_260630_175141.pdf | Page: madina_page-08.png | Meal: FB | Source period text: 30 JUNE 2026 TO 19 AUGUST 2026,"Harga, pajak, dan availability final setelah admin cek manual ke hotel/OTA."
MADINAH,STANDARD,Hotel Emaar Royal,,Alharmain PDF 30 Jun - 19 Aug 2026,Triple Room,FB meal plan,2026-06-30,2026-08-19,30 Jun - 19 Aug 2026,per kamar per malam,SAR,680,2,2,1,WiFi/detail fasilitas dicek manual via WhatsApp,Ketersediaan akhir dan payment dilanjutkan manual via WhatsApp,232,2026-07-06,INACTIVE,Source: (Madina Hotel 2026) New Season Far East 15 June 20_260630_175141.pdf | Page: madina_page-08.png | Meal: FB | Source period text: 30 JUNE 2026 TO 19 AUGUST 2026,"Harga, pajak, dan availability final setelah admin cek manual ke hotel/OTA."
MADINAH,STANDARD,Hotel Emaar Royal,,Alharmain PDF 30 Jun - 19 Aug 2026,Quad Room,FB meal plan,2026-06-30,2026-08-19,30 Jun - 19 Aug 2026,per kamar per malam,SAR,755,2,2,1,WiFi/detail fasilitas dicek manual via WhatsApp,Ketersediaan akhir dan payment dilanjutkan manual via WhatsApp,233,2026-07-06,INACTIVE,Source: (Madina Hotel 2026) New Season Far East 15 June 20_260630_175141.pdf | Page: madina_page-08.png | Meal: FB | Source period text: 30 JUNE 2026 TO 19 AUGUST 2026,"Harga, pajak, dan availability final setelah admin cek manual ke hotel/OTA."
MADINAH,STANDARD,Hotel Emaar Royal,,Alharmain PDF 19 Aug - 16 Dec 2026,Double Room,FB meal plan,2026-08-19,2026-12-16,19 Aug - 16 Dec 2026,per kamar per malam,SAR,705,2,2,1,WiFi/detail fasilitas dicek manual via WhatsApp,Ketersediaan akhir dan payment dilanjutkan manual via WhatsApp,234,2026-07-06,INACTIVE,Source: (Madina Hotel 2026) New Season Far East 15 June 20_260630_175141.pdf | Page: madina_page-08.png | Meal: FB | Source period text: 19 AUGUST 2026 TO 16 DEC 2026,"Harga, pajak, dan availability final setelah admin cek manual ke hotel/OTA."
MADINAH,STANDARD,Hotel Emaar Royal,,Alharmain PDF 19 Aug - 16 Dec 2026,Triple Room,FB meal plan,2026-08-19,2026-12-16,19 Aug - 16 Dec 2026,per kamar per malam,SAR,805,2,2,1,WiFi/detail fasilitas dicek manual via WhatsApp,Ketersediaan akhir dan payment dilanjutkan manual via WhatsApp,235,2026-07-06,INACTIVE,Source: (Madina Hotel 2026) New Season Far East 15 June 20_260630_175141.pdf | Page: madina_page-08.png | Meal: FB | Source period text: 19 AUGUST 2026 TO 16 DEC 2026,"Harga, pajak, dan availability final setelah admin cek manual ke hotel/OTA."
MADINAH,STANDARD,Hotel Emaar Royal,,Alharmain PDF 19 Aug - 16 Dec 2026,Quad Room,FB meal plan,2026-08-19,2026-12-16,19 Aug - 16 Dec 2026,per kamar per malam,SAR,905,2,2,1,WiFi/detail fasilitas dicek manual via WhatsApp,Ketersediaan akhir dan payment dilanjutkan manual via WhatsApp,236,2026-07-06,INACTIVE,Source: (Madina Hotel 2026) New Season Far East 15 June 20_260630_175141.pdf | Page: madina_page-08.png | Meal: FB | Source period text: 19 AUGUST 2026 TO 16 DEC 2026,"Harga, pajak, dan availability final setelah admin cek manual ke hotel/OTA."
MADINAH,STANDARD,Hotel Emaar Royal,,Alharmain PDF 16 Dec 2026 - 9 Jan 2027,Double Room,FB meal plan,2026-12-16,2027-01-09,16 Dec 2026 - 9 Jan 2027,per kamar per malam,SAR,1130,2,2,1,WiFi/detail fasilitas dicek manual via WhatsApp,Ketersediaan akhir dan payment dilanjutkan manual via WhatsApp,237,2026-07-06,INACTIVE,Source: (Madina Hotel 2026) New Season Far East 15 June 20_260630_175141.pdf | Page: madina_page-08.png | Meal: FB | Source period text: 16 DEC 2026 TO 9 JAN 2027,"Harga, pajak, dan availability final setelah admin cek manual ke hotel/OTA."
MADINAH,STANDARD,Hotel Emaar Royal,,Alharmain PDF 16 Dec 2026 - 9 Jan 2027,Triple Room,FB meal plan,2026-12-16,2027-01-09,16 Dec 2026 - 9 Jan 2027,per kamar per malam,SAR,1280,2,2,1,WiFi/detail fasilitas dicek manual via WhatsApp,Ketersediaan akhir dan payment dilanjutkan manual via WhatsApp,238,2026-07-06,INACTIVE,Source: (Madina Hotel 2026) New Season Far East 15 June 20_260630_175141.pdf | Page: madina_page-08.png | Meal: FB | Source period text: 16 DEC 2026 TO 9 JAN 2027,"Harga, pajak, dan availability final setelah admin cek manual ke hotel/OTA."
MADINAH,STANDARD,Hotel Emaar Royal,,Alharmain PDF 16 Dec 2026 - 9 Jan 2027,Quad Room,FB meal plan,2026-12-16,2027-01-09,16 Dec 2026 - 9 Jan 2027,per kamar per malam,SAR,1430,2,2,1,WiFi/detail fasilitas dicek manual via WhatsApp,Ketersediaan akhir dan payment dilanjutkan manual via WhatsApp,239,2026-07-06,INACTIVE,Source: (Madina Hotel 2026) New Season Far East 15 June 20_260630_175141.pdf | Page: madina_page-08.png | Meal: FB | Source period text: 16 DEC 2026 TO 9 JAN 2027,"Harga, pajak, dan availability final setelah admin cek manual ke hotel/OTA."
MADINAH,STANDARD,Hotel Emaar Royal,,Alharmain PDF 9 Jan - 8 Feb 2027,Double Room,FB meal plan,2027-01-09,2027-02-08,9 Jan - 8 Feb 2027,per kamar per malam,SAR,805,2,2,1,WiFi/detail fasilitas dicek manual via WhatsApp,Ketersediaan akhir dan payment dilanjutkan manual via WhatsApp,240,2026-07-06,INACTIVE,Source: (Madina Hotel 2026) New Season Far East 15 June 20_260630_175141.pdf | Page: madina_page-08.png | Meal: FB | Source period text: 9 JAN 2027 TO 8 FEB 2027,"Harga, pajak, dan availability final setelah admin cek manual ke hotel/OTA."
MADINAH,STANDARD,Hotel Emaar Royal,,Alharmain PDF 9 Jan - 8 Feb 2027,Triple Room,FB meal plan,2027-01-09,2027-02-08,9 Jan - 8 Feb 2027,per kamar per malam,SAR,905,2,2,1,WiFi/detail fasilitas dicek manual via WhatsApp,Ketersediaan akhir dan payment dilanjutkan manual via WhatsApp,241,2026-07-06,INACTIVE,Source: (Madina Hotel 2026) New Season Far East 15 June 20_260630_175141.pdf | Page: madina_page-08.png | Meal: FB | Source period text: 9 JAN 2027 TO 8 FEB 2027,"Harga, pajak, dan availability final setelah admin cek manual ke hotel/OTA."
MADINAH,STANDARD,Hotel Emaar Royal,,Alharmain PDF 9 Jan - 8 Feb 2027,Quad Room,FB meal plan,2027-01-09,2027-02-08,9 Jan - 8 Feb 2027,per kamar per malam,SAR,1005,2,2,1,WiFi/detail fasilitas dicek manual via WhatsApp,Ketersediaan akhir dan payment dilanjutkan manual via WhatsApp,242,2026-07-06,INACTIVE,Source: (Madina Hotel 2026) New Season Far East 15 June 20_260630_175141.pdf | Page: madina_page-08.png | Meal: FB | Source period text: 9 JAN 2027 TO 8 FEB 2027,"Harga, pajak, dan availability final setelah admin cek manual ke hotel/OTA."
MADINAH,STANDARD,Hotel Al Ritz Madina,,Alharmain PDF 30 Jun - 14 Aug 2026,Double Room,FB meal plan,2026-06-30,2026-08-14,30 Jun - 14 Aug 2026,per kamar per malam,SAR,630,2,2,1,WiFi/detail fasilitas dicek manual via WhatsApp,Ketersediaan akhir dan payment dilanjutkan manual via WhatsApp,243,2026-07-06,INACTIVE,Source: (Madina Hotel 2026) New Season Far East 15 June 20_260630_175141.pdf | Page: madina_page-09.png | Meal: FB | Source period text: 30 JUNE 2026 TO 14 AUGUST 2026,"Harga, pajak, dan availability final setelah admin cek manual ke hotel/OTA."
MADINAH,STANDARD,Hotel Al Ritz Madina,,Alharmain PDF 30 Jun - 14 Aug 2026,Triple Room,FB meal plan,2026-06-30,2026-08-14,30 Jun - 14 Aug 2026,per kamar per malam,SAR,710,2,2,1,WiFi/detail fasilitas dicek manual via WhatsApp,Ketersediaan akhir dan payment dilanjutkan manual via WhatsApp,244,2026-07-06,INACTIVE,Source: (Madina Hotel 2026) New Season Far East 15 June 20_260630_175141.pdf | Page: madina_page-09.png | Meal: FB | Source period text: 30 JUNE 2026 TO 14 AUGUST 2026,"Harga, pajak, dan availability final setelah admin cek manual ke hotel/OTA."
MADINAH,STANDARD,Hotel Al Ritz Madina,,Alharmain PDF 30 Jun - 14 Aug 2026,Quad Room,FB meal plan,2026-06-30,2026-08-14,30 Jun - 14 Aug 2026,per kamar per malam,SAR,790,2,2,1,WiFi/detail fasilitas dicek manual via WhatsApp,Ketersediaan akhir dan payment dilanjutkan manual via WhatsApp,245,2026-07-06,INACTIVE,Source: (Madina Hotel 2026) New Season Far East 15 June 20_260630_175141.pdf | Page: madina_page-09.png | Meal: FB | Source period text: 30 JUNE 2026 TO 14 AUGUST 2026,"Harga, pajak, dan availability final setelah admin cek manual ke hotel/OTA."
MADINAH,STANDARD,Hotel Al Ritz Madina,,Alharmain PDF 15 Aug - 20 Sep 2026,Double Room,FB meal plan,2026-08-15,2026-09-20,15 Aug - 20 Sep 2026,per kamar per malam,SAR,680,2,2,1,WiFi/detail fasilitas dicek manual via WhatsApp,Ketersediaan akhir dan payment dilanjutkan manual via WhatsApp,246,2026-07-06,INACTIVE,Source: (Madina Hotel 2026) New Season Far East 15 June 20_260630_175141.pdf | Page: madina_page-09.png | Meal: FB | Source period text: 15 AUGUST 2026 TO 20 SEP 2026,"Harga, pajak, dan availability final setelah admin cek manual ke hotel/OTA."
MADINAH,STANDARD,Hotel Al Ritz Madina,,Alharmain PDF 15 Aug - 20 Sep 2026,Triple Room,FB meal plan,2026-08-15,2026-09-20,15 Aug - 20 Sep 2026,per kamar per malam,SAR,760,2,2,1,WiFi/detail fasilitas dicek manual via WhatsApp,Ketersediaan akhir dan payment dilanjutkan manual via WhatsApp,247,2026-07-06,INACTIVE,Source: (Madina Hotel 2026) New Season Far East 15 June 20_260630_175141.pdf | Page: madina_page-09.png | Meal: FB | Source period text: 15 AUGUST 2026 TO 20 SEP 2026,"Harga, pajak, dan availability final setelah admin cek manual ke hotel/OTA."
MADINAH,STANDARD,Hotel Al Ritz Madina,,Alharmain PDF 15 Aug - 20 Sep 2026,Quad Room,FB meal plan,2026-08-15,2026-09-20,15 Aug - 20 Sep 2026,per kamar per malam,SAR,850,2,2,1,WiFi/detail fasilitas dicek manual via WhatsApp,Ketersediaan akhir dan payment dilanjutkan manual via WhatsApp,248,2026-07-06,INACTIVE,Source: (Madina Hotel 2026) New Season Far East 15 June 20_260630_175141.pdf | Page: madina_page-09.png | Meal: FB | Source period text: 15 AUGUST 2026 TO 20 SEP 2026,"Harga, pajak, dan availability final setelah admin cek manual ke hotel/OTA."
MADINAH,STANDARD,Hotel Al Ritz Madina,,Alharmain PDF 21 Sep - 8 Dec 2026,Double Room,FB meal plan,2026-09-21,2026-12-08,21 Sep - 8 Dec 2026,per kamar per malam,SAR,750,2,2,1,WiFi/detail fasilitas dicek manual via WhatsApp,Ketersediaan akhir dan payment dilanjutkan manual via WhatsApp,249,2026-07-06,INACTIVE,Source: (Madina Hotel 2026) New Season Far East 15 June 20_260630_175141.pdf | Page: madina_page-09.png | Meal: FB | Source period text: 21 SEP 2026 TO 8 DEC 2026,"Harga, pajak, dan availability final setelah admin cek manual ke hotel/OTA."
MADINAH,STANDARD,Hotel Al Ritz Madina,,Alharmain PDF 21 Sep - 8 Dec 2026,Triple Room,FB meal plan,2026-09-21,2026-12-08,21 Sep - 8 Dec 2026,per kamar per malam,SAR,840,2,2,1,WiFi/detail fasilitas dicek manual via WhatsApp,Ketersediaan akhir dan payment dilanjutkan manual via WhatsApp,250,2026-07-06,INACTIVE,Source: (Madina Hotel 2026) New Season Far East 15 June 20_260630_175141.pdf | Page: madina_page-09.png | Meal: FB | Source period text: 21 SEP 2026 TO 8 DEC 2026,"Harga, pajak, dan availability final setelah admin cek manual ke hotel/OTA."
MADINAH,STANDARD,Hotel Al Ritz Madina,,Alharmain PDF 21 Sep - 8 Dec 2026,Quad Room,FB meal plan,2026-09-21,2026-12-08,21 Sep - 8 Dec 2026,per kamar per malam,SAR,930,2,2,1,WiFi/detail fasilitas dicek manual via WhatsApp,Ketersediaan akhir dan payment dilanjutkan manual via WhatsApp,251,2026-07-06,INACTIVE,Source: (Madina Hotel 2026) New Season Far East 15 June 20_260630_175141.pdf | Page: madina_page-09.png | Meal: FB | Source period text: 21 SEP 2026 TO 8 DEC 2026,"Harga, pajak, dan availability final setelah admin cek manual ke hotel/OTA."
MADINAH,STANDARD,Hotel Al Ritz Madina,,Alharmain PDF 9 Dec 2026 - 1 Feb 2027,Double Room,FB meal plan,2026-12-09,2027-02-01,9 Dec 2026 - 1 Feb 2027,per kamar per malam,SAR,950,2,2,1,WiFi/detail fasilitas dicek manual via WhatsApp,Ketersediaan akhir dan payment dilanjutkan manual via WhatsApp,252,2026-07-06,INACTIVE,Source: (Madina Hotel 2026) New Season Far East 15 June 20_260630_175141.pdf | Page: madina_page-09.png | Meal: FB | Source period text: 9 DEC 2026 TO 1 FEB 2027,"Harga, pajak, dan availability final setelah admin cek manual ke hotel/OTA."
MADINAH,STANDARD,Hotel Al Ritz Madina,,Alharmain PDF 9 Dec 2026 - 1 Feb 2027,Triple Room,FB meal plan,2026-12-09,2027-02-01,9 Dec 2026 - 1 Feb 2027,per kamar per malam,SAR,1060,2,2,1,WiFi/detail fasilitas dicek manual via WhatsApp,Ketersediaan akhir dan payment dilanjutkan manual via WhatsApp,253,2026-07-06,INACTIVE,Source: (Madina Hotel 2026) New Season Far East 15 June 20_260630_175141.pdf | Page: madina_page-09.png | Meal: FB | Source period text: 9 DEC 2026 TO 1 FEB 2027,"Harga, pajak, dan availability final setelah admin cek manual ke hotel/OTA."
MADINAH,STANDARD,Hotel Al Ritz Madina,,Alharmain PDF 9 Dec 2026 - 1 Feb 2027,Quad Room,FB meal plan,2026-12-09,2027-02-01,9 Dec 2026 - 1 Feb 2027,per kamar per malam,SAR,1170,2,2,1,WiFi/detail fasilitas dicek manual via WhatsApp,Ketersediaan akhir dan payment dilanjutkan manual via WhatsApp,254,2026-07-06,INACTIVE,Source: (Madina Hotel 2026) New Season Far East 15 June 20_260630_175141.pdf | Page: madina_page-09.png | Meal: FB | Source period text: 9 DEC 2026 TO 1 FEB 2027,"Harga, pajak, dan availability final setelah admin cek manual ke hotel/OTA."
MADINAH,STANDARD,Hotel Waqf Uthman Bin Affan,,Alharmain PDF 30 Jun - 14 Aug 2026,Double Room,FB meal plan,2026-06-30,2026-08-14,30 Jun - 14 Aug 2026,per kamar per malam,SAR,510,2,2,1,WiFi/detail fasilitas dicek manual via WhatsApp,Ketersediaan akhir dan payment dilanjutkan manual via WhatsApp,255,2026-07-06,INACTIVE,Source: (Madina Hotel 2026) New Season Far East 15 June 20_260630_175141.pdf | Page: madina_page-09.png | Meal: FB | Source period text: 30 JUNE 2026 TO 14 AUGUST 2026,"Harga, pajak, dan availability final setelah admin cek manual ke hotel/OTA."
MADINAH,STANDARD,Hotel Waqf Uthman Bin Affan,,Alharmain PDF 30 Jun - 14 Aug 2026,Triple Room,FB meal plan,2026-06-30,2026-08-14,30 Jun - 14 Aug 2026,per kamar per malam,SAR,580,2,2,1,WiFi/detail fasilitas dicek manual via WhatsApp,Ketersediaan akhir dan payment dilanjutkan manual via WhatsApp,256,2026-07-06,INACTIVE,Source: (Madina Hotel 2026) New Season Far East 15 June 20_260630_175141.pdf | Page: madina_page-09.png | Meal: FB | Source period text: 30 JUNE 2026 TO 14 AUGUST 2026,"Harga, pajak, dan availability final setelah admin cek manual ke hotel/OTA."
MADINAH,STANDARD,Hotel Waqf Uthman Bin Affan,,Alharmain PDF 30 Jun - 14 Aug 2026,Quad Room,FB meal plan,2026-06-30,2026-08-14,30 Jun - 14 Aug 2026,per kamar per malam,SAR,650,2,2,1,WiFi/detail fasilitas dicek manual via WhatsApp,Ketersediaan akhir dan payment dilanjutkan manual via WhatsApp,257,2026-07-06,INACTIVE,Source: (Madina Hotel 2026) New Season Far East 15 June 20_260630_175141.pdf | Page: madina_page-09.png | Meal: FB | Source period text: 30 JUNE 2026 TO 14 AUGUST 2026,"Harga, pajak, dan availability final setelah admin cek manual ke hotel/OTA."
MADINAH,STANDARD,Hotel Waqf Uthman Bin Affan,,Alharmain PDF 15 Aug - 20 Sep 2026,Double Room,FB meal plan,2026-08-15,2026-09-20,15 Aug - 20 Sep 2026,per kamar per malam,SAR,560,2,2,1,WiFi/detail fasilitas dicek manual via WhatsApp,Ketersediaan akhir dan payment dilanjutkan manual via WhatsApp,258,2026-07-06,INACTIVE,Source: (Madina Hotel 2026) New Season Far East 15 June 20_260630_175141.pdf | Page: madina_page-09.png | Meal: FB | Source period text: 15 AUGUST 2026 TO 20 SEP 2026,"Harga, pajak, dan availability final setelah admin cek manual ke hotel/OTA."
MADINAH,STANDARD,Hotel Waqf Uthman Bin Affan,,Alharmain PDF 15 Aug - 20 Sep 2026,Triple Room,FB meal plan,2026-08-15,2026-09-20,15 Aug - 20 Sep 2026,per kamar per malam,SAR,630,2,2,1,WiFi/detail fasilitas dicek manual via WhatsApp,Ketersediaan akhir dan payment dilanjutkan manual via WhatsApp,259,2026-07-06,INACTIVE,Source: (Madina Hotel 2026) New Season Far East 15 June 20_260630_175141.pdf | Page: madina_page-09.png | Meal: FB | Source period text: 15 AUGUST 2026 TO 20 SEP 2026,"Harga, pajak, dan availability final setelah admin cek manual ke hotel/OTA."
MADINAH,STANDARD,Hotel Waqf Uthman Bin Affan,,Alharmain PDF 15 Aug - 20 Sep 2026,Quad Room,FB meal plan,2026-08-15,2026-09-20,15 Aug - 20 Sep 2026,per kamar per malam,SAR,700,2,2,1,WiFi/detail fasilitas dicek manual via WhatsApp,Ketersediaan akhir dan payment dilanjutkan manual via WhatsApp,260,2026-07-06,INACTIVE,Source: (Madina Hotel 2026) New Season Far East 15 June 20_260630_175141.pdf | Page: madina_page-09.png | Meal: FB | Source period text: 15 AUGUST 2026 TO 20 SEP 2026,"Harga, pajak, dan availability final setelah admin cek manual ke hotel/OTA."
MADINAH,STANDARD,Hotel Waqf Uthman Bin Affan,,Alharmain PDF 21 Sep - 8 Dec 2026,Double Room,FB meal plan,2026-09-21,2026-12-08,21 Sep - 8 Dec 2026,per kamar per malam,SAR,610,2,2,1,WiFi/detail fasilitas dicek manual via WhatsApp,Ketersediaan akhir dan payment dilanjutkan manual via WhatsApp,261,2026-07-06,INACTIVE,Source: (Madina Hotel 2026) New Season Far East 15 June 20_260630_175141.pdf | Page: madina_page-09.png | Meal: FB | Source period text: 21 SEP 2026 TO 8 DEC 2026,"Harga, pajak, dan availability final setelah admin cek manual ke hotel/OTA."
MADINAH,STANDARD,Hotel Waqf Uthman Bin Affan,,Alharmain PDF 21 Sep - 8 Dec 2026,Triple Room,FB meal plan,2026-09-21,2026-12-08,21 Sep - 8 Dec 2026,per kamar per malam,SAR,680,2,2,1,WiFi/detail fasilitas dicek manual via WhatsApp,Ketersediaan akhir dan payment dilanjutkan manual via WhatsApp,262,2026-07-06,INACTIVE,Source: (Madina Hotel 2026) New Season Far East 15 June 20_260630_175141.pdf | Page: madina_page-09.png | Meal: FB | Source period text: 21 SEP 2026 TO 8 DEC 2026,"Harga, pajak, dan availability final setelah admin cek manual ke hotel/OTA."
MADINAH,STANDARD,Hotel Waqf Uthman Bin Affan,,Alharmain PDF 21 Sep - 8 Dec 2026,Quad Room,FB meal plan,2026-09-21,2026-12-08,21 Sep - 8 Dec 2026,per kamar per malam,SAR,760,2,2,1,WiFi/detail fasilitas dicek manual via WhatsApp,Ketersediaan akhir dan payment dilanjutkan manual via WhatsApp,263,2026-07-06,INACTIVE,Source: (Madina Hotel 2026) New Season Far East 15 June 20_260630_175141.pdf | Page: madina_page-09.png | Meal: FB | Source period text: 21 SEP 2026 TO 8 DEC 2026,"Harga, pajak, dan availability final setelah admin cek manual ke hotel/OTA."
MADINAH,STANDARD,Hotel Waqf Uthman Bin Affan,,Alharmain PDF 9 Dec 2026 - 1 Feb 2027,Double Room,FB meal plan,2026-12-09,2027-02-01,9 Dec 2026 - 1 Feb 2027,per kamar per malam,SAR,810,2,2,1,WiFi/detail fasilitas dicek manual via WhatsApp,Ketersediaan akhir dan payment dilanjutkan manual via WhatsApp,264,2026-07-06,INACTIVE,Source: (Madina Hotel 2026) New Season Far East 15 June 20_260630_175141.pdf | Page: madina_page-09.png | Meal: FB | Source period text: 9 DEC 2026 TO 1 FEB 2027,"Harga, pajak, dan availability final setelah admin cek manual ke hotel/OTA."
MADINAH,STANDARD,Hotel Waqf Uthman Bin Affan,,Alharmain PDF 9 Dec 2026 - 1 Feb 2027,Triple Room,FB meal plan,2026-12-09,2027-02-01,9 Dec 2026 - 1 Feb 2027,per kamar per malam,SAR,910,2,2,1,WiFi/detail fasilitas dicek manual via WhatsApp,Ketersediaan akhir dan payment dilanjutkan manual via WhatsApp,265,2026-07-06,INACTIVE,Source: (Madina Hotel 2026) New Season Far East 15 June 20_260630_175141.pdf | Page: madina_page-09.png | Meal: FB | Source period text: 9 DEC 2026 TO 1 FEB 2027,"Harga, pajak, dan availability final setelah admin cek manual ke hotel/OTA."
MADINAH,STANDARD,Hotel Waqf Uthman Bin Affan,,Alharmain PDF 9 Dec 2026 - 1 Feb 2027,Quad Room,FB meal plan,2026-12-09,2027-02-01,9 Dec 2026 - 1 Feb 2027,per kamar per malam,SAR,1010,2,2,1,WiFi/detail fasilitas dicek manual via WhatsApp,Ketersediaan akhir dan payment dilanjutkan manual via WhatsApp,266,2026-07-06,INACTIVE,Source: (Madina Hotel 2026) New Season Far East 15 June 20_260630_175141.pdf | Page: madina_page-09.png | Meal: FB | Source period text: 9 DEC 2026 TO 1 FEB 2027,"Harga, pajak, dan availability final setelah admin cek manual ke hotel/OTA."
MADINAH,STANDARD,Hotel Jiwar Al Saha,,Alharmain PDF 30 Jun - 14 Sep 2026,Double Room,FB meal plan,2026-06-30,2026-09-14,30 Jun - 14 Sep 2026,per kamar per malam,SAR,490,2,2,1,WiFi/detail fasilitas dicek manual via WhatsApp,Ketersediaan akhir dan payment dilanjutkan manual via WhatsApp,267,2026-07-06,INACTIVE,Source: (Madina Hotel 2026) New Season Far East 15 June 20_260630_175141.pdf | Page: madina_page-09.png | Meal: FB | Source period text: 30 JUNE 2026 TO 14 SEP 2026,"Harga, pajak, dan availability final setelah admin cek manual ke hotel/OTA."
MADINAH,STANDARD,Hotel Jiwar Al Saha,,Alharmain PDF 30 Jun - 14 Sep 2026,Triple Room,FB meal plan,2026-06-30,2026-09-14,30 Jun - 14 Sep 2026,per kamar per malam,SAR,540,2,2,1,WiFi/detail fasilitas dicek manual via WhatsApp,Ketersediaan akhir dan payment dilanjutkan manual via WhatsApp,268,2026-07-06,INACTIVE,Source: (Madina Hotel 2026) New Season Far East 15 June 20_260630_175141.pdf | Page: madina_page-09.png | Meal: FB | Source period text: 30 JUNE 2026 TO 14 SEP 2026,"Harga, pajak, dan availability final setelah admin cek manual ke hotel/OTA."
MADINAH,STANDARD,Hotel Jiwar Al Saha,,Alharmain PDF 30 Jun - 14 Sep 2026,Quad Room,FB meal plan,2026-06-30,2026-09-14,30 Jun - 14 Sep 2026,per kamar per malam,SAR,590,2,2,1,WiFi/detail fasilitas dicek manual via WhatsApp,Ketersediaan akhir dan payment dilanjutkan manual via WhatsApp,269,2026-07-06,INACTIVE,Source: (Madina Hotel 2026) New Season Far East 15 June 20_260630_175141.pdf | Page: madina_page-09.png | Meal: FB | Source period text: 30 JUNE 2026 TO 14 SEP 2026,"Harga, pajak, dan availability final setelah admin cek manual ke hotel/OTA."
MADINAH,STANDARD,Hotel Jiwar Al Saha,,Alharmain PDF 14 Sep - 16 Dec 2026,Double Room,FB meal plan,2026-09-14,2026-12-16,14 Sep - 16 Dec 2026,per kamar per malam,SAR,540,2,2,1,WiFi/detail fasilitas dicek manual via WhatsApp,Ketersediaan akhir dan payment dilanjutkan manual via WhatsApp,270,2026-07-06,INACTIVE,Source: (Madina Hotel 2026) New Season Far East 15 June 20_260630_175141.pdf | Page: madina_page-09.png | Meal: FB | Source period text: 14 SEP 2026 TO 16 DEC 2026,"Harga, pajak, dan availability final setelah admin cek manual ke hotel/OTA."
MADINAH,STANDARD,Hotel Jiwar Al Saha,,Alharmain PDF 14 Sep - 16 Dec 2026,Triple Room,FB meal plan,2026-09-14,2026-12-16,14 Sep - 16 Dec 2026,per kamar per malam,SAR,590,2,2,1,WiFi/detail fasilitas dicek manual via WhatsApp,Ketersediaan akhir dan payment dilanjutkan manual via WhatsApp,271,2026-07-06,INACTIVE,Source: (Madina Hotel 2026) New Season Far East 15 June 20_260630_175141.pdf | Page: madina_page-09.png | Meal: FB | Source period text: 14 SEP 2026 TO 16 DEC 2026,"Harga, pajak, dan availability final setelah admin cek manual ke hotel/OTA."
MADINAH,STANDARD,Hotel Jiwar Al Saha,,Alharmain PDF 14 Sep - 16 Dec 2026,Quad Room,FB meal plan,2026-09-14,2026-12-16,14 Sep - 16 Dec 2026,per kamar per malam,SAR,640,2,2,1,WiFi/detail fasilitas dicek manual via WhatsApp,Ketersediaan akhir dan payment dilanjutkan manual via WhatsApp,272,2026-07-06,INACTIVE,Source: (Madina Hotel 2026) New Season Far East 15 June 20_260630_175141.pdf | Page: madina_page-09.png | Meal: FB | Source period text: 14 SEP 2026 TO 16 DEC 2026,"Harga, pajak, dan availability final setelah admin cek manual ke hotel/OTA."
MADINAH,STANDARD,Hotel Leader Muna Kareem,,Alharmain PDF 20 Jun - 15 Sep 2026,Double Room,FB meal plan,2026-06-20,2026-09-15,20 Jun - 15 Sep 2026,per kamar per malam,SAR,700,2,2,1,WiFi/detail fasilitas dicek manual via WhatsApp,Ketersediaan akhir dan payment dilanjutkan manual via WhatsApp,273,2026-07-06,INACTIVE,Source: (Madina Hotel 2026) New Season Far East 15 June 20_260630_175141.pdf | Page: madina_page-09.png | Meal: FB | Source period text: 20 JUNE 2026 TO 15 SEP 2026,"Harga, pajak, dan availability final setelah admin cek manual ke hotel/OTA."
MADINAH,STANDARD,Hotel Leader Muna Kareem,,Alharmain PDF 20 Jun - 15 Sep 2026,Triple Room,FB meal plan,2026-06-20,2026-09-15,20 Jun - 15 Sep 2026,per kamar per malam,SAR,800,2,2,1,WiFi/detail fasilitas dicek manual via WhatsApp,Ketersediaan akhir dan payment dilanjutkan manual via WhatsApp,274,2026-07-06,INACTIVE,Source: (Madina Hotel 2026) New Season Far East 15 June 20_260630_175141.pdf | Page: madina_page-09.png | Meal: FB | Source period text: 20 JUNE 2026 TO 15 SEP 2026,"Harga, pajak, dan availability final setelah admin cek manual ke hotel/OTA."
MADINAH,STANDARD,Hotel Leader Muna Kareem,,Alharmain PDF 20 Jun - 15 Sep 2026,Quad Room,FB meal plan,2026-06-20,2026-09-15,20 Jun - 15 Sep 2026,per kamar per malam,SAR,900,2,2,1,WiFi/detail fasilitas dicek manual via WhatsApp,Ketersediaan akhir dan payment dilanjutkan manual via WhatsApp,275,2026-07-06,INACTIVE,Source: (Madina Hotel 2026) New Season Far East 15 June 20_260630_175141.pdf | Page: madina_page-09.png | Meal: FB | Source period text: 20 JUNE 2026 TO 15 SEP 2026,"Harga, pajak, dan availability final setelah admin cek manual ke hotel/OTA."
MADINAH,STANDARD,Hotel Leader Muna Kareem,,Alharmain PDF Sep 2026,Double Room,FB meal plan,2026-09-01,2026-09-30,Sep 2026,per kamar per malam,SAR,855,2,2,1,WiFi/detail fasilitas dicek manual via WhatsApp,Ketersediaan akhir dan payment dilanjutkan manual via WhatsApp,276,2026-07-06,INACTIVE,Source: (Madina Hotel 2026) New Season Far East 15 June 20_260630_175141.pdf | Page: madina_page-09.png | Meal: FB | Source period text: 16 SEP 2026 TO,"Harga, pajak, dan availability final setelah admin cek manual ke hotel/OTA."
MADINAH,STANDARD,Hotel Leader Muna Kareem,,Alharmain PDF Sep 2026,Triple Room,FB meal plan,2026-09-01,2026-09-30,Sep 2026,per kamar per malam,SAR,980,2,2,1,WiFi/detail fasilitas dicek manual via WhatsApp,Ketersediaan akhir dan payment dilanjutkan manual via WhatsApp,277,2026-07-06,INACTIVE,Source: (Madina Hotel 2026) New Season Far East 15 June 20_260630_175141.pdf | Page: madina_page-09.png | Meal: FB | Source period text: 16 SEP 2026 TO,"Harga, pajak, dan availability final setelah admin cek manual ke hotel/OTA."
MADINAH,STANDARD,Hotel Leader Muna Kareem,,Alharmain PDF Sep 2026,Quad Room,FB meal plan,2026-09-01,2026-09-30,Sep 2026,per kamar per malam,SAR,1105,2,2,1,WiFi/detail fasilitas dicek manual via WhatsApp,Ketersediaan akhir dan payment dilanjutkan manual via WhatsApp,278,2026-07-06,INACTIVE,Source: (Madina Hotel 2026) New Season Far East 15 June 20_260630_175141.pdf | Page: madina_page-09.png | Meal: FB | Source period text: 16 SEP 2026 TO,"Harga, pajak, dan availability final setelah admin cek manual ke hotel/OTA."
MADINAH,STANDARD,Hotel Ansar Platinum,,Alharmain PDF 30 Jun - 13 Aug 2026,Double Room,FB meal plan,2026-06-30,2026-08-13,30 Jun - 13 Aug 2026,per kamar per malam,SAR,480,2,2,1,WiFi/detail fasilitas dicek manual via WhatsApp,Ketersediaan akhir dan payment dilanjutkan manual via WhatsApp,279,2026-07-06,INACTIVE,Source: (Madina Hotel 2026) New Season Far East 15 June 20_260630_175141.pdf | Page: madina_page-10.png | Meal: FB | Source period text: 30 JUNE 2026 TO 13 AUGUST 2026,"Harga, pajak, dan availability final setelah admin cek manual ke hotel/OTA."
MADINAH,STANDARD,Hotel Ansar Platinum,,Alharmain PDF 30 Jun - 13 Aug 2026,Triple Room,FB meal plan,2026-06-30,2026-08-13,30 Jun - 13 Aug 2026,per kamar per malam,SAR,530,2,2,1,WiFi/detail fasilitas dicek manual via WhatsApp,Ketersediaan akhir dan payment dilanjutkan manual via WhatsApp,280,2026-07-06,INACTIVE,Source: (Madina Hotel 2026) New Season Far East 15 June 20_260630_175141.pdf | Page: madina_page-10.png | Meal: FB | Source period text: 30 JUNE 2026 TO 13 AUGUST 2026,"Harga, pajak, dan availability final setelah admin cek manual ke hotel/OTA."
MADINAH,STANDARD,Hotel Ansar Platinum,,Alharmain PDF 30 Jun - 13 Aug 2026,Quad Room,FB meal plan,2026-06-30,2026-08-13,30 Jun - 13 Aug 2026,per kamar per malam,SAR,580,2,2,1,WiFi/detail fasilitas dicek manual via WhatsApp,Ketersediaan akhir dan payment dilanjutkan manual via WhatsApp,281,2026-07-06,INACTIVE,Source: (Madina Hotel 2026) New Season Far East 15 June 20_260630_175141.pdf | Page: madina_page-10.png | Meal: FB | Source period text: 30 JUNE 2026 TO 13 AUGUST 2026,"Harga, pajak, dan availability final setelah admin cek manual ke hotel/OTA."
MADINAH,STANDARD,Hotel Ansar Platinum,,Alharmain PDF 14 Aug - 10 Nov 2026,Double Room,FB meal plan,2026-08-14,2026-11-10,14 Aug - 10 Nov 2026,per kamar per malam,SAR,580,2,2,1,WiFi/detail fasilitas dicek manual via WhatsApp,Ketersediaan akhir dan payment dilanjutkan manual via WhatsApp,282,2026-07-06,INACTIVE,Source: (Madina Hotel 2026) New Season Far East 15 June 20_260630_175141.pdf | Page: madina_page-10.png | Meal: FB | Source period text: 14 AUGUST 2026 TO 10 NOV 2026,"Harga, pajak, dan availability final setelah admin cek manual ke hotel/OTA."
MADINAH,STANDARD,Hotel Ansar Platinum,,Alharmain PDF 14 Aug - 10 Nov 2026,Triple Room,FB meal plan,2026-08-14,2026-11-10,14 Aug - 10 Nov 2026,per kamar per malam,SAR,630,2,2,1,WiFi/detail fasilitas dicek manual via WhatsApp,Ketersediaan akhir dan payment dilanjutkan manual via WhatsApp,283,2026-07-06,INACTIVE,Source: (Madina Hotel 2026) New Season Far East 15 June 20_260630_175141.pdf | Page: madina_page-10.png | Meal: FB | Source period text: 14 AUGUST 2026 TO 10 NOV 2026,"Harga, pajak, dan availability final setelah admin cek manual ke hotel/OTA."
MADINAH,STANDARD,Hotel Ansar Platinum,,Alharmain PDF 14 Aug - 10 Nov 2026,Quad Room,FB meal plan,2026-08-14,2026-11-10,14 Aug - 10 Nov 2026,per kamar per malam,SAR,680,2,2,1,WiFi/detail fasilitas dicek manual via WhatsApp,Ketersediaan akhir dan payment dilanjutkan manual via WhatsApp,284,2026-07-06,INACTIVE,Source: (Madina Hotel 2026) New Season Far East 15 June 20_260630_175141.pdf | Page: madina_page-10.png | Meal: FB | Source period text: 14 AUGUST 2026 TO 10 NOV 2026,"Harga, pajak, dan availability final setelah admin cek manual ke hotel/OTA."
MADINAH,STANDARD,Hotel Ansar Platinum,,Alharmain PDF 11 Nov - 9 Dec 2026,Double Room,FB meal plan,2026-11-11,2026-12-09,11 Nov - 9 Dec 2026,per kamar per malam,SAR,680,2,2,1,WiFi/detail fasilitas dicek manual via WhatsApp,Ketersediaan akhir dan payment dilanjutkan manual via WhatsApp,285,2026-07-06,INACTIVE,Source: (Madina Hotel 2026) New Season Far East 15 June 20_260630_175141.pdf | Page: madina_page-10.png | Meal: FB | Source period text: 11 NOV 2026 TO 9 DEC 2026,"Harga, pajak, dan availability final setelah admin cek manual ke hotel/OTA."
MADINAH,STANDARD,Hotel Ansar Platinum,,Alharmain PDF 11 Nov - 9 Dec 2026,Triple Room,FB meal plan,2026-11-11,2026-12-09,11 Nov - 9 Dec 2026,per kamar per malam,SAR,730,2,2,1,WiFi/detail fasilitas dicek manual via WhatsApp,Ketersediaan akhir dan payment dilanjutkan manual via WhatsApp,286,2026-07-06,INACTIVE,Source: (Madina Hotel 2026) New Season Far East 15 June 20_260630_175141.pdf | Page: madina_page-10.png | Meal: FB | Source period text: 11 NOV 2026 TO 9 DEC 2026,"Harga, pajak, dan availability final setelah admin cek manual ke hotel/OTA."
MADINAH,STANDARD,Hotel Ansar Platinum,,Alharmain PDF 11 Nov - 9 Dec 2026,Quad Room,FB meal plan,2026-11-11,2026-12-09,11 Nov - 9 Dec 2026,per kamar per malam,SAR,780,2,2,1,WiFi/detail fasilitas dicek manual via WhatsApp,Ketersediaan akhir dan payment dilanjutkan manual via WhatsApp,287,2026-07-06,INACTIVE,Source: (Madina Hotel 2026) New Season Far East 15 June 20_260630_175141.pdf | Page: madina_page-10.png | Meal: FB | Source period text: 11 NOV 2026 TO 9 DEC 2026,"Harga, pajak, dan availability final setelah admin cek manual ke hotel/OTA."
MADINAH,STANDARD,Hotel Ansar Platinum,,Alharmain PDF 10 Dec 2026 - 8 Jan 2027,Double Room,FB meal plan,2026-12-10,2027-01-08,10 Dec 2026 - 8 Jan 2027,per kamar per malam,SAR,780,2,2,1,WiFi/detail fasilitas dicek manual via WhatsApp,Ketersediaan akhir dan payment dilanjutkan manual via WhatsApp,288,2026-07-06,INACTIVE,Source: (Madina Hotel 2026) New Season Far East 15 June 20_260630_175141.pdf | Page: madina_page-10.png | Meal: FB | Source period text: 10 DEC 2026 TO 8 JAN 2027,"Harga, pajak, dan availability final setelah admin cek manual ke hotel/OTA."
MADINAH,STANDARD,Hotel Ansar Platinum,,Alharmain PDF 10 Dec 2026 - 8 Jan 2027,Triple Room,FB meal plan,2026-12-10,2027-01-08,10 Dec 2026 - 8 Jan 2027,per kamar per malam,SAR,830,2,2,1,WiFi/detail fasilitas dicek manual via WhatsApp,Ketersediaan akhir dan payment dilanjutkan manual via WhatsApp,289,2026-07-06,INACTIVE,Source: (Madina Hotel 2026) New Season Far East 15 June 20_260630_175141.pdf | Page: madina_page-10.png | Meal: FB | Source period text: 10 DEC 2026 TO 8 JAN 2027,"Harga, pajak, dan availability final setelah admin cek manual ke hotel/OTA."
MADINAH,STANDARD,Hotel Ansar Platinum,,Alharmain PDF 10 Dec 2026 - 8 Jan 2027,Quad Room,FB meal plan,2026-12-10,2027-01-08,10 Dec 2026 - 8 Jan 2027,per kamar per malam,SAR,880,2,2,1,WiFi/detail fasilitas dicek manual via WhatsApp,Ketersediaan akhir dan payment dilanjutkan manual via WhatsApp,290,2026-07-06,INACTIVE,Source: (Madina Hotel 2026) New Season Far East 15 June 20_260630_175141.pdf | Page: madina_page-10.png | Meal: FB | Source period text: 10 DEC 2026 TO 8 JAN 2027,"Harga, pajak, dan availability final setelah admin cek manual ke hotel/OTA."
MADINAH,STANDARD,Hotel Ansar Platinum,,Alharmain PDF 9 Jan - 7 Feb 2027,Double Room,FB meal plan,2027-01-09,2027-02-07,9 Jan - 7 Feb 2027,per kamar per malam,SAR,780,2,2,1,WiFi/detail fasilitas dicek manual via WhatsApp,Ketersediaan akhir dan payment dilanjutkan manual via WhatsApp,291,2026-07-06,INACTIVE,Source: (Madina Hotel 2026) New Season Far East 15 June 20_260630_175141.pdf | Page: madina_page-10.png | Meal: FB | Source period text: 9 JAN 2027 TO 7 FEB 2027,"Harga, pajak, dan availability final setelah admin cek manual ke hotel/OTA."
MADINAH,STANDARD,Hotel Ansar Platinum,,Alharmain PDF 9 Jan - 7 Feb 2027,Triple Room,FB meal plan,2027-01-09,2027-02-07,9 Jan - 7 Feb 2027,per kamar per malam,SAR,830,2,2,1,WiFi/detail fasilitas dicek manual via WhatsApp,Ketersediaan akhir dan payment dilanjutkan manual via WhatsApp,292,2026-07-06,INACTIVE,Source: (Madina Hotel 2026) New Season Far East 15 June 20_260630_175141.pdf | Page: madina_page-10.png | Meal: FB | Source period text: 9 JAN 2027 TO 7 FEB 2027,"Harga, pajak, dan availability final setelah admin cek manual ke hotel/OTA."
MADINAH,STANDARD,Hotel Ansar Platinum,,Alharmain PDF 9 Jan - 7 Feb 2027,Quad Room,FB meal plan,2027-01-09,2027-02-07,9 Jan - 7 Feb 2027,per kamar per malam,SAR,880,2,2,1,WiFi/detail fasilitas dicek manual via WhatsApp,Ketersediaan akhir dan payment dilanjutkan manual via WhatsApp,293,2026-07-06,INACTIVE,Source: (Madina Hotel 2026) New Season Far East 15 June 20_260630_175141.pdf | Page: madina_page-10.png | Meal: FB | Source period text: 9 JAN 2027 TO 7 FEB 2027,"Harga, pajak, dan availability final setelah admin cek manual ke hotel/OTA."
MADINAH,STANDARD,Hotel Ansar Platinum,,Alharmain PDF 8 Feb - 21 Feb 2027,Double Room,FB meal plan,2027-02-08,2027-02-21,8 Feb - 21 Feb 2027,per kamar per malam,SAR,830,2,2,1,WiFi/detail fasilitas dicek manual via WhatsApp,Ketersediaan akhir dan payment dilanjutkan manual via WhatsApp,294,2026-07-06,INACTIVE,Source: (Madina Hotel 2026) New Season Far East 15 June 20_260630_175141.pdf | Page: madina_page-10.png | Meal: FB | Source period text: 8 FEB 2027 TO 21 FEB 2027,"Harga, pajak, dan availability final setelah admin cek manual ke hotel/OTA."
MADINAH,STANDARD,Hotel Ansar Platinum,,Alharmain PDF 8 Feb - 21 Feb 2027,Triple Room,FB meal plan,2027-02-08,2027-02-21,8 Feb - 21 Feb 2027,per kamar per malam,SAR,880,2,2,1,WiFi/detail fasilitas dicek manual via WhatsApp,Ketersediaan akhir dan payment dilanjutkan manual via WhatsApp,295,2026-07-06,INACTIVE,Source: (Madina Hotel 2026) New Season Far East 15 June 20_260630_175141.pdf | Page: madina_page-10.png | Meal: FB | Source period text: 8 FEB 2027 TO 21 FEB 2027,"Harga, pajak, dan availability final setelah admin cek manual ke hotel/OTA."
MADINAH,STANDARD,Hotel Ansar Platinum,,Alharmain PDF 8 Feb - 21 Feb 2027,Quad Room,FB meal plan,2027-02-08,2027-02-21,8 Feb - 21 Feb 2027,per kamar per malam,SAR,930,2,2,1,WiFi/detail fasilitas dicek manual via WhatsApp,Ketersediaan akhir dan payment dilanjutkan manual via WhatsApp,296,2026-07-06,INACTIVE,Source: (Madina Hotel 2026) New Season Far East 15 June 20_260630_175141.pdf | Page: madina_page-10.png | Meal: FB | Source period text: 8 FEB 2027 TO 21 FEB 2027,"Harga, pajak, dan availability final setelah admin cek manual ke hotel/OTA."
MADINAH,STANDARD,Hotel Ansar Platinum,,Alharmain PDF 22 Feb - 9 Mar 2027,Double Room,FB meal plan,2027-02-22,2027-03-09,22 Feb - 9 Mar 2027,per kamar per malam,SAR,730,2,2,1,WiFi/detail fasilitas dicek manual via WhatsApp,Ketersediaan akhir dan payment dilanjutkan manual via WhatsApp,297,2026-07-06,INACTIVE,Source: (Madina Hotel 2026) New Season Far East 15 June 20_260630_175141.pdf | Page: madina_page-10.png | Meal: FB | Source period text: 22 FEB 2027 TO 9 MAR 2027,"Harga, pajak, dan availability final setelah admin cek manual ke hotel/OTA."
MADINAH,STANDARD,Hotel Ansar Platinum,,Alharmain PDF 22 Feb - 9 Mar 2027,Triple Room,FB meal plan,2027-02-22,2027-03-09,22 Feb - 9 Mar 2027,per kamar per malam,SAR,780,2,2,1,WiFi/detail fasilitas dicek manual via WhatsApp,Ketersediaan akhir dan payment dilanjutkan manual via WhatsApp,298,2026-07-06,INACTIVE,Source: (Madina Hotel 2026) New Season Far East 15 June 20_260630_175141.pdf | Page: madina_page-10.png | Meal: FB | Source period text: 22 FEB 2027 TO 9 MAR 2027,"Harga, pajak, dan availability final setelah admin cek manual ke hotel/OTA."
MADINAH,STANDARD,Hotel Ansar Platinum,,Alharmain PDF 22 Feb - 9 Mar 2027,Quad Room,FB meal plan,2027-02-22,2027-03-09,22 Feb - 9 Mar 2027,per kamar per malam,SAR,830,2,2,1,WiFi/detail fasilitas dicek manual via WhatsApp,Ketersediaan akhir dan payment dilanjutkan manual via WhatsApp,299,2026-07-06,INACTIVE,Source: (Madina Hotel 2026) New Season Far East 15 June 20_260630_175141.pdf | Page: madina_page-10.png | Meal: FB | Source period text: 22 FEB 2027 TO 9 MAR 2027,"Harga, pajak, dan availability final setelah admin cek manual ke hotel/OTA."
MADINAH,STANDARD,Hotel Ansar Platinum,,Alharmain PDF 10 Mar - 13 Mar 2027,Double Room,FB meal plan,2027-03-10,2027-03-13,10 Mar - 13 Mar 2027,per kamar per malam,SAR,780,2,2,1,WiFi/detail fasilitas dicek manual via WhatsApp,Ketersediaan akhir dan payment dilanjutkan manual via WhatsApp,300,2026-07-06,INACTIVE,Source: (Madina Hotel 2026) New Season Far East 15 June 20_260630_175141.pdf | Page: madina_page-10.png | Meal: FB | Source period text: 10 MAR 2027 TO 13 MAR 2027,"Harga, pajak, dan availability final setelah admin cek manual ke hotel/OTA."
MADINAH,STANDARD,Hotel Ansar Platinum,,Alharmain PDF 10 Mar - 13 Mar 2027,Triple Room,FB meal plan,2027-03-10,2027-03-13,10 Mar - 13 Mar 2027,per kamar per malam,SAR,830,2,2,1,WiFi/detail fasilitas dicek manual via WhatsApp,Ketersediaan akhir dan payment dilanjutkan manual via WhatsApp,301,2026-07-06,INACTIVE,Source: (Madina Hotel 2026) New Season Far East 15 June 20_260630_175141.pdf | Page: madina_page-10.png | Meal: FB | Source period text: 10 MAR 2027 TO 13 MAR 2027,"Harga, pajak, dan availability final setelah admin cek manual ke hotel/OTA."
MADINAH,STANDARD,Hotel Ansar Platinum,,Alharmain PDF 10 Mar - 13 Mar 2027,Quad Room,FB meal plan,2027-03-10,2027-03-13,10 Mar - 13 Mar 2027,per kamar per malam,SAR,880,2,2,1,WiFi/detail fasilitas dicek manual via WhatsApp,Ketersediaan akhir dan payment dilanjutkan manual via WhatsApp,302,2026-07-06,INACTIVE,Source: (Madina Hotel 2026) New Season Far East 15 June 20_260630_175141.pdf | Page: madina_page-10.png | Meal: FB | Source period text: 10 MAR 2027 TO 13 MAR 2027,"Harga, pajak, dan availability final setelah admin cek manual ke hotel/OTA."
MADINAH,STANDARD,Hotel Ansar Platinum,,Alharmain PDF 14 Mar - 6 Apr 2027,Double Room,FB meal plan,2027-03-14,2027-04-06,14 Mar - 6 Apr 2027,per kamar per malam,SAR,530,2,2,1,WiFi/detail fasilitas dicek manual via WhatsApp,Ketersediaan akhir dan payment dilanjutkan manual via WhatsApp,303,2026-07-06,INACTIVE,Source: (Madina Hotel 2026) New Season Far East 15 June 20_260630_175141.pdf | Page: madina_page-10.png | Meal: FB | Source period text: 14 MAR 2027 TO 6 APR 2027,"Harga, pajak, dan availability final setelah admin cek manual ke hotel/OTA."
MADINAH,STANDARD,Hotel Ansar Platinum,,Alharmain PDF 14 Mar - 6 Apr 2027,Triple Room,FB meal plan,2027-03-14,2027-04-06,14 Mar - 6 Apr 2027,per kamar per malam,SAR,580,2,2,1,WiFi/detail fasilitas dicek manual via WhatsApp,Ketersediaan akhir dan payment dilanjutkan manual via WhatsApp,304,2026-07-06,INACTIVE,Source: (Madina Hotel 2026) New Season Far East 15 June 20_260630_175141.pdf | Page: madina_page-10.png | Meal: FB | Source period text: 14 MAR 2027 TO 6 APR 2027,"Harga, pajak, dan availability final setelah admin cek manual ke hotel/OTA."
MADINAH,STANDARD,Hotel Ansar Platinum,,Alharmain PDF 14 Mar - 6 Apr 2027,Quad Room,FB meal plan,2027-03-14,2027-04-06,14 Mar - 6 Apr 2027,per kamar per malam,SAR,630,2,2,1,WiFi/detail fasilitas dicek manual via WhatsApp,Ketersediaan akhir dan payment dilanjutkan manual via WhatsApp,305,2026-07-06,INACTIVE,Source: (Madina Hotel 2026) New Season Far East 15 June 20_260630_175141.pdf | Page: madina_page-10.png | Meal: FB | Source period text: 14 MAR 2027 TO 6 APR 2027,"Harga, pajak, dan availability final setelah admin cek manual ke hotel/OTA."
MADINAH,STANDARD,Hotel Deyar Al Eiman,,Alharmain PDF 30 Jun - 15 Aug 2026,Double Room,FB meal plan,2026-06-30,2026-08-15,30 Jun - 15 Aug 2026,per kamar per malam,SAR,505,2,2,1,WiFi/detail fasilitas dicek manual via WhatsApp,Ketersediaan akhir dan payment dilanjutkan manual via WhatsApp,306,2026-07-06,INACTIVE,Source: (Madina Hotel 2026) New Season Far East 15 June 20_260630_175141.pdf | Page: madina_page-11.png | Meal: FB | Source period text: 30 JUNE 2026 TO 15 AUGUST 2026,"Harga, pajak, dan availability final setelah admin cek manual ke hotel/OTA."
MADINAH,STANDARD,Hotel Deyar Al Eiman,,Alharmain PDF 30 Jun - 15 Aug 2026,Triple Room,FB meal plan,2026-06-30,2026-08-15,30 Jun - 15 Aug 2026,per kamar per malam,SAR,555,2,2,1,WiFi/detail fasilitas dicek manual via WhatsApp,Ketersediaan akhir dan payment dilanjutkan manual via WhatsApp,307,2026-07-06,INACTIVE,Source: (Madina Hotel 2026) New Season Far East 15 June 20_260630_175141.pdf | Page: madina_page-11.png | Meal: FB | Source period text: 30 JUNE 2026 TO 15 AUGUST 2026,"Harga, pajak, dan availability final setelah admin cek manual ke hotel/OTA."
MADINAH,STANDARD,Hotel Deyar Al Eiman,,Alharmain PDF 30 Jun - 15 Aug 2026,Quad Room,FB meal plan,2026-06-30,2026-08-15,30 Jun - 15 Aug 2026,per kamar per malam,SAR,605,2,2,1,WiFi/detail fasilitas dicek manual via WhatsApp,Ketersediaan akhir dan payment dilanjutkan manual via WhatsApp,308,2026-07-06,INACTIVE,Source: (Madina Hotel 2026) New Season Far East 15 June 20_260630_175141.pdf | Page: madina_page-11.png | Meal: FB | Source period text: 30 JUNE 2026 TO 15 AUGUST 2026,"Harga, pajak, dan availability final setelah admin cek manual ke hotel/OTA."
MADINAH,STANDARD,Hotel Deyar Al Eiman,,Alharmain PDF 30 Jun - 15 Aug 2026,Quint Room,FB meal plan,2026-06-30,2026-08-15,30 Jun - 15 Aug 2026,per kamar per malam,SAR,655,2,2,1,WiFi/detail fasilitas dicek manual via WhatsApp,Ketersediaan akhir dan payment dilanjutkan manual via WhatsApp,309,2026-07-06,INACTIVE,Source: (Madina Hotel 2026) New Season Far East 15 June 20_260630_175141.pdf | Page: madina_page-11.png | Meal: FB | Source period text: 30 JUNE 2026 TO 15 AUGUST 2026,"Harga, pajak, dan availability final setelah admin cek manual ke hotel/OTA."
MADINAH,STANDARD,Hotel Deyar Al Eiman,,Alharmain PDF 15 Aug - 11 Nov 2026,Double Room,FB meal plan,2026-08-15,2026-11-11,15 Aug - 11 Nov 2026,per kamar per malam,SAR,555,2,2,1,WiFi/detail fasilitas dicek manual via WhatsApp,Ketersediaan akhir dan payment dilanjutkan manual via WhatsApp,310,2026-07-06,INACTIVE,Source: (Madina Hotel 2026) New Season Far East 15 June 20_260630_175141.pdf | Page: madina_page-11.png | Meal: FB | Source period text: 15 AUGUST 2026 TO 11 NOV 2026,"Harga, pajak, dan availability final setelah admin cek manual ke hotel/OTA."
MADINAH,STANDARD,Hotel Deyar Al Eiman,,Alharmain PDF 15 Aug - 11 Nov 2026,Triple Room,FB meal plan,2026-08-15,2026-11-11,15 Aug - 11 Nov 2026,per kamar per malam,SAR,605,2,2,1,WiFi/detail fasilitas dicek manual via WhatsApp,Ketersediaan akhir dan payment dilanjutkan manual via WhatsApp,311,2026-07-06,INACTIVE,Source: (Madina Hotel 2026) New Season Far East 15 June 20_260630_175141.pdf | Page: madina_page-11.png | Meal: FB | Source period text: 15 AUGUST 2026 TO 11 NOV 2026,"Harga, pajak, dan availability final setelah admin cek manual ke hotel/OTA."
MADINAH,STANDARD,Hotel Deyar Al Eiman,,Alharmain PDF 15 Aug - 11 Nov 2026,Quad Room,FB meal plan,2026-08-15,2026-11-11,15 Aug - 11 Nov 2026,per kamar per malam,SAR,655,2,2,1,WiFi/detail fasilitas dicek manual via WhatsApp,Ketersediaan akhir dan payment dilanjutkan manual via WhatsApp,312,2026-07-06,INACTIVE,Source: (Madina Hotel 2026) New Season Far East 15 June 20_260630_175141.pdf | Page: madina_page-11.png | Meal: FB | Source period text: 15 AUGUST 2026 TO 11 NOV 2026,"Harga, pajak, dan availability final setelah admin cek manual ke hotel/OTA."
MADINAH,STANDARD,Hotel Deyar Al Eiman,,Alharmain PDF 15 Aug - 11 Nov 2026,Quint Room,FB meal plan,2026-08-15,2026-11-11,15 Aug - 11 Nov 2026,per kamar per malam,SAR,705,2,2,1,WiFi/detail fasilitas dicek manual via WhatsApp,Ketersediaan akhir dan payment dilanjutkan manual via WhatsApp,313,2026-07-06,INACTIVE,Source: (Madina Hotel 2026) New Season Far East 15 June 20_260630_175141.pdf | Page: madina_page-11.png | Meal: FB | Source period text: 15 AUGUST 2026 TO 11 NOV 2026,"Harga, pajak, dan availability final setelah admin cek manual ke hotel/OTA."
MADINAH,STANDARD,Hotel Deyar Al Eiman,,Alharmain PDF 11 Nov - 10 Dec 2026,Double Room,FB meal plan,2026-11-11,2026-12-10,11 Nov - 10 Dec 2026,per kamar per malam,SAR,605,2,2,1,WiFi/detail fasilitas dicek manual via WhatsApp,Ketersediaan akhir dan payment dilanjutkan manual via WhatsApp,314,2026-07-06,INACTIVE,Source: (Madina Hotel 2026) New Season Far East 15 June 20_260630_175141.pdf | Page: madina_page-11.png | Meal: FB | Source period text: 11 NOV 2026 TO 10 DEC 2026,"Harga, pajak, dan availability final setelah admin cek manual ke hotel/OTA."
MADINAH,STANDARD,Hotel Deyar Al Eiman,,Alharmain PDF 11 Nov - 10 Dec 2026,Triple Room,FB meal plan,2026-11-11,2026-12-10,11 Nov - 10 Dec 2026,per kamar per malam,SAR,655,2,2,1,WiFi/detail fasilitas dicek manual via WhatsApp,Ketersediaan akhir dan payment dilanjutkan manual via WhatsApp,315,2026-07-06,INACTIVE,Source: (Madina Hotel 2026) New Season Far East 15 June 20_260630_175141.pdf | Page: madina_page-11.png | Meal: FB | Source period text: 11 NOV 2026 TO 10 DEC 2026,"Harga, pajak, dan availability final setelah admin cek manual ke hotel/OTA."
MADINAH,STANDARD,Hotel Deyar Al Eiman,,Alharmain PDF 11 Nov - 10 Dec 2026,Quad Room,FB meal plan,2026-11-11,2026-12-10,11 Nov - 10 Dec 2026,per kamar per malam,SAR,705,2,2,1,WiFi/detail fasilitas dicek manual via WhatsApp,Ketersediaan akhir dan payment dilanjutkan manual via WhatsApp,316,2026-07-06,INACTIVE,Source: (Madina Hotel 2026) New Season Far East 15 June 20_260630_175141.pdf | Page: madina_page-11.png | Meal: FB | Source period text: 11 NOV 2026 TO 10 DEC 2026,"Harga, pajak, dan availability final setelah admin cek manual ke hotel/OTA."
MADINAH,STANDARD,Hotel Deyar Al Eiman,,Alharmain PDF 11 Nov - 10 Dec 2026,Quint Room,FB meal plan,2026-11-11,2026-12-10,11 Nov - 10 Dec 2026,per kamar per malam,SAR,755,2,2,1,WiFi/detail fasilitas dicek manual via WhatsApp,Ketersediaan akhir dan payment dilanjutkan manual via WhatsApp,317,2026-07-06,INACTIVE,Source: (Madina Hotel 2026) New Season Far East 15 June 20_260630_175141.pdf | Page: madina_page-11.png | Meal: FB | Source period text: 11 NOV 2026 TO 10 DEC 2026,"Harga, pajak, dan availability final setelah admin cek manual ke hotel/OTA."
MADINAH,STANDARD,Hotel Grand Plaza Al Madina,,Alharmain PDF 26 Jun - 20 Sep 2026,Double Room,FB meal plan,2026-06-26,2026-09-20,26 Jun - 20 Sep 2026,per kamar per malam,SAR,530,2,2,1,WiFi/detail fasilitas dicek manual via WhatsApp,Ketersediaan akhir dan payment dilanjutkan manual via WhatsApp,318,2026-07-06,INACTIVE,Source: (Madina Hotel 2026) New Season Far East 15 June 20_260630_175141.pdf | Page: madina_page-11.png | Meal: FB | Source period text: 26 JUNE 2026 TO 20 SEP 2026,"Harga, pajak, dan availability final setelah admin cek manual ke hotel/OTA."
MADINAH,STANDARD,Hotel Grand Plaza Al Madina,,Alharmain PDF 26 Jun - 20 Sep 2026,Triple Room,FB meal plan,2026-06-26,2026-09-20,26 Jun - 20 Sep 2026,per kamar per malam,SAR,600,2,2,1,WiFi/detail fasilitas dicek manual via WhatsApp,Ketersediaan akhir dan payment dilanjutkan manual via WhatsApp,319,2026-07-06,INACTIVE,Source: (Madina Hotel 2026) New Season Far East 15 June 20_260630_175141.pdf | Page: madina_page-11.png | Meal: FB | Source period text: 26 JUNE 2026 TO 20 SEP 2026,"Harga, pajak, dan availability final setelah admin cek manual ke hotel/OTA."
MADINAH,STANDARD,Hotel Grand Plaza Al Madina,,Alharmain PDF 26 Jun - 20 Sep 2026,Quad Room,FB meal plan,2026-06-26,2026-09-20,26 Jun - 20 Sep 2026,per kamar per malam,SAR,670,2,2,1,WiFi/detail fasilitas dicek manual via WhatsApp,Ketersediaan akhir dan payment dilanjutkan manual via WhatsApp,320,2026-07-06,INACTIVE,Source: (Madina Hotel 2026) New Season Far East 15 June 20_260630_175141.pdf | Page: madina_page-11.png | Meal: FB | Source period text: 26 JUNE 2026 TO 20 SEP 2026,"Harga, pajak, dan availability final setelah admin cek manual ke hotel/OTA."
MADINAH,STANDARD,Hotel Grand Plaza Al Madina,,Alharmain PDF 20 Sep - 22 Oct 2026,Double Room,FB meal plan,2026-09-20,2026-10-22,20 Sep - 22 Oct 2026,per kamar per malam,SAR,550,2,2,1,WiFi/detail fasilitas dicek manual via WhatsApp,Ketersediaan akhir dan payment dilanjutkan manual via WhatsApp,321,2026-07-06,INACTIVE,Source: (Madina Hotel 2026) New Season Far East 15 June 20_260630_175141.pdf | Page: madina_page-11.png | Meal: FB | Source period text: 20 SEP 2026 TO 22 OCT 2026,"Harga, pajak, dan availability final setelah admin cek manual ke hotel/OTA."
MADINAH,STANDARD,Hotel Grand Plaza Al Madina,,Alharmain PDF 20 Sep - 22 Oct 2026,Triple Room,FB meal plan,2026-09-20,2026-10-22,20 Sep - 22 Oct 2026,per kamar per malam,SAR,620,2,2,1,WiFi/detail fasilitas dicek manual via WhatsApp,Ketersediaan akhir dan payment dilanjutkan manual via WhatsApp,322,2026-07-06,INACTIVE,Source: (Madina Hotel 2026) New Season Far East 15 June 20_260630_175141.pdf | Page: madina_page-11.png | Meal: FB | Source period text: 20 SEP 2026 TO 22 OCT 2026,"Harga, pajak, dan availability final setelah admin cek manual ke hotel/OTA."
MADINAH,STANDARD,Hotel Grand Plaza Al Madina,,Alharmain PDF 20 Sep - 22 Oct 2026,Quad Room,FB meal plan,2026-09-20,2026-10-22,20 Sep - 22 Oct 2026,per kamar per malam,SAR,690,2,2,1,WiFi/detail fasilitas dicek manual via WhatsApp,Ketersediaan akhir dan payment dilanjutkan manual via WhatsApp,323,2026-07-06,INACTIVE,Source: (Madina Hotel 2026) New Season Far East 15 June 20_260630_175141.pdf | Page: madina_page-11.png | Meal: FB | Source period text: 20 SEP 2026 TO 22 OCT 2026,"Harga, pajak, dan availability final setelah admin cek manual ke hotel/OTA."
MADINAH,STANDARD,Hotel Province Shams,,Alharmain PDF Jul-Aug 2026,Double Room,FB meal plan,2026-07-01,2026-08-31,Jul-Aug 2026,per kamar per malam,SAR,520,2,2,1,WiFi/detail fasilitas dicek manual via WhatsApp,Ketersediaan akhir dan payment dilanjutkan manual via WhatsApp,324,2026-07-06,INACTIVE,Source: (Madina Hotel 2026) New Season Far East 15 June 20_260630_175141.pdf | Page: madina_page-11.png | Meal: FB | Source period text: JULY 2026 TO AUGUST 2026,"Harga, pajak, dan availability final setelah admin cek manual ke hotel/OTA."
MADINAH,STANDARD,Hotel Province Shams,,Alharmain PDF Jul-Aug 2026,Triple Room,FB meal plan,2026-07-01,2026-08-31,Jul-Aug 2026,per kamar per malam,SAR,565,2,2,1,WiFi/detail fasilitas dicek manual via WhatsApp,Ketersediaan akhir dan payment dilanjutkan manual via WhatsApp,325,2026-07-06,INACTIVE,Source: (Madina Hotel 2026) New Season Far East 15 June 20_260630_175141.pdf | Page: madina_page-11.png | Meal: FB | Source period text: JULY 2026 TO AUGUST 2026,"Harga, pajak, dan availability final setelah admin cek manual ke hotel/OTA."
MADINAH,STANDARD,Hotel Province Shams,,Alharmain PDF Jul-Aug 2026,Quad Room,FB meal plan,2026-07-01,2026-08-31,Jul-Aug 2026,per kamar per malam,SAR,610,2,2,1,WiFi/detail fasilitas dicek manual via WhatsApp,Ketersediaan akhir dan payment dilanjutkan manual via WhatsApp,326,2026-07-06,INACTIVE,Source: (Madina Hotel 2026) New Season Far East 15 June 20_260630_175141.pdf | Page: madina_page-11.png | Meal: FB | Source period text: JULY 2026 TO AUGUST 2026,"Harga, pajak, dan availability final setelah admin cek manual ke hotel/OTA."
MADINAH,STANDARD,Hotel Elaf Taiba,,Alharmain PDF 16 Jun - 15 Oct 2026,Double Room,FB meal plan,2026-06-16,2026-10-15,16 Jun - 15 Oct 2026,per kamar per malam,SAR,755,2,2,1,WiFi/detail fasilitas dicek manual via WhatsApp,Ketersediaan akhir dan payment dilanjutkan manual via WhatsApp,327,2026-07-06,INACTIVE,Source: (Madina Hotel 2026) New Season Far East 15 June 20_260630_175141.pdf | Page: madina_page-11.png | Meal: FB | Source period text: 16 JUNE 2026 TO 15 OCT 2026,"Harga, pajak, dan availability final setelah admin cek manual ke hotel/OTA."
MADINAH,STANDARD,Hotel Elaf Taiba,,Alharmain PDF 16 Jun - 15 Oct 2026,Triple Room,FB meal plan,2026-06-16,2026-10-15,16 Jun - 15 Oct 2026,per kamar per malam,SAR,880,2,2,1,WiFi/detail fasilitas dicek manual via WhatsApp,Ketersediaan akhir dan payment dilanjutkan manual via WhatsApp,328,2026-07-06,INACTIVE,Source: (Madina Hotel 2026) New Season Far East 15 June 20_260630_175141.pdf | Page: madina_page-11.png | Meal: FB | Source period text: 16 JUNE 2026 TO 15 OCT 2026,"Harga, pajak, dan availability final setelah admin cek manual ke hotel/OTA."
MADINAH,STANDARD,Hotel Elaf Taiba,,Alharmain PDF 16 Jun - 15 Oct 2026,Quad Room,FB meal plan,2026-06-16,2026-10-15,16 Jun - 15 Oct 2026,per kamar per malam,SAR,1005,2,2,1,WiFi/detail fasilitas dicek manual via WhatsApp,Ketersediaan akhir dan payment dilanjutkan manual via WhatsApp,329,2026-07-06,INACTIVE,Source: (Madina Hotel 2026) New Season Far East 15 June 20_260630_175141.pdf | Page: madina_page-11.png | Meal: FB | Source period text: 16 JUNE 2026 TO 15 OCT 2026,"Harga, pajak, dan availability final setelah admin cek manual ke hotel/OTA."
MADINAH,STANDARD,Hotel Elaf Taiba,,Alharmain PDF 15 Oct - 15 Dec 2026,Double Room,FB meal plan,2026-10-15,2026-12-15,15 Oct - 15 Dec 2026,per kamar per malam,SAR,855,2,2,1,WiFi/detail fasilitas dicek manual via WhatsApp,Ketersediaan akhir dan payment dilanjutkan manual via WhatsApp,330,2026-07-06,INACTIVE,Source: (Madina Hotel 2026) New Season Far East 15 June 20_260630_175141.pdf | Page: madina_page-11.png | Meal: FB | Source period text: 15 OCT 2026 TO 15 DEC 2026,"Harga, pajak, dan availability final setelah admin cek manual ke hotel/OTA."
MADINAH,STANDARD,Hotel Elaf Taiba,,Alharmain PDF 15 Oct - 15 Dec 2026,Triple Room,FB meal plan,2026-10-15,2026-12-15,15 Oct - 15 Dec 2026,per kamar per malam,SAR,980,2,2,1,WiFi/detail fasilitas dicek manual via WhatsApp,Ketersediaan akhir dan payment dilanjutkan manual via WhatsApp,331,2026-07-06,INACTIVE,Source: (Madina Hotel 2026) New Season Far East 15 June 20_260630_175141.pdf | Page: madina_page-11.png | Meal: FB | Source period text: 15 OCT 2026 TO 15 DEC 2026,"Harga, pajak, dan availability final setelah admin cek manual ke hotel/OTA."
MADINAH,STANDARD,Hotel Elaf Taiba,,Alharmain PDF 15 Oct - 15 Dec 2026,Quad Room,FB meal plan,2026-10-15,2026-12-15,15 Oct - 15 Dec 2026,per kamar per malam,SAR,1105,2,2,1,WiFi/detail fasilitas dicek manual via WhatsApp,Ketersediaan akhir dan payment dilanjutkan manual via WhatsApp,332,2026-07-06,INACTIVE,Source: (Madina Hotel 2026) New Season Far East 15 June 20_260630_175141.pdf | Page: madina_page-11.png | Meal: FB | Source period text: 15 OCT 2026 TO 15 DEC 2026,"Harga, pajak, dan availability final setelah admin cek manual ke hotel/OTA."
MADINAH,STANDARD,Hotel Elaf Taiba,,Alharmain PDF 5 Jan - 7 Feb 2027,Double Room,FB meal plan,2027-01-05,2027-02-07,5 Jan - 7 Feb 2027,per kamar per malam,SAR,905,2,2,1,WiFi/detail fasilitas dicek manual via WhatsApp,Ketersediaan akhir dan payment dilanjutkan manual via WhatsApp,333,2026-07-06,INACTIVE,Source: (Madina Hotel 2026) New Season Far East 15 June 20_260630_175141.pdf | Page: madina_page-11.png | Meal: FB | Source period text: 5 JAN 2027 TO 7 FEB 2027,"Harga, pajak, dan availability final setelah admin cek manual ke hotel/OTA."
MADINAH,STANDARD,Hotel Elaf Taiba,,Alharmain PDF 5 Jan - 7 Feb 2027,Triple Room,FB meal plan,2027-01-05,2027-02-07,5 Jan - 7 Feb 2027,per kamar per malam,SAR,1030,2,2,1,WiFi/detail fasilitas dicek manual via WhatsApp,Ketersediaan akhir dan payment dilanjutkan manual via WhatsApp,334,2026-07-06,INACTIVE,Source: (Madina Hotel 2026) New Season Far East 15 June 20_260630_175141.pdf | Page: madina_page-11.png | Meal: FB | Source period text: 5 JAN 2027 TO 7 FEB 2027,"Harga, pajak, dan availability final setelah admin cek manual ke hotel/OTA."
MADINAH,STANDARD,Hotel Elaf Taiba,,Alharmain PDF 5 Jan - 7 Feb 2027,Quad Room,FB meal plan,2027-01-05,2027-02-07,5 Jan - 7 Feb 2027,per kamar per malam,SAR,1155,2,2,1,WiFi/detail fasilitas dicek manual via WhatsApp,Ketersediaan akhir dan payment dilanjutkan manual via WhatsApp,335,2026-07-06,INACTIVE,Source: (Madina Hotel 2026) New Season Far East 15 June 20_260630_175141.pdf | Page: madina_page-11.png | Meal: FB | Source period text: 5 JAN 2027 TO 7 FEB 2027,"Harga, pajak, dan availability final setelah admin cek manual ke hotel/OTA."
MADINAH,STANDARD,Hotel Nozol Royal Inn,,Alharmain PDF 25 Jun - 14 Aug 2026,Double Room,FB meal plan,2026-06-25,2026-08-14,25 Jun - 14 Aug 2026,per kamar per malam,SAR,730,2,2,1,WiFi/detail fasilitas dicek manual via WhatsApp,Ketersediaan akhir dan payment dilanjutkan manual via WhatsApp,336,2026-07-06,INACTIVE,Source: (Madina Hotel 2026) New Season Far East 15 June 20_260630_175141.pdf | Page: madina_page-12.png | Meal: FB | Source period text: 25 JUNE 2026 TO 14 AUGUST 2026,"Harga, pajak, dan availability final setelah admin cek manual ke hotel/OTA."
MADINAH,STANDARD,Hotel Nozol Royal Inn,,Alharmain PDF 25 Jun - 14 Aug 2026,Triple Room,FB meal plan,2026-06-25,2026-08-14,25 Jun - 14 Aug 2026,per kamar per malam,SAR,830,2,2,1,WiFi/detail fasilitas dicek manual via WhatsApp,Ketersediaan akhir dan payment dilanjutkan manual via WhatsApp,337,2026-07-06,INACTIVE,Source: (Madina Hotel 2026) New Season Far East 15 June 20_260630_175141.pdf | Page: madina_page-12.png | Meal: FB | Source period text: 25 JUNE 2026 TO 14 AUGUST 2026,"Harga, pajak, dan availability final setelah admin cek manual ke hotel/OTA."
MADINAH,STANDARD,Hotel Nozol Royal Inn,,Alharmain PDF 25 Jun - 14 Aug 2026,Quad Room,FB meal plan,2026-06-25,2026-08-14,25 Jun - 14 Aug 2026,per kamar per malam,SAR,930,2,2,1,WiFi/detail fasilitas dicek manual via WhatsApp,Ketersediaan akhir dan payment dilanjutkan manual via WhatsApp,338,2026-07-06,INACTIVE,Source: (Madina Hotel 2026) New Season Far East 15 June 20_260630_175141.pdf | Page: madina_page-12.png | Meal: FB | Source period text: 25 JUNE 2026 TO 14 AUGUST 2026,"Harga, pajak, dan availability final setelah admin cek manual ke hotel/OTA."
MADINAH,STANDARD,Hotel Nozol Royal Inn,,Alharmain PDF 14 Aug - 1 Oct 2026,Double Room,FB meal plan,2026-08-14,2026-10-01,14 Aug - 1 Oct 2026,per kamar per malam,SAR,830,2,2,1,WiFi/detail fasilitas dicek manual via WhatsApp,Ketersediaan akhir dan payment dilanjutkan manual via WhatsApp,339,2026-07-06,INACTIVE,Source: (Madina Hotel 2026) New Season Far East 15 June 20_260630_175141.pdf | Page: madina_page-12.png | Meal: FB | Source period text: 14 AUGUST 2026 TO 1 OCT 2026,"Harga, pajak, dan availability final setelah admin cek manual ke hotel/OTA."
MADINAH,STANDARD,Hotel Nozol Royal Inn,,Alharmain PDF 14 Aug - 1 Oct 2026,Triple Room,FB meal plan,2026-08-14,2026-10-01,14 Aug - 1 Oct 2026,per kamar per malam,SAR,930,2,2,1,WiFi/detail fasilitas dicek manual via WhatsApp,Ketersediaan akhir dan payment dilanjutkan manual via WhatsApp,340,2026-07-06,INACTIVE,Source: (Madina Hotel 2026) New Season Far East 15 June 20_260630_175141.pdf | Page: madina_page-12.png | Meal: FB | Source period text: 14 AUGUST 2026 TO 1 OCT 2026,"Harga, pajak, dan availability final setelah admin cek manual ke hotel/OTA."
MADINAH,STANDARD,Hotel Nozol Royal Inn,,Alharmain PDF 14 Aug - 1 Oct 2026,Quad Room,FB meal plan,2026-08-14,2026-10-01,14 Aug - 1 Oct 2026,per kamar per malam,SAR,1030,2,2,1,WiFi/detail fasilitas dicek manual via WhatsApp,Ketersediaan akhir dan payment dilanjutkan manual via WhatsApp,341,2026-07-06,INACTIVE,Source: (Madina Hotel 2026) New Season Far East 15 June 20_260630_175141.pdf | Page: madina_page-12.png | Meal: FB | Source period text: 14 AUGUST 2026 TO 1 OCT 2026,"Harga, pajak, dan availability final setelah admin cek manual ke hotel/OTA."
MADINAH,STANDARD,Hotel Nozol Royal Inn,,Alharmain PDF 1 Oct - 1 Nov 2026,Double Room,FB meal plan,2026-10-01,2026-11-01,1 Oct - 1 Nov 2026,per kamar per malam,SAR,880,2,2,1,WiFi/detail fasilitas dicek manual via WhatsApp,Ketersediaan akhir dan payment dilanjutkan manual via WhatsApp,342,2026-07-06,INACTIVE,Source: (Madina Hotel 2026) New Season Far East 15 June 20_260630_175141.pdf | Page: madina_page-12.png | Meal: FB | Source period text: 1 OCT 2026 TO 1 NOV 2026,"Harga, pajak, dan availability final setelah admin cek manual ke hotel/OTA."
MADINAH,STANDARD,Hotel Nozol Royal Inn,,Alharmain PDF 1 Oct - 1 Nov 2026,Triple Room,FB meal plan,2026-10-01,2026-11-01,1 Oct - 1 Nov 2026,per kamar per malam,SAR,980,2,2,1,WiFi/detail fasilitas dicek manual via WhatsApp,Ketersediaan akhir dan payment dilanjutkan manual via WhatsApp,343,2026-07-06,INACTIVE,Source: (Madina Hotel 2026) New Season Far East 15 June 20_260630_175141.pdf | Page: madina_page-12.png | Meal: FB | Source period text: 1 OCT 2026 TO 1 NOV 2026,"Harga, pajak, dan availability final setelah admin cek manual ke hotel/OTA."
MADINAH,STANDARD,Hotel Nozol Royal Inn,,Alharmain PDF 1 Oct - 1 Nov 2026,Quad Room,FB meal plan,2026-10-01,2026-11-01,1 Oct - 1 Nov 2026,per kamar per malam,SAR,1080,2,2,1,WiFi/detail fasilitas dicek manual via WhatsApp,Ketersediaan akhir dan payment dilanjutkan manual via WhatsApp,344,2026-07-06,INACTIVE,Source: (Madina Hotel 2026) New Season Far East 15 June 20_260630_175141.pdf | Page: madina_page-12.png | Meal: FB | Source period text: 1 OCT 2026 TO 1 NOV 2026,"Harga, pajak, dan availability final setelah admin cek manual ke hotel/OTA."
MADINAH,STANDARD,Hotel Nozol Royal Inn,,Alharmain PDF 1 Nov - 20 Dec 2026,Double Room,FB meal plan,2026-11-01,2026-12-20,1 Nov - 20 Dec 2026,per kamar per malam,SAR,980,2,2,1,WiFi/detail fasilitas dicek manual via WhatsApp,Ketersediaan akhir dan payment dilanjutkan manual via WhatsApp,345,2026-07-06,INACTIVE,Source: (Madina Hotel 2026) New Season Far East 15 June 20_260630_175141.pdf | Page: madina_page-12.png | Meal: FB | Source period text: 1 NOV 2026 TO 20 DEC 2026,"Harga, pajak, dan availability final setelah admin cek manual ke hotel/OTA."
MADINAH,STANDARD,Hotel Nozol Royal Inn,,Alharmain PDF 1 Nov - 20 Dec 2026,Triple Room,FB meal plan,2026-11-01,2026-12-20,1 Nov - 20 Dec 2026,per kamar per malam,SAR,1130,2,2,1,WiFi/detail fasilitas dicek manual via WhatsApp,Ketersediaan akhir dan payment dilanjutkan manual via WhatsApp,346,2026-07-06,INACTIVE,Source: (Madina Hotel 2026) New Season Far East 15 June 20_260630_175141.pdf | Page: madina_page-12.png | Meal: FB | Source period text: 1 NOV 2026 TO 20 DEC 2026,"Harga, pajak, dan availability final setelah admin cek manual ke hotel/OTA."
MADINAH,STANDARD,Hotel Nozol Royal Inn,,Alharmain PDF 1 Nov - 20 Dec 2026,Quad Room,FB meal plan,2026-11-01,2026-12-20,1 Nov - 20 Dec 2026,per kamar per malam,SAR,1280,2,2,1,WiFi/detail fasilitas dicek manual via WhatsApp,Ketersediaan akhir dan payment dilanjutkan manual via WhatsApp,347,2026-07-06,INACTIVE,Source: (Madina Hotel 2026) New Season Far East 15 June 20_260630_175141.pdf | Page: madina_page-12.png | Meal: FB | Source period text: 1 NOV 2026 TO 20 DEC 2026,"Harga, pajak, dan availability final setelah admin cek manual ke hotel/OTA."
MADINAH,STANDARD,Hotel Nozol Royal Inn,,Alharmain PDF 20 Dec 2026 - 20 Jan 2027,Double Room,FB meal plan,2026-12-20,2027-01-20,20 Dec 2026 - 20 Jan 2027,per kamar per malam,SAR,1830,2,2,1,WiFi/detail fasilitas dicek manual via WhatsApp,Ketersediaan akhir dan payment dilanjutkan manual via WhatsApp,348,2026-07-06,INACTIVE,Source: (Madina Hotel 2026) New Season Far East 15 June 20_260630_175141.pdf | Page: madina_page-12.png | Meal: FB | Source period text: 20 DEC 2026 TO 20 JAN 2027,"Harga, pajak, dan availability final setelah admin cek manual ke hotel/OTA."
MADINAH,STANDARD,Hotel Nozol Royal Inn,,Alharmain PDF 20 Dec 2026 - 20 Jan 2027,Triple Room,FB meal plan,2026-12-20,2027-01-20,20 Dec 2026 - 20 Jan 2027,per kamar per malam,SAR,2080,2,2,1,WiFi/detail fasilitas dicek manual via WhatsApp,Ketersediaan akhir dan payment dilanjutkan manual via WhatsApp,349,2026-07-06,INACTIVE,Source: (Madina Hotel 2026) New Season Far East 15 June 20_260630_175141.pdf | Page: madina_page-12.png | Meal: FB | Source period text: 20 DEC 2026 TO 20 JAN 2027,"Harga, pajak, dan availability final setelah admin cek manual ke hotel/OTA."
MADINAH,STANDARD,Hotel Nozol Royal Inn,,Alharmain PDF 20 Dec 2026 - 20 Jan 2027,Quad Room,FB meal plan,2026-12-20,2027-01-20,20 Dec 2026 - 20 Jan 2027,per kamar per malam,SAR,2330,2,2,1,WiFi/detail fasilitas dicek manual via WhatsApp,Ketersediaan akhir dan payment dilanjutkan manual via WhatsApp,350,2026-07-06,INACTIVE,Source: (Madina Hotel 2026) New Season Far East 15 June 20_260630_175141.pdf | Page: madina_page-12.png | Meal: FB | Source period text: 20 DEC 2026 TO 20 JAN 2027,"Harga, pajak, dan availability final setelah admin cek manual ke hotel/OTA."
MADINAH,STANDARD,Hotel Taiba Front,,Alharmain PDF 30 Jun - 31 Aug 2026,Double Room,FB meal plan,2026-06-30,2026-08-31,30 Jun - 31 Aug 2026,per kamar per malam,SAR,730,2,2,1,WiFi/detail fasilitas dicek manual via WhatsApp,Ketersediaan akhir dan payment dilanjutkan manual via WhatsApp,351,2026-07-06,INACTIVE,Source: (Madina Hotel 2026) New Season Far East 15 June 20_260630_175141.pdf | Page: madina_page-12.png | Meal: FB | Source period text: 30 JUNE 2026 TO 31 AUGUST 2026,"Harga, pajak, dan availability final setelah admin cek manual ke hotel/OTA."
MADINAH,STANDARD,Hotel Taiba Front,,Alharmain PDF 30 Jun - 31 Aug 2026,Triple Room,FB meal plan,2026-06-30,2026-08-31,30 Jun - 31 Aug 2026,per kamar per malam,SAR,840,2,2,1,WiFi/detail fasilitas dicek manual via WhatsApp,Ketersediaan akhir dan payment dilanjutkan manual via WhatsApp,352,2026-07-06,INACTIVE,Source: (Madina Hotel 2026) New Season Far East 15 June 20_260630_175141.pdf | Page: madina_page-12.png | Meal: FB | Source period text: 30 JUNE 2026 TO 31 AUGUST 2026,"Harga, pajak, dan availability final setelah admin cek manual ke hotel/OTA."
MADINAH,STANDARD,Hotel Taiba Front,,Alharmain PDF 30 Jun - 31 Aug 2026,Quad Room,FB meal plan,2026-06-30,2026-08-31,30 Jun - 31 Aug 2026,per kamar per malam,SAR,950,2,2,1,WiFi/detail fasilitas dicek manual via WhatsApp,Ketersediaan akhir dan payment dilanjutkan manual via WhatsApp,353,2026-07-06,INACTIVE,Source: (Madina Hotel 2026) New Season Far East 15 June 20_260630_175141.pdf | Page: madina_page-12.png | Meal: FB | Source period text: 30 JUNE 2026 TO 31 AUGUST 2026,"Harga, pajak, dan availability final setelah admin cek manual ke hotel/OTA."
MADINAH,STANDARD,Hotel Mias Madina,,Alharmain PDF 25 Jun - 14 Aug 2026,Double Room,FB meal plan,2026-06-25,2026-08-14,25 Jun - 14 Aug 2026,per kamar per malam,SAR,660,2,2,1,WiFi/detail fasilitas dicek manual via WhatsApp,Ketersediaan akhir dan payment dilanjutkan manual via WhatsApp,354,2026-07-06,INACTIVE,Source: (Madina Hotel 2026) New Season Far East 15 June 20_260630_175141.pdf | Page: madina_page-12.png | Meal: FB | Source period text: 25 JUNE 2026 TO 14 AUGUST 2026,"Harga, pajak, dan availability final setelah admin cek manual ke hotel/OTA."
MADINAH,STANDARD,Hotel Mias Madina,,Alharmain PDF 25 Jun - 14 Aug 2026,Triple Room,FB meal plan,2026-06-25,2026-08-14,25 Jun - 14 Aug 2026,per kamar per malam,SAR,780,2,2,1,WiFi/detail fasilitas dicek manual via WhatsApp,Ketersediaan akhir dan payment dilanjutkan manual via WhatsApp,355,2026-07-06,INACTIVE,Source: (Madina Hotel 2026) New Season Far East 15 June 20_260630_175141.pdf | Page: madina_page-12.png | Meal: FB | Source period text: 25 JUNE 2026 TO 14 AUGUST 2026,"Harga, pajak, dan availability final setelah admin cek manual ke hotel/OTA."
MADINAH,STANDARD,Hotel Mias Madina,,Alharmain PDF 25 Jun - 14 Aug 2026,Quad Room,FB meal plan,2026-06-25,2026-08-14,25 Jun - 14 Aug 2026,per kamar per malam,SAR,900,2,2,1,WiFi/detail fasilitas dicek manual via WhatsApp,Ketersediaan akhir dan payment dilanjutkan manual via WhatsApp,356,2026-07-06,INACTIVE,Source: (Madina Hotel 2026) New Season Far East 15 June 20_260630_175141.pdf | Page: madina_page-12.png | Meal: FB | Source period text: 25 JUNE 2026 TO 14 AUGUST 2026,"Harga, pajak, dan availability final setelah admin cek manual ke hotel/OTA."
MADINAH,STANDARD,Hotel Mias Madina,,Alharmain PDF 14 Aug - 20 Oct 2026,Double Room,FB meal plan,2026-08-14,2026-10-20,14 Aug - 20 Oct 2026,per kamar per malam,SAR,690,2,2,1,WiFi/detail fasilitas dicek manual via WhatsApp,Ketersediaan akhir dan payment dilanjutkan manual via WhatsApp,357,2026-07-06,INACTIVE,Source: (Madina Hotel 2026) New Season Far East 15 June 20_260630_175141.pdf | Page: madina_page-12.png | Meal: FB | Source period text: 14 AUGUST 2026 TO 20 OCT 2026,"Harga, pajak, dan availability final setelah admin cek manual ke hotel/OTA."
MADINAH,STANDARD,Hotel Mias Madina,,Alharmain PDF 14 Aug - 20 Oct 2026,Triple Room,FB meal plan,2026-08-14,2026-10-20,14 Aug - 20 Oct 2026,per kamar per malam,SAR,810,2,2,1,WiFi/detail fasilitas dicek manual via WhatsApp,Ketersediaan akhir dan payment dilanjutkan manual via WhatsApp,358,2026-07-06,INACTIVE,Source: (Madina Hotel 2026) New Season Far East 15 June 20_260630_175141.pdf | Page: madina_page-12.png | Meal: FB | Source period text: 14 AUGUST 2026 TO 20 OCT 2026,"Harga, pajak, dan availability final setelah admin cek manual ke hotel/OTA."
MADINAH,STANDARD,Hotel Mias Madina,,Alharmain PDF 14 Aug - 20 Oct 2026,Quad Room,FB meal plan,2026-08-14,2026-10-20,14 Aug - 20 Oct 2026,per kamar per malam,SAR,930,2,2,1,WiFi/detail fasilitas dicek manual via WhatsApp,Ketersediaan akhir dan payment dilanjutkan manual via WhatsApp,359,2026-07-06,INACTIVE,Source: (Madina Hotel 2026) New Season Far East 15 June 20_260630_175141.pdf | Page: madina_page-12.png | Meal: FB | Source period text: 14 AUGUST 2026 TO 20 OCT 2026,"Harga, pajak, dan availability final setelah admin cek manual ke hotel/OTA."
MADINAH,STANDARD,Hotel Mias Madina,,Alharmain PDF 20 Oct - 15 Dec 2026,Double Room,FB meal plan,2026-10-20,2026-12-15,20 Oct - 15 Dec 2026,per kamar per malam,SAR,790,2,2,1,WiFi/detail fasilitas dicek manual via WhatsApp,Ketersediaan akhir dan payment dilanjutkan manual via WhatsApp,360,2026-07-06,INACTIVE,Source: (Madina Hotel 2026) New Season Far East 15 June 20_260630_175141.pdf | Page: madina_page-12.png | Meal: FB | Source period text: 20 OCT 2026 TO 15 DEC 2026,"Harga, pajak, dan availability final setelah admin cek manual ke hotel/OTA."
MADINAH,STANDARD,Hotel Mias Madina,,Alharmain PDF 20 Oct - 15 Dec 2026,Triple Room,FB meal plan,2026-10-20,2026-12-15,20 Oct - 15 Dec 2026,per kamar per malam,SAR,930,2,2,1,WiFi/detail fasilitas dicek manual via WhatsApp,Ketersediaan akhir dan payment dilanjutkan manual via WhatsApp,361,2026-07-06,INACTIVE,Source: (Madina Hotel 2026) New Season Far East 15 June 20_260630_175141.pdf | Page: madina_page-12.png | Meal: FB | Source period text: 20 OCT 2026 TO 15 DEC 2026,"Harga, pajak, dan availability final setelah admin cek manual ke hotel/OTA."
MADINAH,STANDARD,Hotel Mias Madina,,Alharmain PDF 20 Oct - 15 Dec 2026,Quad Room,FB meal plan,2026-10-20,2026-12-15,20 Oct - 15 Dec 2026,per kamar per malam,SAR,1070,2,2,1,WiFi/detail fasilitas dicek manual via WhatsApp,Ketersediaan akhir dan payment dilanjutkan manual via WhatsApp,362,2026-07-06,INACTIVE,Source: (Madina Hotel 2026) New Season Far East 15 June 20_260630_175141.pdf | Page: madina_page-12.png | Meal: FB | Source period text: 20 OCT 2026 TO 15 DEC 2026,"Harga, pajak, dan availability final setelah admin cek manual ke hotel/OTA."
MADINAH,STANDARD,Hotel Mias Madina,,Alharmain PDF 15 Dec 2026 - 9 Jan 2027,Double Room,FB meal plan,2026-12-15,2027-01-09,15 Dec 2026 - 9 Jan 2027,per kamar per malam,SAR,1170,2,2,1,WiFi/detail fasilitas dicek manual via WhatsApp,Ketersediaan akhir dan payment dilanjutkan manual via WhatsApp,363,2026-07-06,INACTIVE,Source: (Madina Hotel 2026) New Season Far East 15 June 20_260630_175141.pdf | Page: madina_page-12.png | Meal: FB | Source period text: 15 DEC 2026 TO 9 JAN 2027,"Harga, pajak, dan availability final setelah admin cek manual ke hotel/OTA."
MADINAH,STANDARD,Hotel Mias Madina,,Alharmain PDF 15 Dec 2026 - 9 Jan 2027,Triple Room,FB meal plan,2026-12-15,2027-01-09,15 Dec 2026 - 9 Jan 2027,per kamar per malam,SAR,1330,2,2,1,WiFi/detail fasilitas dicek manual via WhatsApp,Ketersediaan akhir dan payment dilanjutkan manual via WhatsApp,364,2026-07-06,INACTIVE,Source: (Madina Hotel 2026) New Season Far East 15 June 20_260630_175141.pdf | Page: madina_page-12.png | Meal: FB | Source period text: 15 DEC 2026 TO 9 JAN 2027,"Harga, pajak, dan availability final setelah admin cek manual ke hotel/OTA."
MADINAH,STANDARD,Hotel Mias Madina,,Alharmain PDF 15 Dec 2026 - 9 Jan 2027,Quad Room,FB meal plan,2026-12-15,2027-01-09,15 Dec 2026 - 9 Jan 2027,per kamar per malam,SAR,1490,2,2,1,WiFi/detail fasilitas dicek manual via WhatsApp,Ketersediaan akhir dan payment dilanjutkan manual via WhatsApp,365,2026-07-06,INACTIVE,Source: (Madina Hotel 2026) New Season Far East 15 June 20_260630_175141.pdf | Page: madina_page-12.png | Meal: FB | Source period text: 15 DEC 2026 TO 9 JAN 2027,"Harga, pajak, dan availability final setelah admin cek manual ke hotel/OTA."
MADINAH,STANDARD,Hotel Mias Madina,,Alharmain PDF 9 Jan - 7 Feb 2027,Double Room,FB meal plan,2027-01-09,2027-02-07,9 Jan - 7 Feb 2027,per kamar per malam,SAR,910,2,2,1,WiFi/detail fasilitas dicek manual via WhatsApp,Ketersediaan akhir dan payment dilanjutkan manual via WhatsApp,366,2026-07-06,INACTIVE,Source: (Madina Hotel 2026) New Season Far East 15 June 20_260630_175141.pdf | Page: madina_page-12.png | Meal: FB | Source period text: 9 JAN 2027 TO 7 FEB 2027,"Harga, pajak, dan availability final setelah admin cek manual ke hotel/OTA."
MADINAH,STANDARD,Hotel Mias Madina,,Alharmain PDF 9 Jan - 7 Feb 2027,Triple Room,FB meal plan,2027-01-09,2027-02-07,9 Jan - 7 Feb 2027,per kamar per malam,SAR,1060,2,2,1,WiFi/detail fasilitas dicek manual via WhatsApp,Ketersediaan akhir dan payment dilanjutkan manual via WhatsApp,367,2026-07-06,INACTIVE,Source: (Madina Hotel 2026) New Season Far East 15 June 20_260630_175141.pdf | Page: madina_page-12.png | Meal: FB | Source period text: 9 JAN 2027 TO 7 FEB 2027,"Harga, pajak, dan availability final setelah admin cek manual ke hotel/OTA."
MADINAH,STANDARD,Hotel Mias Madina,,Alharmain PDF 9 Jan - 7 Feb 2027,Quad Room,FB meal plan,2027-01-09,2027-02-07,9 Jan - 7 Feb 2027,per kamar per malam,SAR,1210,2,2,1,WiFi/detail fasilitas dicek manual via WhatsApp,Ketersediaan akhir dan payment dilanjutkan manual via WhatsApp,368,2026-07-06,INACTIVE,Source: (Madina Hotel 2026) New Season Far East 15 June 20_260630_175141.pdf | Page: madina_page-12.png | Meal: FB | Source period text: 9 JAN 2027 TO 7 FEB 2027,"Harga, pajak, dan availability final setelah admin cek manual ke hotel/OTA."
MADINAH,STANDARD,Hotel Tharawat Worth,,Alharmain PDF 16 Jun - 19 Aug 2026,Double Room,FB meal plan,2026-06-16,2026-08-19,16 Jun - 19 Aug 2026,per kamar per malam,SAR,580,2,2,1,WiFi/detail fasilitas dicek manual via WhatsApp,Ketersediaan akhir dan payment dilanjutkan manual via WhatsApp,369,2026-07-06,INACTIVE,Source: (Madina Hotel 2026) New Season Far East 15 June 20_260630_175141.pdf | Page: madina_page-13.png | Meal: FB | Source period text: 16 JUNE 2026 TO 19 AUGUST 2026,"Harga, pajak, dan availability final setelah admin cek manual ke hotel/OTA."
MADINAH,STANDARD,Hotel Tharawat Worth,,Alharmain PDF 16 Jun - 19 Aug 2026,Triple Room,FB meal plan,2026-06-16,2026-08-19,16 Jun - 19 Aug 2026,per kamar per malam,SAR,655,2,2,1,WiFi/detail fasilitas dicek manual via WhatsApp,Ketersediaan akhir dan payment dilanjutkan manual via WhatsApp,370,2026-07-06,INACTIVE,Source: (Madina Hotel 2026) New Season Far East 15 June 20_260630_175141.pdf | Page: madina_page-13.png | Meal: FB | Source period text: 16 JUNE 2026 TO 19 AUGUST 2026,"Harga, pajak, dan availability final setelah admin cek manual ke hotel/OTA."
MADINAH,STANDARD,Hotel Tharawat Worth,,Alharmain PDF 16 Jun - 19 Aug 2026,Quad Room,FB meal plan,2026-06-16,2026-08-19,16 Jun - 19 Aug 2026,per kamar per malam,SAR,730,2,2,1,WiFi/detail fasilitas dicek manual via WhatsApp,Ketersediaan akhir dan payment dilanjutkan manual via WhatsApp,371,2026-07-06,INACTIVE,Source: (Madina Hotel 2026) New Season Far East 15 June 20_260630_175141.pdf | Page: madina_page-13.png | Meal: FB | Source period text: 16 JUNE 2026 TO 19 AUGUST 2026,"Harga, pajak, dan availability final setelah admin cek manual ke hotel/OTA."
MADINAH,STANDARD,Hotel Tharawat Worth,,Alharmain PDF 19 Aug - 16 Dec 2026,Double Room,FB meal plan,2026-08-19,2026-12-16,19 Aug - 16 Dec 2026,per kamar per malam,SAR,680,2,2,1,WiFi/detail fasilitas dicek manual via WhatsApp,Ketersediaan akhir dan payment dilanjutkan manual via WhatsApp,372,2026-07-06,INACTIVE,Source: (Madina Hotel 2026) New Season Far East 15 June 20_260630_175141.pdf | Page: madina_page-13.png | Meal: FB | Source period text: 19 AUGUST 2026 TO 16 DEC 2026,"Harga, pajak, dan availability final setelah admin cek manual ke hotel/OTA."
MADINAH,STANDARD,Hotel Tharawat Worth,,Alharmain PDF 19 Aug - 16 Dec 2026,Triple Room,FB meal plan,2026-08-19,2026-12-16,19 Aug - 16 Dec 2026,per kamar per malam,SAR,755,2,2,1,WiFi/detail fasilitas dicek manual via WhatsApp,Ketersediaan akhir dan payment dilanjutkan manual via WhatsApp,373,2026-07-06,INACTIVE,Source: (Madina Hotel 2026) New Season Far East 15 June 20_260630_175141.pdf | Page: madina_page-13.png | Meal: FB | Source period text: 19 AUGUST 2026 TO 16 DEC 2026,"Harga, pajak, dan availability final setelah admin cek manual ke hotel/OTA."
MADINAH,STANDARD,Hotel Tharawat Worth,,Alharmain PDF 19 Aug - 16 Dec 2026,Quad Room,FB meal plan,2026-08-19,2026-12-16,19 Aug - 16 Dec 2026,per kamar per malam,SAR,830,2,2,1,WiFi/detail fasilitas dicek manual via WhatsApp,Ketersediaan akhir dan payment dilanjutkan manual via WhatsApp,374,2026-07-06,INACTIVE,Source: (Madina Hotel 2026) New Season Far East 15 June 20_260630_175141.pdf | Page: madina_page-13.png | Meal: FB | Source period text: 19 AUGUST 2026 TO 16 DEC 2026,"Harga, pajak, dan availability final setelah admin cek manual ke hotel/OTA."
MADINAH,STANDARD,Hotel Tharawat Worth,,Alharmain PDF 16 Dec 2026 - 9 Jan 2027,Double Room,FB meal plan,2026-12-16,2027-01-09,16 Dec 2026 - 9 Jan 2027,per kamar per malam,SAR,830,2,2,1,WiFi/detail fasilitas dicek manual via WhatsApp,Ketersediaan akhir dan payment dilanjutkan manual via WhatsApp,375,2026-07-06,INACTIVE,Source: (Madina Hotel 2026) New Season Far East 15 June 20_260630_175141.pdf | Page: madina_page-13.png | Meal: FB | Source period text: 16 DEC 2026 TO 9 JAN 2027,"Harga, pajak, dan availability final setelah admin cek manual ke hotel/OTA."
MADINAH,STANDARD,Hotel Tharawat Worth,,Alharmain PDF 16 Dec 2026 - 9 Jan 2027,Triple Room,FB meal plan,2026-12-16,2027-01-09,16 Dec 2026 - 9 Jan 2027,per kamar per malam,SAR,930,2,2,1,WiFi/detail fasilitas dicek manual via WhatsApp,Ketersediaan akhir dan payment dilanjutkan manual via WhatsApp,376,2026-07-06,INACTIVE,Source: (Madina Hotel 2026) New Season Far East 15 June 20_260630_175141.pdf | Page: madina_page-13.png | Meal: FB | Source period text: 16 DEC 2026 TO 9 JAN 2027,"Harga, pajak, dan availability final setelah admin cek manual ke hotel/OTA."
MADINAH,STANDARD,Hotel Tharawat Worth,,Alharmain PDF 16 Dec 2026 - 9 Jan 2027,Quad Room,FB meal plan,2026-12-16,2027-01-09,16 Dec 2026 - 9 Jan 2027,per kamar per malam,SAR,1030,2,2,1,WiFi/detail fasilitas dicek manual via WhatsApp,Ketersediaan akhir dan payment dilanjutkan manual via WhatsApp,377,2026-07-06,INACTIVE,Source: (Madina Hotel 2026) New Season Far East 15 June 20_260630_175141.pdf | Page: madina_page-13.png | Meal: FB | Source period text: 16 DEC 2026 TO 9 JAN 2027,"Harga, pajak, dan availability final setelah admin cek manual ke hotel/OTA."
MADINAH,STANDARD,Hotel Tharawat Worth,,Alharmain PDF 9 Jan - 8 Feb 2027,Double Room,FB meal plan,2027-01-09,2027-02-08,9 Jan - 8 Feb 2027,per kamar per malam,SAR,755,2,2,1,WiFi/detail fasilitas dicek manual via WhatsApp,Ketersediaan akhir dan payment dilanjutkan manual via WhatsApp,378,2026-07-06,INACTIVE,Source: (Madina Hotel 2026) New Season Far East 15 June 20_260630_175141.pdf | Page: madina_page-13.png | Meal: FB | Source period text: 9 JAN 2027 TO 8 FEB 2027,"Harga, pajak, dan availability final setelah admin cek manual ke hotel/OTA."
MADINAH,STANDARD,Hotel Tharawat Worth,,Alharmain PDF 9 Jan - 8 Feb 2027,Triple Room,FB meal plan,2027-01-09,2027-02-08,9 Jan - 8 Feb 2027,per kamar per malam,SAR,830,2,2,1,WiFi/detail fasilitas dicek manual via WhatsApp,Ketersediaan akhir dan payment dilanjutkan manual via WhatsApp,379,2026-07-06,INACTIVE,Source: (Madina Hotel 2026) New Season Far East 15 June 20_260630_175141.pdf | Page: madina_page-13.png | Meal: FB | Source period text: 9 JAN 2027 TO 8 FEB 2027,"Harga, pajak, dan availability final setelah admin cek manual ke hotel/OTA."
MADINAH,STANDARD,Hotel Tharawat Worth,,Alharmain PDF 9 Jan - 8 Feb 2027,Quad Room,FB meal plan,2027-01-09,2027-02-08,9 Jan - 8 Feb 2027,per kamar per malam,SAR,905,2,2,1,WiFi/detail fasilitas dicek manual via WhatsApp,Ketersediaan akhir dan payment dilanjutkan manual via WhatsApp,380,2026-07-06,INACTIVE,Source: (Madina Hotel 2026) New Season Far East 15 June 20_260630_175141.pdf | Page: madina_page-13.png | Meal: FB | Source period text: 9 JAN 2027 TO 8 FEB 2027,"Harga, pajak, dan availability final setelah admin cek manual ke hotel/OTA."
MADINAH,STANDARD,Hotel Al Zahabi Golden Tulip,,Alharmain PDF 30 Jun - 13 Aug 2026,Double Room,FB meal plan,2026-06-30,2026-08-13,30 Jun - 13 Aug 2026,per kamar per malam,SAR,630,2,2,1,WiFi/detail fasilitas dicek manual via WhatsApp,Ketersediaan akhir dan payment dilanjutkan manual via WhatsApp,381,2026-07-06,INACTIVE,Source: (Madina Hotel 2026) New Season Far East 15 June 20_260630_175141.pdf | Page: madina_page-13.png | Meal: FB | Source period text: 30 JUNE 2026 TO 13 AUGUST 2026,"Harga, pajak, dan availability final setelah admin cek manual ke hotel/OTA."
MADINAH,STANDARD,Hotel Al Zahabi Golden Tulip,,Alharmain PDF 30 Jun - 13 Aug 2026,Triple Room,FB meal plan,2026-06-30,2026-08-13,30 Jun - 13 Aug 2026,per kamar per malam,SAR,680,2,2,1,WiFi/detail fasilitas dicek manual via WhatsApp,Ketersediaan akhir dan payment dilanjutkan manual via WhatsApp,382,2026-07-06,INACTIVE,Source: (Madina Hotel 2026) New Season Far East 15 June 20_260630_175141.pdf | Page: madina_page-13.png | Meal: FB | Source period text: 30 JUNE 2026 TO 13 AUGUST 2026,"Harga, pajak, dan availability final setelah admin cek manual ke hotel/OTA."
MADINAH,STANDARD,Hotel Al Zahabi Golden Tulip,,Alharmain PDF 30 Jun - 13 Aug 2026,Quad Room,FB meal plan,2026-06-30,2026-08-13,30 Jun - 13 Aug 2026,per kamar per malam,SAR,730,2,2,1,WiFi/detail fasilitas dicek manual via WhatsApp,Ketersediaan akhir dan payment dilanjutkan manual via WhatsApp,383,2026-07-06,INACTIVE,Source: (Madina Hotel 2026) New Season Far East 15 June 20_260630_175141.pdf | Page: madina_page-13.png | Meal: FB | Source period text: 30 JUNE 2026 TO 13 AUGUST 2026,"Harga, pajak, dan availability final setelah admin cek manual ke hotel/OTA."
MADINAH,STANDARD,Hotel Al Zahabi Golden Tulip,,Alharmain PDF 14 Aug - 10 Nov 2026,Double Room,FB meal plan,2026-08-14,2026-11-10,14 Aug - 10 Nov 2026,per kamar per malam,SAR,730,2,2,1,WiFi/detail fasilitas dicek manual via WhatsApp,Ketersediaan akhir dan payment dilanjutkan manual via WhatsApp,384,2026-07-06,INACTIVE,Source: (Madina Hotel 2026) New Season Far East 15 June 20_260630_175141.pdf | Page: madina_page-13.png | Meal: FB | Source period text: 14 AUGUST 2026 TO 10 NOV 2026,"Harga, pajak, dan availability final setelah admin cek manual ke hotel/OTA."
MADINAH,STANDARD,Hotel Al Zahabi Golden Tulip,,Alharmain PDF 14 Aug - 10 Nov 2026,Triple Room,FB meal plan,2026-08-14,2026-11-10,14 Aug - 10 Nov 2026,per kamar per malam,SAR,780,2,2,1,WiFi/detail fasilitas dicek manual via WhatsApp,Ketersediaan akhir dan payment dilanjutkan manual via WhatsApp,385,2026-07-06,INACTIVE,Source: (Madina Hotel 2026) New Season Far East 15 June 20_260630_175141.pdf | Page: madina_page-13.png | Meal: FB | Source period text: 14 AUGUST 2026 TO 10 NOV 2026,"Harga, pajak, dan availability final setelah admin cek manual ke hotel/OTA."
MADINAH,STANDARD,Hotel Al Zahabi Golden Tulip,,Alharmain PDF 14 Aug - 10 Nov 2026,Quad Room,FB meal plan,2026-08-14,2026-11-10,14 Aug - 10 Nov 2026,per kamar per malam,SAR,830,2,2,1,WiFi/detail fasilitas dicek manual via WhatsApp,Ketersediaan akhir dan payment dilanjutkan manual via WhatsApp,386,2026-07-06,INACTIVE,Source: (Madina Hotel 2026) New Season Far East 15 June 20_260630_175141.pdf | Page: madina_page-13.png | Meal: FB | Source period text: 14 AUGUST 2026 TO 10 NOV 2026,"Harga, pajak, dan availability final setelah admin cek manual ke hotel/OTA."
MADINAH,STANDARD,Hotel Al Zahabi Golden Tulip,,Alharmain PDF 11 Nov - 9 Dec 2026,Double Room,FB meal plan,2026-11-11,2026-12-09,11 Nov - 9 Dec 2026,per kamar per malam,SAR,780,2,2,1,WiFi/detail fasilitas dicek manual via WhatsApp,Ketersediaan akhir dan payment dilanjutkan manual via WhatsApp,387,2026-07-06,INACTIVE,Source: (Madina Hotel 2026) New Season Far East 15 June 20_260630_175141.pdf | Page: madina_page-13.png | Meal: FB | Source period text: 11 NOV 2026 TO 9 DEC 2026,"Harga, pajak, dan availability final setelah admin cek manual ke hotel/OTA."
MADINAH,STANDARD,Hotel Al Zahabi Golden Tulip,,Alharmain PDF 11 Nov - 9 Dec 2026,Triple Room,FB meal plan,2026-11-11,2026-12-09,11 Nov - 9 Dec 2026,per kamar per malam,SAR,830,2,2,1,WiFi/detail fasilitas dicek manual via WhatsApp,Ketersediaan akhir dan payment dilanjutkan manual via WhatsApp,388,2026-07-06,INACTIVE,Source: (Madina Hotel 2026) New Season Far East 15 June 20_260630_175141.pdf | Page: madina_page-13.png | Meal: FB | Source period text: 11 NOV 2026 TO 9 DEC 2026,"Harga, pajak, dan availability final setelah admin cek manual ke hotel/OTA."
MADINAH,STANDARD,Hotel Al Zahabi Golden Tulip,,Alharmain PDF 11 Nov - 9 Dec 2026,Quad Room,FB meal plan,2026-11-11,2026-12-09,11 Nov - 9 Dec 2026,per kamar per malam,SAR,880,2,2,1,WiFi/detail fasilitas dicek manual via WhatsApp,Ketersediaan akhir dan payment dilanjutkan manual via WhatsApp,389,2026-07-06,INACTIVE,Source: (Madina Hotel 2026) New Season Far East 15 June 20_260630_175141.pdf | Page: madina_page-13.png | Meal: FB | Source period text: 11 NOV 2026 TO 9 DEC 2026,"Harga, pajak, dan availability final setelah admin cek manual ke hotel/OTA."
MADINAH,STANDARD,Hotel Al Zahabi Golden Tulip,,Alharmain PDF 10 Dec 2026 - 8 Jan 2027,Double Room,FB meal plan,2026-12-10,2027-01-08,10 Dec 2026 - 8 Jan 2027,per kamar per malam,SAR,930,2,2,1,WiFi/detail fasilitas dicek manual via WhatsApp,Ketersediaan akhir dan payment dilanjutkan manual via WhatsApp,390,2026-07-06,INACTIVE,Source: (Madina Hotel 2026) New Season Far East 15 June 20_260630_175141.pdf | Page: madina_page-13.png | Meal: FB | Source period text: 10 DEC 2026 TO 8 JAN 2027,"Harga, pajak, dan availability final setelah admin cek manual ke hotel/OTA."
MADINAH,STANDARD,Hotel Al Zahabi Golden Tulip,,Alharmain PDF 10 Dec 2026 - 8 Jan 2027,Triple Room,FB meal plan,2026-12-10,2027-01-08,10 Dec 2026 - 8 Jan 2027,per kamar per malam,SAR,980,2,2,1,WiFi/detail fasilitas dicek manual via WhatsApp,Ketersediaan akhir dan payment dilanjutkan manual via WhatsApp,391,2026-07-06,INACTIVE,Source: (Madina Hotel 2026) New Season Far East 15 June 20_260630_175141.pdf | Page: madina_page-13.png | Meal: FB | Source period text: 10 DEC 2026 TO 8 JAN 2027,"Harga, pajak, dan availability final setelah admin cek manual ke hotel/OTA."
MADINAH,STANDARD,Hotel Al Zahabi Golden Tulip,,Alharmain PDF 10 Dec 2026 - 8 Jan 2027,Quad Room,FB meal plan,2026-12-10,2027-01-08,10 Dec 2026 - 8 Jan 2027,per kamar per malam,SAR,1030,2,2,1,WiFi/detail fasilitas dicek manual via WhatsApp,Ketersediaan akhir dan payment dilanjutkan manual via WhatsApp,392,2026-07-06,INACTIVE,Source: (Madina Hotel 2026) New Season Far East 15 June 20_260630_175141.pdf | Page: madina_page-13.png | Meal: FB | Source period text: 10 DEC 2026 TO 8 JAN 2027,"Harga, pajak, dan availability final setelah admin cek manual ke hotel/OTA."
MADINAH,STANDARD,Hotel Al Zahabi Golden Tulip,,Alharmain PDF 9 Jan - 7 Feb 2027,Double Room,FB meal plan,2027-01-09,2027-02-07,9 Jan - 7 Feb 2027,per kamar per malam,SAR,880,2,2,1,WiFi/detail fasilitas dicek manual via WhatsApp,Ketersediaan akhir dan payment dilanjutkan manual via WhatsApp,393,2026-07-06,INACTIVE,Source: (Madina Hotel 2026) New Season Far East 15 June 20_260630_175141.pdf | Page: madina_page-13.png | Meal: FB | Source period text: 9 JAN 2027 TO 7 FEB 2027,"Harga, pajak, dan availability final setelah admin cek manual ke hotel/OTA."
MADINAH,STANDARD,Hotel Al Zahabi Golden Tulip,,Alharmain PDF 9 Jan - 7 Feb 2027,Triple Room,FB meal plan,2027-01-09,2027-02-07,9 Jan - 7 Feb 2027,per kamar per malam,SAR,930,2,2,1,WiFi/detail fasilitas dicek manual via WhatsApp,Ketersediaan akhir dan payment dilanjutkan manual via WhatsApp,394,2026-07-06,INACTIVE,Source: (Madina Hotel 2026) New Season Far East 15 June 20_260630_175141.pdf | Page: madina_page-13.png | Meal: FB | Source period text: 9 JAN 2027 TO 7 FEB 2027,"Harga, pajak, dan availability final setelah admin cek manual ke hotel/OTA."
MADINAH,STANDARD,Hotel Al Zahabi Golden Tulip,,Alharmain PDF 9 Jan - 7 Feb 2027,Quad Room,FB meal plan,2027-01-09,2027-02-07,9 Jan - 7 Feb 2027,per kamar per malam,SAR,980,2,2,1,WiFi/detail fasilitas dicek manual via WhatsApp,Ketersediaan akhir dan payment dilanjutkan manual via WhatsApp,395,2026-07-06,INACTIVE,Source: (Madina Hotel 2026) New Season Far East 15 June 20_260630_175141.pdf | Page: madina_page-13.png | Meal: FB | Source period text: 9 JAN 2027 TO 7 FEB 2027,"Harga, pajak, dan availability final setelah admin cek manual ke hotel/OTA."
MADINAH,STANDARD,Hotel Al Zahabi Golden Tulip,,Alharmain PDF 8 Feb - 21 Feb 2027,Double Room,FB meal plan,2027-02-08,2027-02-21,8 Feb - 21 Feb 2027,per kamar per malam,SAR,930,2,2,1,WiFi/detail fasilitas dicek manual via WhatsApp,Ketersediaan akhir dan payment dilanjutkan manual via WhatsApp,396,2026-07-06,INACTIVE,Source: (Madina Hotel 2026) New Season Far East 15 June 20_260630_175141.pdf | Page: madina_page-13.png | Meal: FB | Source period text: 8 FEB 2027 TO 21 FEB 2027,"Harga, pajak, dan availability final setelah admin cek manual ke hotel/OTA."
MADINAH,STANDARD,Hotel Al Zahabi Golden Tulip,,Alharmain PDF 8 Feb - 21 Feb 2027,Triple Room,FB meal plan,2027-02-08,2027-02-21,8 Feb - 21 Feb 2027,per kamar per malam,SAR,980,2,2,1,WiFi/detail fasilitas dicek manual via WhatsApp,Ketersediaan akhir dan payment dilanjutkan manual via WhatsApp,397,2026-07-06,INACTIVE,Source: (Madina Hotel 2026) New Season Far East 15 June 20_260630_175141.pdf | Page: madina_page-13.png | Meal: FB | Source period text: 8 FEB 2027 TO 21 FEB 2027,"Harga, pajak, dan availability final setelah admin cek manual ke hotel/OTA."
MADINAH,STANDARD,Hotel Al Zahabi Golden Tulip,,Alharmain PDF 8 Feb - 21 Feb 2027,Quad Room,FB meal plan,2027-02-08,2027-02-21,8 Feb - 21 Feb 2027,per kamar per malam,SAR,1030,2,2,1,WiFi/detail fasilitas dicek manual via WhatsApp,Ketersediaan akhir dan payment dilanjutkan manual via WhatsApp,398,2026-07-06,INACTIVE,Source: (Madina Hotel 2026) New Season Far East 15 June 20_260630_175141.pdf | Page: madina_page-13.png | Meal: FB | Source period text: 8 FEB 2027 TO 21 FEB 2027,"Harga, pajak, dan availability final setelah admin cek manual ke hotel/OTA."
MADINAH,STANDARD,Hotel Al Zahabi Golden Tulip,,Alharmain PDF 22 Feb - 9 Mar 2027,Double Room,FB meal plan,2027-02-22,2027-03-09,22 Feb - 9 Mar 2027,per kamar per malam,SAR,1130,2,2,1,WiFi/detail fasilitas dicek manual via WhatsApp,Ketersediaan akhir dan payment dilanjutkan manual via WhatsApp,399,2026-07-06,INACTIVE,Source: (Madina Hotel 2026) New Season Far East 15 June 20_260630_175141.pdf | Page: madina_page-13.png | Meal: FB | Source period text: 22 FEB 2027 TO 9 MAR 2027,"Harga, pajak, dan availability final setelah admin cek manual ke hotel/OTA."
MADINAH,STANDARD,Hotel Al Zahabi Golden Tulip,,Alharmain PDF 22 Feb - 9 Mar 2027,Triple Room,FB meal plan,2027-02-22,2027-03-09,22 Feb - 9 Mar 2027,per kamar per malam,SAR,1180,2,2,1,WiFi/detail fasilitas dicek manual via WhatsApp,Ketersediaan akhir dan payment dilanjutkan manual via WhatsApp,400,2026-07-06,INACTIVE,Source: (Madina Hotel 2026) New Season Far East 15 June 20_260630_175141.pdf | Page: madina_page-13.png | Meal: FB | Source period text: 22 FEB 2027 TO 9 MAR 2027,"Harga, pajak, dan availability final setelah admin cek manual ke hotel/OTA."
MADINAH,STANDARD,Hotel Al Zahabi Golden Tulip,,Alharmain PDF 22 Feb - 9 Mar 2027,Quad Room,FB meal plan,2027-02-22,2027-03-09,22 Feb - 9 Mar 2027,per kamar per malam,SAR,1230,2,2,1,WiFi/detail fasilitas dicek manual via WhatsApp,Ketersediaan akhir dan payment dilanjutkan manual via WhatsApp,401,2026-07-06,INACTIVE,Source: (Madina Hotel 2026) New Season Far East 15 June 20_260630_175141.pdf | Page: madina_page-13.png | Meal: FB | Source period text: 22 FEB 2027 TO 9 MAR 2027,"Harga, pajak, dan availability final setelah admin cek manual ke hotel/OTA."
MADINAH,STANDARD,Hotel Al Zahabi Golden Tulip,,Alharmain PDF 10 Mar - 13 Mar 2027,Double Room,FB meal plan,2027-03-10,2027-03-13,10 Mar - 13 Mar 2027,per kamar per malam,SAR,880,2,2,1,WiFi/detail fasilitas dicek manual via WhatsApp,Ketersediaan akhir dan payment dilanjutkan manual via WhatsApp,402,2026-07-06,INACTIVE,Source: (Madina Hotel 2026) New Season Far East 15 June 20_260630_175141.pdf | Page: madina_page-13.png | Meal: FB | Source period text: 10 MAR 2027 TO 13 MAR 2027,"Harga, pajak, dan availability final setelah admin cek manual ke hotel/OTA."
MADINAH,STANDARD,Hotel Al Zahabi Golden Tulip,,Alharmain PDF 10 Mar - 13 Mar 2027,Triple Room,FB meal plan,2027-03-10,2027-03-13,10 Mar - 13 Mar 2027,per kamar per malam,SAR,930,2,2,1,WiFi/detail fasilitas dicek manual via WhatsApp,Ketersediaan akhir dan payment dilanjutkan manual via WhatsApp,403,2026-07-06,INACTIVE,Source: (Madina Hotel 2026) New Season Far East 15 June 20_260630_175141.pdf | Page: madina_page-13.png | Meal: FB | Source period text: 10 MAR 2027 TO 13 MAR 2027,"Harga, pajak, dan availability final setelah admin cek manual ke hotel/OTA."
MADINAH,STANDARD,Hotel Al Zahabi Golden Tulip,,Alharmain PDF 10 Mar - 13 Mar 2027,Quad Room,FB meal plan,2027-03-10,2027-03-13,10 Mar - 13 Mar 2027,per kamar per malam,SAR,980,2,2,1,WiFi/detail fasilitas dicek manual via WhatsApp,Ketersediaan akhir dan payment dilanjutkan manual via WhatsApp,404,2026-07-06,INACTIVE,Source: (Madina Hotel 2026) New Season Far East 15 June 20_260630_175141.pdf | Page: madina_page-13.png | Meal: FB | Source period text: 10 MAR 2027 TO 13 MAR 2027,"Harga, pajak, dan availability final setelah admin cek manual ke hotel/OTA."
MADINAH,STANDARD,Hotel Al Zahabi Golden Tulip,,Alharmain PDF 14 Mar - 6 Apr 2027,Double Room,FB meal plan,2027-03-14,2027-04-06,14 Mar - 6 Apr 2027,per kamar per malam,SAR,630,2,2,1,WiFi/detail fasilitas dicek manual via WhatsApp,Ketersediaan akhir dan payment dilanjutkan manual via WhatsApp,405,2026-07-06,INACTIVE,Source: (Madina Hotel 2026) New Season Far East 15 June 20_260630_175141.pdf | Page: madina_page-13.png | Meal: FB | Source period text: 14 MAR 2027 TO 6 APR 2027,"Harga, pajak, dan availability final setelah admin cek manual ke hotel/OTA."
MADINAH,STANDARD,Hotel Al Zahabi Golden Tulip,,Alharmain PDF 14 Mar - 6 Apr 2027,Triple Room,FB meal plan,2027-03-14,2027-04-06,14 Mar - 6 Apr 2027,per kamar per malam,SAR,680,2,2,1,WiFi/detail fasilitas dicek manual via WhatsApp,Ketersediaan akhir dan payment dilanjutkan manual via WhatsApp,406,2026-07-06,INACTIVE,Source: (Madina Hotel 2026) New Season Far East 15 June 20_260630_175141.pdf | Page: madina_page-13.png | Meal: FB | Source period text: 14 MAR 2027 TO 6 APR 2027,"Harga, pajak, dan availability final setelah admin cek manual ke hotel/OTA."
MADINAH,STANDARD,Hotel Al Zahabi Golden Tulip,,Alharmain PDF 14 Mar - 6 Apr 2027,Quad Room,FB meal plan,2027-03-14,2027-04-06,14 Mar - 6 Apr 2027,per kamar per malam,SAR,730,2,2,1,WiFi/detail fasilitas dicek manual via WhatsApp,Ketersediaan akhir dan payment dilanjutkan manual via WhatsApp,407,2026-07-06,INACTIVE,Source: (Madina Hotel 2026) New Season Far East 15 June 20_260630_175141.pdf | Page: madina_page-13.png | Meal: FB | Source period text: 14 MAR 2027 TO 6 APR 2027,"Harga, pajak, dan availability final setelah admin cek manual ke hotel/OTA."
MADINAH,STANDARD,Hotel Abraj Tabah,,Alharmain PDF 30 Jun - 14 Aug 2026,Double Room,FB meal plan,2026-06-30,2026-08-14,30 Jun - 14 Aug 2026,per kamar per malam,SAR,480,2,2,1,WiFi/detail fasilitas dicek manual via WhatsApp,Ketersediaan akhir dan payment dilanjutkan manual via WhatsApp,408,2026-07-06,INACTIVE,Source: (Madina Hotel 2026) New Season Far East 15 June 20_260630_175141.pdf | Page: madina_page-14.png | Meal: FB | Source period text: 30 JUNE 2026 TO 14 AUGUST 2026,"Harga, pajak, dan availability final setelah admin cek manual ke hotel/OTA."
MADINAH,STANDARD,Hotel Abraj Tabah,,Alharmain PDF 30 Jun - 14 Aug 2026,Triple Room,FB meal plan,2026-06-30,2026-08-14,30 Jun - 14 Aug 2026,per kamar per malam,SAR,530,2,2,1,WiFi/detail fasilitas dicek manual via WhatsApp,Ketersediaan akhir dan payment dilanjutkan manual via WhatsApp,409,2026-07-06,INACTIVE,Source: (Madina Hotel 2026) New Season Far East 15 June 20_260630_175141.pdf | Page: madina_page-14.png | Meal: FB | Source period text: 30 JUNE 2026 TO 14 AUGUST 2026,"Harga, pajak, dan availability final setelah admin cek manual ke hotel/OTA."
MADINAH,STANDARD,Hotel Abraj Tabah,,Alharmain PDF 30 Jun - 14 Aug 2026,Quad Room,FB meal plan,2026-06-30,2026-08-14,30 Jun - 14 Aug 2026,per kamar per malam,SAR,580,2,2,1,WiFi/detail fasilitas dicek manual via WhatsApp,Ketersediaan akhir dan payment dilanjutkan manual via WhatsApp,410,2026-07-06,INACTIVE,Source: (Madina Hotel 2026) New Season Far East 15 June 20_260630_175141.pdf | Page: madina_page-14.png | Meal: FB | Source period text: 30 JUNE 2026 TO 14 AUGUST 2026,"Harga, pajak, dan availability final setelah admin cek manual ke hotel/OTA."
MADINAH,STANDARD,Hotel Abraj Tabah,,Alharmain PDF 14 Aug - 11 Oct 2026,Double Room,FB meal plan,2026-08-14,2026-10-11,14 Aug - 11 Oct 2026,per kamar per malam,SAR,630,2,2,1,WiFi/detail fasilitas dicek manual via WhatsApp,Ketersediaan akhir dan payment dilanjutkan manual via WhatsApp,411,2026-07-06,INACTIVE,Source: (Madina Hotel 2026) New Season Far East 15 June 20_260630_175141.pdf | Page: madina_page-14.png | Meal: FB | Source period text: 14 AUGUST 2026 TO 11 OCT 2026,"Harga, pajak, dan availability final setelah admin cek manual ke hotel/OTA."
MADINAH,STANDARD,Hotel Abraj Tabah,,Alharmain PDF 14 Aug - 11 Oct 2026,Triple Room,FB meal plan,2026-08-14,2026-10-11,14 Aug - 11 Oct 2026,per kamar per malam,SAR,680,2,2,1,WiFi/detail fasilitas dicek manual via WhatsApp,Ketersediaan akhir dan payment dilanjutkan manual via WhatsApp,412,2026-07-06,INACTIVE,Source: (Madina Hotel 2026) New Season Far East 15 June 20_260630_175141.pdf | Page: madina_page-14.png | Meal: FB | Source period text: 14 AUGUST 2026 TO 11 OCT 2026,"Harga, pajak, dan availability final setelah admin cek manual ke hotel/OTA."
MADINAH,STANDARD,Hotel Abraj Tabah,,Alharmain PDF 14 Aug - 11 Oct 2026,Quad Room,FB meal plan,2026-08-14,2026-10-11,14 Aug - 11 Oct 2026,per kamar per malam,SAR,730,2,2,1,WiFi/detail fasilitas dicek manual via WhatsApp,Ketersediaan akhir dan payment dilanjutkan manual via WhatsApp,413,2026-07-06,INACTIVE,Source: (Madina Hotel 2026) New Season Far East 15 June 20_260630_175141.pdf | Page: madina_page-14.png | Meal: FB | Source period text: 14 AUGUST 2026 TO 11 OCT 2026,"Harga, pajak, dan availability final setelah admin cek manual ke hotel/OTA."
MADINAH,STANDARD,Hotel Abraj Tabah,,Alharmain PDF Dec 2026,Double Room,FB meal plan,2026-12-01,2026-12-31,Dec 2026,per kamar per malam,SAR,730,2,2,1,WiFi/detail fasilitas dicek manual via WhatsApp,Ketersediaan akhir dan payment dilanjutkan manual via WhatsApp,414,2026-07-06,INACTIVE,Source: (Madina Hotel 2026) New Season Far East 15 June 20_260630_175141.pdf | Page: madina_page-14.png | Meal: FB | Source period text: 1 DEC 2026,"Harga, pajak, dan availability final setelah admin cek manual ke hotel/OTA."
MADINAH,STANDARD,Hotel Abraj Tabah,,Alharmain PDF Dec 2026,Triple Room,FB meal plan,2026-12-01,2026-12-31,Dec 2026,per kamar per malam,SAR,780,2,2,1,WiFi/detail fasilitas dicek manual via WhatsApp,Ketersediaan akhir dan payment dilanjutkan manual via WhatsApp,415,2026-07-06,INACTIVE,Source: (Madina Hotel 2026) New Season Far East 15 June 20_260630_175141.pdf | Page: madina_page-14.png | Meal: FB | Source period text: 1 DEC 2026,"Harga, pajak, dan availability final setelah admin cek manual ke hotel/OTA."
MADINAH,STANDARD,Hotel Abraj Tabah,,Alharmain PDF Dec 2026,Quad Room,FB meal plan,2026-12-01,2026-12-31,Dec 2026,per kamar per malam,SAR,830,2,2,1,WiFi/detail fasilitas dicek manual via WhatsApp,Ketersediaan akhir dan payment dilanjutkan manual via WhatsApp,416,2026-07-06,INACTIVE,Source: (Madina Hotel 2026) New Season Far East 15 June 20_260630_175141.pdf | Page: madina_page-14.png | Meal: FB | Source period text: 1 DEC 2026,"Harga, pajak, dan availability final setelah admin cek manual ke hotel/OTA."
MADINAH,STANDARD,Hotel Abraj Tabah,,Alharmain PDF 1 Dec 2026 - 2 Feb 2027,Double Room,FB meal plan,2026-12-01,2027-02-02,1 Dec 2026 - 2 Feb 2027,per kamar per malam,SAR,880,2,2,1,WiFi/detail fasilitas dicek manual via WhatsApp,Ketersediaan akhir dan payment dilanjutkan manual via WhatsApp,417,2026-07-06,INACTIVE,Source: (Madina Hotel 2026) New Season Far East 15 June 20_260630_175141.pdf | Page: madina_page-14.png | Meal: FB | Source period text: 1 DEC 2026 TO 2 FEB 2027,"Harga, pajak, dan availability final setelah admin cek manual ke hotel/OTA."
MADINAH,STANDARD,Hotel Abraj Tabah,,Alharmain PDF 1 Dec 2026 - 2 Feb 2027,Triple Room,FB meal plan,2026-12-01,2027-02-02,1 Dec 2026 - 2 Feb 2027,per kamar per malam,SAR,930,2,2,1,WiFi/detail fasilitas dicek manual via WhatsApp,Ketersediaan akhir dan payment dilanjutkan manual via WhatsApp,418,2026-07-06,INACTIVE,Source: (Madina Hotel 2026) New Season Far East 15 June 20_260630_175141.pdf | Page: madina_page-14.png | Meal: FB | Source period text: 1 DEC 2026 TO 2 FEB 2027,"Harga, pajak, dan availability final setelah admin cek manual ke hotel/OTA."
MADINAH,STANDARD,Hotel Abraj Tabah,,Alharmain PDF 1 Dec 2026 - 2 Feb 2027,Quad Room,FB meal plan,2026-12-01,2027-02-02,1 Dec 2026 - 2 Feb 2027,per kamar per malam,SAR,980,2,2,1,WiFi/detail fasilitas dicek manual via WhatsApp,Ketersediaan akhir dan payment dilanjutkan manual via WhatsApp,419,2026-07-06,INACTIVE,Source: (Madina Hotel 2026) New Season Far East 15 June 20_260630_175141.pdf | Page: madina_page-14.png | Meal: FB | Source period text: 1 DEC 2026 TO 2 FEB 2027,"Harga, pajak, dan availability final setelah admin cek manual ke hotel/OTA."
MADINAH,STANDARD,Hotel Safwat Al Madina,,Alharmain PDF 30 Jun - 14 Aug 2026,Double Room,FB meal plan,2026-06-30,2026-08-14,30 Jun - 14 Aug 2026,per kamar per malam,SAR,510,2,2,1,WiFi/detail fasilitas dicek manual via WhatsApp,Ketersediaan akhir dan payment dilanjutkan manual via WhatsApp,420,2026-07-06,INACTIVE,Source: (Madina Hotel 2026) New Season Far East 15 June 20_260630_175141.pdf | Page: madina_page-14.png | Meal: FB | Source period text: 30 JUNE 2026 TO 14 AUGUST 2026,"Harga, pajak, dan availability final setelah admin cek manual ke hotel/OTA."
MADINAH,STANDARD,Hotel Safwat Al Madina,,Alharmain PDF 30 Jun - 14 Aug 2026,Triple Room,FB meal plan,2026-06-30,2026-08-14,30 Jun - 14 Aug 2026,per kamar per malam,SAR,560,2,2,1,WiFi/detail fasilitas dicek manual via WhatsApp,Ketersediaan akhir dan payment dilanjutkan manual via WhatsApp,421,2026-07-06,INACTIVE,Source: (Madina Hotel 2026) New Season Far East 15 June 20_260630_175141.pdf | Page: madina_page-14.png | Meal: FB | Source period text: 30 JUNE 2026 TO 14 AUGUST 2026,"Harga, pajak, dan availability final setelah admin cek manual ke hotel/OTA."
MADINAH,STANDARD,Hotel Safwat Al Madina,,Alharmain PDF 30 Jun - 14 Aug 2026,Quad Room,FB meal plan,2026-06-30,2026-08-14,30 Jun - 14 Aug 2026,per kamar per malam,SAR,610,2,2,1,WiFi/detail fasilitas dicek manual via WhatsApp,Ketersediaan akhir dan payment dilanjutkan manual via WhatsApp,422,2026-07-06,INACTIVE,Source: (Madina Hotel 2026) New Season Far East 15 June 20_260630_175141.pdf | Page: madina_page-14.png | Meal: FB | Source period text: 30 JUNE 2026 TO 14 AUGUST 2026,"Harga, pajak, dan availability final setelah admin cek manual ke hotel/OTA."
MADINAH,STANDARD,Hotel Safwat Al Madina,,Alharmain PDF 14 Aug - 11 Oct 2026,Double Room,FB meal plan,2026-08-14,2026-10-11,14 Aug - 11 Oct 2026,per kamar per malam,SAR,680,2,2,1,WiFi/detail fasilitas dicek manual via WhatsApp,Ketersediaan akhir dan payment dilanjutkan manual via WhatsApp,423,2026-07-06,INACTIVE,Source: (Madina Hotel 2026) New Season Far East 15 June 20_260630_175141.pdf | Page: madina_page-14.png | Meal: FB | Source period text: 14 AUGUST 2026 TO 11 OCT 2026,"Harga, pajak, dan availability final setelah admin cek manual ke hotel/OTA."
MADINAH,STANDARD,Hotel Safwat Al Madina,,Alharmain PDF 14 Aug - 11 Oct 2026,Triple Room,FB meal plan,2026-08-14,2026-10-11,14 Aug - 11 Oct 2026,per kamar per malam,SAR,730,2,2,1,WiFi/detail fasilitas dicek manual via WhatsApp,Ketersediaan akhir dan payment dilanjutkan manual via WhatsApp,424,2026-07-06,INACTIVE,Source: (Madina Hotel 2026) New Season Far East 15 June 20_260630_175141.pdf | Page: madina_page-14.png | Meal: FB | Source period text: 14 AUGUST 2026 TO 11 OCT 2026,"Harga, pajak, dan availability final setelah admin cek manual ke hotel/OTA."
MADINAH,STANDARD,Hotel Safwat Al Madina,,Alharmain PDF 14 Aug - 11 Oct 2026,Quad Room,FB meal plan,2026-08-14,2026-10-11,14 Aug - 11 Oct 2026,per kamar per malam,SAR,780,2,2,1,WiFi/detail fasilitas dicek manual via WhatsApp,Ketersediaan akhir dan payment dilanjutkan manual via WhatsApp,425,2026-07-06,INACTIVE,Source: (Madina Hotel 2026) New Season Far East 15 June 20_260630_175141.pdf | Page: madina_page-14.png | Meal: FB | Source period text: 14 AUGUST 2026 TO 11 OCT 2026,"Harga, pajak, dan availability final setelah admin cek manual ke hotel/OTA."
MADINAH,STANDARD,Hotel Safwat Al Madina,,Alharmain PDF Dec 2026,Double Room,FB meal plan,2026-12-01,2026-12-31,Dec 2026,per kamar per malam,SAR,780,2,2,1,WiFi/detail fasilitas dicek manual via WhatsApp,Ketersediaan akhir dan payment dilanjutkan manual via WhatsApp,426,2026-07-06,INACTIVE,Source: (Madina Hotel 2026) New Season Far East 15 June 20_260630_175141.pdf | Page: madina_page-14.png | Meal: FB | Source period text: 1 DEC 2026,"Harga, pajak, dan availability final setelah admin cek manual ke hotel/OTA."
MADINAH,STANDARD,Hotel Safwat Al Madina,,Alharmain PDF Dec 2026,Triple Room,FB meal plan,2026-12-01,2026-12-31,Dec 2026,per kamar per malam,SAR,830,2,2,1,WiFi/detail fasilitas dicek manual via WhatsApp,Ketersediaan akhir dan payment dilanjutkan manual via WhatsApp,427,2026-07-06,INACTIVE,Source: (Madina Hotel 2026) New Season Far East 15 June 20_260630_175141.pdf | Page: madina_page-14.png | Meal: FB | Source period text: 1 DEC 2026,"Harga, pajak, dan availability final setelah admin cek manual ke hotel/OTA."
MADINAH,STANDARD,Hotel Safwat Al Madina,,Alharmain PDF Dec 2026,Quad Room,FB meal plan,2026-12-01,2026-12-31,Dec 2026,per kamar per malam,SAR,880,2,2,1,WiFi/detail fasilitas dicek manual via WhatsApp,Ketersediaan akhir dan payment dilanjutkan manual via WhatsApp,428,2026-07-06,INACTIVE,Source: (Madina Hotel 2026) New Season Far East 15 June 20_260630_175141.pdf | Page: madina_page-14.png | Meal: FB | Source period text: 1 DEC 2026,"Harga, pajak, dan availability final setelah admin cek manual ke hotel/OTA."
MADINAH,STANDARD,Hotel Safwat Al Madina,,Alharmain PDF 1 Dec 2026 - 2 Feb 2027,Double Room,FB meal plan,2026-12-01,2027-02-02,1 Dec 2026 - 2 Feb 2027,per kamar per malam,SAR,930,2,2,1,WiFi/detail fasilitas dicek manual via WhatsApp,Ketersediaan akhir dan payment dilanjutkan manual via WhatsApp,429,2026-07-06,INACTIVE,Source: (Madina Hotel 2026) New Season Far East 15 June 20_260630_175141.pdf | Page: madina_page-14.png | Meal: FB | Source period text: 1 DEC 2026 TO 2 FEB 2027,"Harga, pajak, dan availability final setelah admin cek manual ke hotel/OTA."
MADINAH,STANDARD,Hotel Safwat Al Madina,,Alharmain PDF 1 Dec 2026 - 2 Feb 2027,Triple Room,FB meal plan,2026-12-01,2027-02-02,1 Dec 2026 - 2 Feb 2027,per kamar per malam,SAR,980,2,2,1,WiFi/detail fasilitas dicek manual via WhatsApp,Ketersediaan akhir dan payment dilanjutkan manual via WhatsApp,430,2026-07-06,INACTIVE,Source: (Madina Hotel 2026) New Season Far East 15 June 20_260630_175141.pdf | Page: madina_page-14.png | Meal: FB | Source period text: 1 DEC 2026 TO 2 FEB 2027,"Harga, pajak, dan availability final setelah admin cek manual ke hotel/OTA."
MADINAH,STANDARD,Hotel Safwat Al Madina,,Alharmain PDF 1 Dec 2026 - 2 Feb 2027,Quad Room,FB meal plan,2026-12-01,2027-02-02,1 Dec 2026 - 2 Feb 2027,per kamar per malam,SAR,1030,2,2,1,WiFi/detail fasilitas dicek manual via WhatsApp,Ketersediaan akhir dan payment dilanjutkan manual via WhatsApp,431,2026-07-06,INACTIVE,Source: (Madina Hotel 2026) New Season Far East 15 June 20_260630_175141.pdf | Page: madina_page-14.png | Meal: FB | Source period text: 1 DEC 2026 TO 2 FEB 2027,"Harga, pajak, dan availability final setelah admin cek manual ke hotel/OTA."
MADINAH,STANDARD,Hotel Manazel Al Falah,,Alharmain PDF 30 Jun - 14 Aug 2026,Double Room,FB meal plan,2026-06-30,2026-08-14,30 Jun - 14 Aug 2026,per kamar per malam,SAR,460,2,2,1,WiFi/detail fasilitas dicek manual via WhatsApp,Ketersediaan akhir dan payment dilanjutkan manual via WhatsApp,432,2026-07-06,INACTIVE,Source: (Madina Hotel 2026) New Season Far East 15 June 20_260630_175141.pdf | Page: madina_page-14.png | Meal: FB | Source period text: 30 JUNE 2026 TO 14 AUGUST 2026,"Harga, pajak, dan availability final setelah admin cek manual ke hotel/OTA."
MADINAH,STANDARD,Hotel Manazel Al Falah,,Alharmain PDF 30 Jun - 14 Aug 2026,Triple Room,FB meal plan,2026-06-30,2026-08-14,30 Jun - 14 Aug 2026,per kamar per malam,SAR,510,2,2,1,WiFi/detail fasilitas dicek manual via WhatsApp,Ketersediaan akhir dan payment dilanjutkan manual via WhatsApp,433,2026-07-06,INACTIVE,Source: (Madina Hotel 2026) New Season Far East 15 June 20_260630_175141.pdf | Page: madina_page-14.png | Meal: FB | Source period text: 30 JUNE 2026 TO 14 AUGUST 2026,"Harga, pajak, dan availability final setelah admin cek manual ke hotel/OTA."
MADINAH,STANDARD,Hotel Manazel Al Falah,,Alharmain PDF 30 Jun - 14 Aug 2026,Quad Room,FB meal plan,2026-06-30,2026-08-14,30 Jun - 14 Aug 2026,per kamar per malam,SAR,560,2,2,1,WiFi/detail fasilitas dicek manual via WhatsApp,Ketersediaan akhir dan payment dilanjutkan manual via WhatsApp,434,2026-07-06,INACTIVE,Source: (Madina Hotel 2026) New Season Far East 15 June 20_260630_175141.pdf | Page: madina_page-14.png | Meal: FB | Source period text: 30 JUNE 2026 TO 14 AUGUST 2026,"Harga, pajak, dan availability final setelah admin cek manual ke hotel/OTA."
MADINAH,STANDARD,Hotel Manazel Al Falah,,Alharmain PDF 14 Aug - 11 Oct 2026,Double Room,FB meal plan,2026-08-14,2026-10-11,14 Aug - 11 Oct 2026,per kamar per malam,SAR,580,2,2,1,WiFi/detail fasilitas dicek manual via WhatsApp,Ketersediaan akhir dan payment dilanjutkan manual via WhatsApp,435,2026-07-06,INACTIVE,Source: (Madina Hotel 2026) New Season Far East 15 June 20_260630_175141.pdf | Page: madina_page-14.png | Meal: FB | Source period text: 14 AUGUST 2026 TO 11 OCT 2026,"Harga, pajak, dan availability final setelah admin cek manual ke hotel/OTA."
MADINAH,STANDARD,Hotel Manazel Al Falah,,Alharmain PDF 14 Aug - 11 Oct 2026,Triple Room,FB meal plan,2026-08-14,2026-10-11,14 Aug - 11 Oct 2026,per kamar per malam,SAR,630,2,2,1,WiFi/detail fasilitas dicek manual via WhatsApp,Ketersediaan akhir dan payment dilanjutkan manual via WhatsApp,436,2026-07-06,INACTIVE,Source: (Madina Hotel 2026) New Season Far East 15 June 20_260630_175141.pdf | Page: madina_page-14.png | Meal: FB | Source period text: 14 AUGUST 2026 TO 11 OCT 2026,"Harga, pajak, dan availability final setelah admin cek manual ke hotel/OTA."
MADINAH,STANDARD,Hotel Manazel Al Falah,,Alharmain PDF 14 Aug - 11 Oct 2026,Quad Room,FB meal plan,2026-08-14,2026-10-11,14 Aug - 11 Oct 2026,per kamar per malam,SAR,680,2,2,1,WiFi/detail fasilitas dicek manual via WhatsApp,Ketersediaan akhir dan payment dilanjutkan manual via WhatsApp,437,2026-07-06,INACTIVE,Source: (Madina Hotel 2026) New Season Far East 15 June 20_260630_175141.pdf | Page: madina_page-14.png | Meal: FB | Source period text: 14 AUGUST 2026 TO 11 OCT 2026,"Harga, pajak, dan availability final setelah admin cek manual ke hotel/OTA."
MADINAH,STANDARD,Hotel Manazel Al Falah,,Alharmain PDF Dec 2026,Double Room,FB meal plan,2026-12-01,2026-12-31,Dec 2026,per kamar per malam,SAR,680,2,2,1,WiFi/detail fasilitas dicek manual via WhatsApp,Ketersediaan akhir dan payment dilanjutkan manual via WhatsApp,438,2026-07-06,INACTIVE,Source: (Madina Hotel 2026) New Season Far East 15 June 20_260630_175141.pdf | Page: madina_page-14.png | Meal: FB | Source period text: 1 DEC 2026,"Harga, pajak, dan availability final setelah admin cek manual ke hotel/OTA."
MADINAH,STANDARD,Hotel Manazel Al Falah,,Alharmain PDF Dec 2026,Triple Room,FB meal plan,2026-12-01,2026-12-31,Dec 2026,per kamar per malam,SAR,730,2,2,1,WiFi/detail fasilitas dicek manual via WhatsApp,Ketersediaan akhir dan payment dilanjutkan manual via WhatsApp,439,2026-07-06,INACTIVE,Source: (Madina Hotel 2026) New Season Far East 15 June 20_260630_175141.pdf | Page: madina_page-14.png | Meal: FB | Source period text: 1 DEC 2026,"Harga, pajak, dan availability final setelah admin cek manual ke hotel/OTA."
MADINAH,STANDARD,Hotel Manazel Al Falah,,Alharmain PDF Dec 2026,Quad Room,FB meal plan,2026-12-01,2026-12-31,Dec 2026,per kamar per malam,SAR,780,2,2,1,WiFi/detail fasilitas dicek manual via WhatsApp,Ketersediaan akhir dan payment dilanjutkan manual via WhatsApp,440,2026-07-06,INACTIVE,Source: (Madina Hotel 2026) New Season Far East 15 June 20_260630_175141.pdf | Page: madina_page-14.png | Meal: FB | Source period text: 1 DEC 2026,"Harga, pajak, dan availability final setelah admin cek manual ke hotel/OTA."
MADINAH,STANDARD,Hotel Manazel Al Falah,,Alharmain PDF 1 Dec 2026 - 2 Feb 2027,Double Room,FB meal plan,2026-12-01,2027-02-02,1 Dec 2026 - 2 Feb 2027,per kamar per malam,SAR,780,2,2,1,WiFi/detail fasilitas dicek manual via WhatsApp,Ketersediaan akhir dan payment dilanjutkan manual via WhatsApp,441,2026-07-06,INACTIVE,Source: (Madina Hotel 2026) New Season Far East 15 June 20_260630_175141.pdf | Page: madina_page-14.png | Meal: FB | Source period text: 1 DEC 2026 TO 2 FEB 2027,"Harga, pajak, dan availability final setelah admin cek manual ke hotel/OTA."
MADINAH,STANDARD,Hotel Manazel Al Falah,,Alharmain PDF 1 Dec 2026 - 2 Feb 2027,Triple Room,FB meal plan,2026-12-01,2027-02-02,1 Dec 2026 - 2 Feb 2027,per kamar per malam,SAR,830,2,2,1,WiFi/detail fasilitas dicek manual via WhatsApp,Ketersediaan akhir dan payment dilanjutkan manual via WhatsApp,442,2026-07-06,INACTIVE,Source: (Madina Hotel 2026) New Season Far East 15 June 20_260630_175141.pdf | Page: madina_page-14.png | Meal: FB | Source period text: 1 DEC 2026 TO 2 FEB 2027,"Harga, pajak, dan availability final setelah admin cek manual ke hotel/OTA."
MADINAH,STANDARD,Hotel Manazel Al Falah,,Alharmain PDF 1 Dec 2026 - 2 Feb 2027,Quad Room,FB meal plan,2026-12-01,2027-02-02,1 Dec 2026 - 2 Feb 2027,per kamar per malam,SAR,880,2,2,1,WiFi/detail fasilitas dicek manual via WhatsApp,Ketersediaan akhir dan payment dilanjutkan manual via WhatsApp,443,2026-07-06,INACTIVE,Source: (Madina Hotel 2026) New Season Far East 15 June 20_260630_175141.pdf | Page: madina_page-14.png | Meal: FB | Source period text: 1 DEC 2026 TO 2 FEB 2027,"Harga, pajak, dan availability final setelah admin cek manual ke hotel/OTA."
MADINAH,STANDARD,Hotel Al Mokhtara Diamond,,Alharmain PDF 30 Jun - 14 Aug 2026,Double Room,FB meal plan,2026-06-30,2026-08-14,30 Jun - 14 Aug 2026,per kamar per malam,SAR,430,2,2,1,WiFi/detail fasilitas dicek manual via WhatsApp,Ketersediaan akhir dan payment dilanjutkan manual via WhatsApp,444,2026-07-06,INACTIVE,Source: (Madina Hotel 2026) New Season Far East 15 June 20_260630_175141.pdf | Page: madina_page-15.png | Meal: FB | Source period text: 30 JUNE 2026 TO 14 AUGUST 2026,"Harga, pajak, dan availability final setelah admin cek manual ke hotel/OTA."
MADINAH,STANDARD,Hotel Al Mokhtara Diamond,,Alharmain PDF 30 Jun - 14 Aug 2026,Triple Room,FB meal plan,2026-06-30,2026-08-14,30 Jun - 14 Aug 2026,per kamar per malam,SAR,480,2,2,1,WiFi/detail fasilitas dicek manual via WhatsApp,Ketersediaan akhir dan payment dilanjutkan manual via WhatsApp,445,2026-07-06,INACTIVE,Source: (Madina Hotel 2026) New Season Far East 15 June 20_260630_175141.pdf | Page: madina_page-15.png | Meal: FB | Source period text: 30 JUNE 2026 TO 14 AUGUST 2026,"Harga, pajak, dan availability final setelah admin cek manual ke hotel/OTA."
MADINAH,STANDARD,Hotel Al Mokhtara Diamond,,Alharmain PDF 30 Jun - 14 Aug 2026,Quad Room,FB meal plan,2026-06-30,2026-08-14,30 Jun - 14 Aug 2026,per kamar per malam,SAR,530,2,2,1,WiFi/detail fasilitas dicek manual via WhatsApp,Ketersediaan akhir dan payment dilanjutkan manual via WhatsApp,446,2026-07-06,INACTIVE,Source: (Madina Hotel 2026) New Season Far East 15 June 20_260630_175141.pdf | Page: madina_page-15.png | Meal: FB | Source period text: 30 JUNE 2026 TO 14 AUGUST 2026,"Harga, pajak, dan availability final setelah admin cek manual ke hotel/OTA."
MADINAH,STANDARD,Hotel Al Mokhtara Diamond,,Alharmain PDF 30 Jun - 14 Aug 2026,Quint Room,FB meal plan,2026-06-30,2026-08-14,30 Jun - 14 Aug 2026,per kamar per malam,SAR,580,2,2,1,WiFi/detail fasilitas dicek manual via WhatsApp,Ketersediaan akhir dan payment dilanjutkan manual via WhatsApp,447,2026-07-06,INACTIVE,Source: (Madina Hotel 2026) New Season Far East 15 June 20_260630_175141.pdf | Page: madina_page-15.png | Meal: FB | Source period text: 30 JUNE 2026 TO 14 AUGUST 2026,"Harga, pajak, dan availability final setelah admin cek manual ke hotel/OTA."
MADINAH,STANDARD,Hotel Al Mokhtara Diamond,,Alharmain PDF 15 Aug - 20 Sep 2026,Double Room,FB meal plan,2026-08-15,2026-09-20,15 Aug - 20 Sep 2026,per kamar per malam,SAR,460,2,2,1,WiFi/detail fasilitas dicek manual via WhatsApp,Ketersediaan akhir dan payment dilanjutkan manual via WhatsApp,448,2026-07-06,INACTIVE,Source: (Madina Hotel 2026) New Season Far East 15 June 20_260630_175141.pdf | Page: madina_page-15.png | Meal: FB | Source period text: 15 AUGUST 2026 TO 20 SEP 2026,"Harga, pajak, dan availability final setelah admin cek manual ke hotel/OTA."
MADINAH,STANDARD,Hotel Al Mokhtara Diamond,,Alharmain PDF 15 Aug - 20 Sep 2026,Triple Room,FB meal plan,2026-08-15,2026-09-20,15 Aug - 20 Sep 2026,per kamar per malam,SAR,510,2,2,1,WiFi/detail fasilitas dicek manual via WhatsApp,Ketersediaan akhir dan payment dilanjutkan manual via WhatsApp,449,2026-07-06,INACTIVE,Source: (Madina Hotel 2026) New Season Far East 15 June 20_260630_175141.pdf | Page: madina_page-15.png | Meal: FB | Source period text: 15 AUGUST 2026 TO 20 SEP 2026,"Harga, pajak, dan availability final setelah admin cek manual ke hotel/OTA."
MADINAH,STANDARD,Hotel Al Mokhtara Diamond,,Alharmain PDF 15 Aug - 20 Sep 2026,Quad Room,FB meal plan,2026-08-15,2026-09-20,15 Aug - 20 Sep 2026,per kamar per malam,SAR,560,2,2,1,WiFi/detail fasilitas dicek manual via WhatsApp,Ketersediaan akhir dan payment dilanjutkan manual via WhatsApp,450,2026-07-06,INACTIVE,Source: (Madina Hotel 2026) New Season Far East 15 June 20_260630_175141.pdf | Page: madina_page-15.png | Meal: FB | Source period text: 15 AUGUST 2026 TO 20 SEP 2026,"Harga, pajak, dan availability final setelah admin cek manual ke hotel/OTA."
MADINAH,STANDARD,Hotel Al Mokhtara Diamond,,Alharmain PDF 15 Aug - 20 Sep 2026,Quint Room,FB meal plan,2026-08-15,2026-09-20,15 Aug - 20 Sep 2026,per kamar per malam,SAR,610,2,2,1,WiFi/detail fasilitas dicek manual via WhatsApp,Ketersediaan akhir dan payment dilanjutkan manual via WhatsApp,451,2026-07-06,INACTIVE,Source: (Madina Hotel 2026) New Season Far East 15 June 20_260630_175141.pdf | Page: madina_page-15.png | Meal: FB | Source period text: 15 AUGUST 2026 TO 20 SEP 2026,"Harga, pajak, dan availability final setelah admin cek manual ke hotel/OTA."
MADINAH,STANDARD,Hotel Al Mokhtara Diamond,,Alharmain PDF 21 Sep - 8 Dec 2026,Double Room,FB meal plan,2026-09-21,2026-12-08,21 Sep - 8 Dec 2026,per kamar per malam,SAR,490,2,2,1,WiFi/detail fasilitas dicek manual via WhatsApp,Ketersediaan akhir dan payment dilanjutkan manual via WhatsApp,452,2026-07-06,INACTIVE,Source: (Madina Hotel 2026) New Season Far East 15 June 20_260630_175141.pdf | Page: madina_page-15.png | Meal: FB | Source period text: 21 SEP 2026 TO 8 DEC 2026,"Harga, pajak, dan availability final setelah admin cek manual ke hotel/OTA."
MADINAH,STANDARD,Hotel Al Mokhtara Diamond,,Alharmain PDF 21 Sep - 8 Dec 2026,Triple Room,FB meal plan,2026-09-21,2026-12-08,21 Sep - 8 Dec 2026,per kamar per malam,SAR,540,2,2,1,WiFi/detail fasilitas dicek manual via WhatsApp,Ketersediaan akhir dan payment dilanjutkan manual via WhatsApp,453,2026-07-06,INACTIVE,Source: (Madina Hotel 2026) New Season Far East 15 June 20_260630_175141.pdf | Page: madina_page-15.png | Meal: FB | Source period text: 21 SEP 2026 TO 8 DEC 2026,"Harga, pajak, dan availability final setelah admin cek manual ke hotel/OTA."
MADINAH,STANDARD,Hotel Al Mokhtara Diamond,,Alharmain PDF 21 Sep - 8 Dec 2026,Quad Room,FB meal plan,2026-09-21,2026-12-08,21 Sep - 8 Dec 2026,per kamar per malam,SAR,590,2,2,1,WiFi/detail fasilitas dicek manual via WhatsApp,Ketersediaan akhir dan payment dilanjutkan manual via WhatsApp,454,2026-07-06,INACTIVE,Source: (Madina Hotel 2026) New Season Far East 15 June 20_260630_175141.pdf | Page: madina_page-15.png | Meal: FB | Source period text: 21 SEP 2026 TO 8 DEC 2026,"Harga, pajak, dan availability final setelah admin cek manual ke hotel/OTA."
MADINAH,STANDARD,Hotel Al Mokhtara Diamond,,Alharmain PDF 21 Sep - 8 Dec 2026,Quint Room,FB meal plan,2026-09-21,2026-12-08,21 Sep - 8 Dec 2026,per kamar per malam,SAR,640,2,2,1,WiFi/detail fasilitas dicek manual via WhatsApp,Ketersediaan akhir dan payment dilanjutkan manual via WhatsApp,455,2026-07-06,INACTIVE,Source: (Madina Hotel 2026) New Season Far East 15 June 20_260630_175141.pdf | Page: madina_page-15.png | Meal: FB | Source period text: 21 SEP 2026 TO 8 DEC 2026,"Harga, pajak, dan availability final setelah admin cek manual ke hotel/OTA."
MADINAH,STANDARD,Hotel Al Mokhtara Diamond,,Alharmain PDF 9 Dec 2026 - 1 Feb 2027,Double Room,FB meal plan,2026-12-09,2027-02-01,9 Dec 2026 - 1 Feb 2027,per kamar per malam,SAR,630,2,2,1,WiFi/detail fasilitas dicek manual via WhatsApp,Ketersediaan akhir dan payment dilanjutkan manual via WhatsApp,456,2026-07-06,INACTIVE,Source: (Madina Hotel 2026) New Season Far East 15 June 20_260630_175141.pdf | Page: madina_page-15.png | Meal: FB | Source period text: 9 DEC 2026 TO 1 FEB 2027,"Harga, pajak, dan availability final setelah admin cek manual ke hotel/OTA."
MADINAH,STANDARD,Hotel Al Mokhtara Diamond,,Alharmain PDF 9 Dec 2026 - 1 Feb 2027,Triple Room,FB meal plan,2026-12-09,2027-02-01,9 Dec 2026 - 1 Feb 2027,per kamar per malam,SAR,680,2,2,1,WiFi/detail fasilitas dicek manual via WhatsApp,Ketersediaan akhir dan payment dilanjutkan manual via WhatsApp,457,2026-07-06,INACTIVE,Source: (Madina Hotel 2026) New Season Far East 15 June 20_260630_175141.pdf | Page: madina_page-15.png | Meal: FB | Source period text: 9 DEC 2026 TO 1 FEB 2027,"Harga, pajak, dan availability final setelah admin cek manual ke hotel/OTA."
MADINAH,STANDARD,Hotel Al Mokhtara Diamond,,Alharmain PDF 9 Dec 2026 - 1 Feb 2027,Quad Room,FB meal plan,2026-12-09,2027-02-01,9 Dec 2026 - 1 Feb 2027,per kamar per malam,SAR,730,2,2,1,WiFi/detail fasilitas dicek manual via WhatsApp,Ketersediaan akhir dan payment dilanjutkan manual via WhatsApp,458,2026-07-06,INACTIVE,Source: (Madina Hotel 2026) New Season Far East 15 June 20_260630_175141.pdf | Page: madina_page-15.png | Meal: FB | Source period text: 9 DEC 2026 TO 1 FEB 2027,"Harga, pajak, dan availability final setelah admin cek manual ke hotel/OTA."
MADINAH,STANDARD,Hotel Al Mokhtara Diamond,,Alharmain PDF 9 Dec 2026 - 1 Feb 2027,Quint Room,FB meal plan,2026-12-09,2027-02-01,9 Dec 2026 - 1 Feb 2027,per kamar per malam,SAR,780,2,2,1,WiFi/detail fasilitas dicek manual via WhatsApp,Ketersediaan akhir dan payment dilanjutkan manual via WhatsApp,459,2026-07-06,INACTIVE,Source: (Madina Hotel 2026) New Season Far East 15 June 20_260630_175141.pdf | Page: madina_page-15.png | Meal: FB | Source period text: 9 DEC 2026 TO 1 FEB 2027,"Harga, pajak, dan availability final setelah admin cek manual ke hotel/OTA."
MADINAH,STANDARD,Hotel Al Mokhtara Golden,,Alharmain PDF 30 Jun - 14 Aug 2026,Double Room,FB meal plan,2026-06-30,2026-08-14,30 Jun - 14 Aug 2026,per kamar per malam,SAR,410,2,2,1,WiFi/detail fasilitas dicek manual via WhatsApp,Ketersediaan akhir dan payment dilanjutkan manual via WhatsApp,460,2026-07-06,INACTIVE,Source: (Madina Hotel 2026) New Season Far East 15 June 20_260630_175141.pdf | Page: madina_page-15.png | Meal: FB | Source period text: 30 JUNE 2026 TO 14 AUGUST 2026,"Harga, pajak, dan availability final setelah admin cek manual ke hotel/OTA."
MADINAH,STANDARD,Hotel Al Mokhtara Golden,,Alharmain PDF 30 Jun - 14 Aug 2026,Triple Room,FB meal plan,2026-06-30,2026-08-14,30 Jun - 14 Aug 2026,per kamar per malam,SAR,460,2,2,1,WiFi/detail fasilitas dicek manual via WhatsApp,Ketersediaan akhir dan payment dilanjutkan manual via WhatsApp,461,2026-07-06,INACTIVE,Source: (Madina Hotel 2026) New Season Far East 15 June 20_260630_175141.pdf | Page: madina_page-15.png | Meal: FB | Source period text: 30 JUNE 2026 TO 14 AUGUST 2026,"Harga, pajak, dan availability final setelah admin cek manual ke hotel/OTA."
MADINAH,STANDARD,Hotel Al Mokhtara Golden,,Alharmain PDF 30 Jun - 14 Aug 2026,Quad Room,FB meal plan,2026-06-30,2026-08-14,30 Jun - 14 Aug 2026,per kamar per malam,SAR,510,2,2,1,WiFi/detail fasilitas dicek manual via WhatsApp,Ketersediaan akhir dan payment dilanjutkan manual via WhatsApp,462,2026-07-06,INACTIVE,Source: (Madina Hotel 2026) New Season Far East 15 June 20_260630_175141.pdf | Page: madina_page-15.png | Meal: FB | Source period text: 30 JUNE 2026 TO 14 AUGUST 2026,"Harga, pajak, dan availability final setelah admin cek manual ke hotel/OTA."
MADINAH,STANDARD,Hotel Al Mokhtara Golden,,Alharmain PDF 30 Jun - 14 Aug 2026,Quint Room,FB meal plan,2026-06-30,2026-08-14,30 Jun - 14 Aug 2026,per kamar per malam,SAR,560,2,2,1,WiFi/detail fasilitas dicek manual via WhatsApp,Ketersediaan akhir dan payment dilanjutkan manual via WhatsApp,463,2026-07-06,INACTIVE,Source: (Madina Hotel 2026) New Season Far East 15 June 20_260630_175141.pdf | Page: madina_page-15.png | Meal: FB | Source period text: 30 JUNE 2026 TO 14 AUGUST 2026,"Harga, pajak, dan availability final setelah admin cek manual ke hotel/OTA."
MADINAH,STANDARD,Hotel Al Mokhtara Golden,,Alharmain PDF 15 Aug - 20 Sep 2026,Double Room,FB meal plan,2026-08-15,2026-09-20,15 Aug - 20 Sep 2026,per kamar per malam,SAR,440,2,2,1,WiFi/detail fasilitas dicek manual via WhatsApp,Ketersediaan akhir dan payment dilanjutkan manual via WhatsApp,464,2026-07-06,INACTIVE,Source: (Madina Hotel 2026) New Season Far East 15 June 20_260630_175141.pdf | Page: madina_page-15.png | Meal: FB | Source period text: 15 AUGUST 2026 TO 20 SEP 2026,"Harga, pajak, dan availability final setelah admin cek manual ke hotel/OTA."
MADINAH,STANDARD,Hotel Al Mokhtara Golden,,Alharmain PDF 15 Aug - 20 Sep 2026,Triple Room,FB meal plan,2026-08-15,2026-09-20,15 Aug - 20 Sep 2026,per kamar per malam,SAR,490,2,2,1,WiFi/detail fasilitas dicek manual via WhatsApp,Ketersediaan akhir dan payment dilanjutkan manual via WhatsApp,465,2026-07-06,INACTIVE,Source: (Madina Hotel 2026) New Season Far East 15 June 20_260630_175141.pdf | Page: madina_page-15.png | Meal: FB | Source period text: 15 AUGUST 2026 TO 20 SEP 2026,"Harga, pajak, dan availability final setelah admin cek manual ke hotel/OTA."
MADINAH,STANDARD,Hotel Al Mokhtara Golden,,Alharmain PDF 15 Aug - 20 Sep 2026,Quad Room,FB meal plan,2026-08-15,2026-09-20,15 Aug - 20 Sep 2026,per kamar per malam,SAR,540,2,2,1,WiFi/detail fasilitas dicek manual via WhatsApp,Ketersediaan akhir dan payment dilanjutkan manual via WhatsApp,466,2026-07-06,INACTIVE,Source: (Madina Hotel 2026) New Season Far East 15 June 20_260630_175141.pdf | Page: madina_page-15.png | Meal: FB | Source period text: 15 AUGUST 2026 TO 20 SEP 2026,"Harga, pajak, dan availability final setelah admin cek manual ke hotel/OTA."
MADINAH,STANDARD,Hotel Al Mokhtara Golden,,Alharmain PDF 15 Aug - 20 Sep 2026,Quint Room,FB meal plan,2026-08-15,2026-09-20,15 Aug - 20 Sep 2026,per kamar per malam,SAR,590,2,2,1,WiFi/detail fasilitas dicek manual via WhatsApp,Ketersediaan akhir dan payment dilanjutkan manual via WhatsApp,467,2026-07-06,INACTIVE,Source: (Madina Hotel 2026) New Season Far East 15 June 20_260630_175141.pdf | Page: madina_page-15.png | Meal: FB | Source period text: 15 AUGUST 2026 TO 20 SEP 2026,"Harga, pajak, dan availability final setelah admin cek manual ke hotel/OTA."
MADINAH,STANDARD,Hotel Al Mokhtara Golden,,Alharmain PDF 21 Sep - 8 Dec 2026,Double Room,FB meal plan,2026-09-21,2026-12-08,21 Sep - 8 Dec 2026,per kamar per malam,SAR,470,2,2,1,WiFi/detail fasilitas dicek manual via WhatsApp,Ketersediaan akhir dan payment dilanjutkan manual via WhatsApp,468,2026-07-06,INACTIVE,Source: (Madina Hotel 2026) New Season Far East 15 June 20_260630_175141.pdf | Page: madina_page-15.png | Meal: FB | Source period text: 21 SEP 2026 TO 8 DEC 2026,"Harga, pajak, dan availability final setelah admin cek manual ke hotel/OTA."
MADINAH,STANDARD,Hotel Al Mokhtara Golden,,Alharmain PDF 21 Sep - 8 Dec 2026,Triple Room,FB meal plan,2026-09-21,2026-12-08,21 Sep - 8 Dec 2026,per kamar per malam,SAR,520,2,2,1,WiFi/detail fasilitas dicek manual via WhatsApp,Ketersediaan akhir dan payment dilanjutkan manual via WhatsApp,469,2026-07-06,INACTIVE,Source: (Madina Hotel 2026) New Season Far East 15 June 20_260630_175141.pdf | Page: madina_page-15.png | Meal: FB | Source period text: 21 SEP 2026 TO 8 DEC 2026,"Harga, pajak, dan availability final setelah admin cek manual ke hotel/OTA."
MADINAH,STANDARD,Hotel Al Mokhtara Golden,,Alharmain PDF 21 Sep - 8 Dec 2026,Quad Room,FB meal plan,2026-09-21,2026-12-08,21 Sep - 8 Dec 2026,per kamar per malam,SAR,570,2,2,1,WiFi/detail fasilitas dicek manual via WhatsApp,Ketersediaan akhir dan payment dilanjutkan manual via WhatsApp,470,2026-07-06,INACTIVE,Source: (Madina Hotel 2026) New Season Far East 15 June 20_260630_175141.pdf | Page: madina_page-15.png | Meal: FB | Source period text: 21 SEP 2026 TO 8 DEC 2026,"Harga, pajak, dan availability final setelah admin cek manual ke hotel/OTA."
MADINAH,STANDARD,Hotel Al Mokhtara Golden,,Alharmain PDF 21 Sep - 8 Dec 2026,Quint Room,FB meal plan,2026-09-21,2026-12-08,21 Sep - 8 Dec 2026,per kamar per malam,SAR,620,2,2,1,WiFi/detail fasilitas dicek manual via WhatsApp,Ketersediaan akhir dan payment dilanjutkan manual via WhatsApp,471,2026-07-06,INACTIVE,Source: (Madina Hotel 2026) New Season Far East 15 June 20_260630_175141.pdf | Page: madina_page-15.png | Meal: FB | Source period text: 21 SEP 2026 TO 8 DEC 2026,"Harga, pajak, dan availability final setelah admin cek manual ke hotel/OTA."
MADINAH,STANDARD,Hotel Al Mokhtara Golden,,Alharmain PDF 9 Dec 2026 - 1 Feb 2027,Double Room,FB meal plan,2026-12-09,2027-02-01,9 Dec 2026 - 1 Feb 2027,per kamar per malam,SAR,610,2,2,1,WiFi/detail fasilitas dicek manual via WhatsApp,Ketersediaan akhir dan payment dilanjutkan manual via WhatsApp,472,2026-07-06,INACTIVE,Source: (Madina Hotel 2026) New Season Far East 15 June 20_260630_175141.pdf | Page: madina_page-15.png | Meal: FB | Source period text: 9 DEC 2026 TO 1 FEB 2027,"Harga, pajak, dan availability final setelah admin cek manual ke hotel/OTA."
MADINAH,STANDARD,Hotel Al Mokhtara Golden,,Alharmain PDF 9 Dec 2026 - 1 Feb 2027,Triple Room,FB meal plan,2026-12-09,2027-02-01,9 Dec 2026 - 1 Feb 2027,per kamar per malam,SAR,660,2,2,1,WiFi/detail fasilitas dicek manual via WhatsApp,Ketersediaan akhir dan payment dilanjutkan manual via WhatsApp,473,2026-07-06,INACTIVE,Source: (Madina Hotel 2026) New Season Far East 15 June 20_260630_175141.pdf | Page: madina_page-15.png | Meal: FB | Source period text: 9 DEC 2026 TO 1 FEB 2027,"Harga, pajak, dan availability final setelah admin cek manual ke hotel/OTA."
MADINAH,STANDARD,Hotel Al Mokhtara Golden,,Alharmain PDF 9 Dec 2026 - 1 Feb 2027,Quad Room,FB meal plan,2026-12-09,2027-02-01,9 Dec 2026 - 1 Feb 2027,per kamar per malam,SAR,710,2,2,1,WiFi/detail fasilitas dicek manual via WhatsApp,Ketersediaan akhir dan payment dilanjutkan manual via WhatsApp,474,2026-07-06,INACTIVE,Source: (Madina Hotel 2026) New Season Far East 15 June 20_260630_175141.pdf | Page: madina_page-15.png | Meal: FB | Source period text: 9 DEC 2026 TO 1 FEB 2027,"Harga, pajak, dan availability final setelah admin cek manual ke hotel/OTA."
MADINAH,STANDARD,Hotel Al Mokhtara Golden,,Alharmain PDF 9 Dec 2026 - 1 Feb 2027,Quint Room,FB meal plan,2026-12-09,2027-02-01,9 Dec 2026 - 1 Feb 2027,per kamar per malam,SAR,760,2,2,1,WiFi/detail fasilitas dicek manual via WhatsApp,Ketersediaan akhir dan payment dilanjutkan manual via WhatsApp,475,2026-07-06,INACTIVE,Source: (Madina Hotel 2026) New Season Far East 15 June 20_260630_175141.pdf | Page: madina_page-15.png | Meal: FB | Source period text: 9 DEC 2026 TO 1 FEB 2027,"Harga, pajak, dan availability final setelah admin cek manual ke hotel/OTA."
MADINAH,STANDARD,Hotel Manazil Al Marsa,,Alharmain PDF 15 Jul - 14 Sep 2026,Double Room,FB meal plan,2026-07-15,2026-09-14,15 Jul - 14 Sep 2026,per kamar per malam,SAR,510,2,2,1,WiFi/detail fasilitas dicek manual via WhatsApp,Ketersediaan akhir dan payment dilanjutkan manual via WhatsApp,476,2026-07-06,INACTIVE,Source: (Madina Hotel 2026) New Season Far East 15 June 20_260630_175141.pdf | Page: madina_page-15.png | Meal: FB | Source period text: 15 JULY 2026 TO 14 SEP 2026,"Harga, pajak, dan availability final setelah admin cek manual ke hotel/OTA."
MADINAH,STANDARD,Hotel Manazil Al Marsa,,Alharmain PDF 15 Jul - 14 Sep 2026,Triple Room,FB meal plan,2026-07-15,2026-09-14,15 Jul - 14 Sep 2026,per kamar per malam,SAR,560,2,2,1,WiFi/detail fasilitas dicek manual via WhatsApp,Ketersediaan akhir dan payment dilanjutkan manual via WhatsApp,477,2026-07-06,INACTIVE,Source: (Madina Hotel 2026) New Season Far East 15 June 20_260630_175141.pdf | Page: madina_page-15.png | Meal: FB | Source period text: 15 JULY 2026 TO 14 SEP 2026,"Harga, pajak, dan availability final setelah admin cek manual ke hotel/OTA."
MADINAH,STANDARD,Hotel Manazil Al Marsa,,Alharmain PDF 15 Jul - 14 Sep 2026,Quad Room,FB meal plan,2026-07-15,2026-09-14,15 Jul - 14 Sep 2026,per kamar per malam,SAR,610,2,2,1,WiFi/detail fasilitas dicek manual via WhatsApp,Ketersediaan akhir dan payment dilanjutkan manual via WhatsApp,478,2026-07-06,INACTIVE,Source: (Madina Hotel 2026) New Season Far East 15 June 20_260630_175141.pdf | Page: madina_page-15.png | Meal: FB | Source period text: 15 JULY 2026 TO 14 SEP 2026,"Harga, pajak, dan availability final setelah admin cek manual ke hotel/OTA."
MADINAH,STANDARD,Hotel Manazil Al Marsa,,Alharmain PDF 14 Sep - 16 Dec 2026,Double Room,FB meal plan,2026-09-14,2026-12-16,14 Sep - 16 Dec 2026,per kamar per malam,SAR,560,2,2,1,WiFi/detail fasilitas dicek manual via WhatsApp,Ketersediaan akhir dan payment dilanjutkan manual via WhatsApp,479,2026-07-06,INACTIVE,Source: (Madina Hotel 2026) New Season Far East 15 June 20_260630_175141.pdf | Page: madina_page-15.png | Meal: FB | Source period text: 14 SEP 2026 TO 16 DEC 2026,"Harga, pajak, dan availability final setelah admin cek manual ke hotel/OTA."
MADINAH,STANDARD,Hotel Manazil Al Marsa,,Alharmain PDF 14 Sep - 16 Dec 2026,Triple Room,FB meal plan,2026-09-14,2026-12-16,14 Sep - 16 Dec 2026,per kamar per malam,SAR,610,2,2,1,WiFi/detail fasilitas dicek manual via WhatsApp,Ketersediaan akhir dan payment dilanjutkan manual via WhatsApp,480,2026-07-06,INACTIVE,Source: (Madina Hotel 2026) New Season Far East 15 June 20_260630_175141.pdf | Page: madina_page-15.png | Meal: FB | Source period text: 14 SEP 2026 TO 16 DEC 2026,"Harga, pajak, dan availability final setelah admin cek manual ke hotel/OTA."
MADINAH,STANDARD,Hotel Manazil Al Marsa,,Alharmain PDF 14 Sep - 16 Dec 2026,Quad Room,FB meal plan,2026-09-14,2026-12-16,14 Sep - 16 Dec 2026,per kamar per malam,SAR,660,2,2,1,WiFi/detail fasilitas dicek manual via WhatsApp,Ketersediaan akhir dan payment dilanjutkan manual via WhatsApp,481,2026-07-06,INACTIVE,Source: (Madina Hotel 2026) New Season Far East 15 June 20_260630_175141.pdf | Page: madina_page-15.png | Meal: FB | Source period text: 14 SEP 2026 TO 16 DEC 2026,"Harga, pajak, dan availability final setelah admin cek manual ke hotel/OTA."
MADINAH,STANDARD,Hotel Dar Al Naeem,,Alharmain PDF 1 Jul - 1 Sep 2026,Double Room,FB meal plan,2026-07-01,2026-09-01,1 Jul - 1 Sep 2026,per kamar per malam,SAR,390,2,2,1,WiFi/detail fasilitas dicek manual via WhatsApp,Ketersediaan akhir dan payment dilanjutkan manual via WhatsApp,482,2026-07-06,INACTIVE,Source: (Madina Hotel 2026) New Season Far East 15 June 20_260630_175141.pdf | Page: madina_page-15.png | Meal: FB | Source period text: 01 JULY 2026 TO 01 SEP 2026,"Harga, pajak, dan availability final setelah admin cek manual ke hotel/OTA."
MADINAH,STANDARD,Hotel Dar Al Naeem,,Alharmain PDF 1 Jul - 1 Sep 2026,Triple Room,FB meal plan,2026-07-01,2026-09-01,1 Jul - 1 Sep 2026,per kamar per malam,SAR,435,2,2,1,WiFi/detail fasilitas dicek manual via WhatsApp,Ketersediaan akhir dan payment dilanjutkan manual via WhatsApp,483,2026-07-06,INACTIVE,Source: (Madina Hotel 2026) New Season Far East 15 June 20_260630_175141.pdf | Page: madina_page-15.png | Meal: FB | Source period text: 01 JULY 2026 TO 01 SEP 2026,"Harga, pajak, dan availability final setelah admin cek manual ke hotel/OTA."
MADINAH,STANDARD,Hotel Dar Al Naeem,,Alharmain PDF 1 Jul - 1 Sep 2026,Quad Room,FB meal plan,2026-07-01,2026-09-01,1 Jul - 1 Sep 2026,per kamar per malam,SAR,480,2,2,1,WiFi/detail fasilitas dicek manual via WhatsApp,Ketersediaan akhir dan payment dilanjutkan manual via WhatsApp,484,2026-07-06,INACTIVE,Source: (Madina Hotel 2026) New Season Far East 15 June 20_260630_175141.pdf | Page: madina_page-15.png | Meal: FB | Source period text: 01 JULY 2026 TO 01 SEP 2026,"Harga, pajak, dan availability final setelah admin cek manual ke hotel/OTA."
MADINAH,STANDARD,Hotel Dar Al Naeem,,Alharmain PDF 1 Sep - 15 Oct 2026,Double Room,FB meal plan,2026-09-01,2026-10-15,1 Sep - 15 Oct 2026,per kamar per malam,SAR,420,2,2,1,WiFi/detail fasilitas dicek manual via WhatsApp,Ketersediaan akhir dan payment dilanjutkan manual via WhatsApp,485,2026-07-06,INACTIVE,Source: (Madina Hotel 2026) New Season Far East 15 June 20_260630_175141.pdf | Page: madina_page-15.png | Meal: FB | Source period text: 01 SEP 2026 TO 15 OCT 2026,"Harga, pajak, dan availability final setelah admin cek manual ke hotel/OTA."
MADINAH,STANDARD,Hotel Dar Al Naeem,,Alharmain PDF 1 Sep - 15 Oct 2026,Triple Room,FB meal plan,2026-09-01,2026-10-15,1 Sep - 15 Oct 2026,per kamar per malam,SAR,465,2,2,1,WiFi/detail fasilitas dicek manual via WhatsApp,Ketersediaan akhir dan payment dilanjutkan manual via WhatsApp,486,2026-07-06,INACTIVE,Source: (Madina Hotel 2026) New Season Far East 15 June 20_260630_175141.pdf | Page: madina_page-15.png | Meal: FB | Source period text: 01 SEP 2026 TO 15 OCT 2026,"Harga, pajak, dan availability final setelah admin cek manual ke hotel/OTA."
MADINAH,STANDARD,Hotel Dar Al Naeem,,Alharmain PDF 1 Sep - 15 Oct 2026,Quad Room,FB meal plan,2026-09-01,2026-10-15,1 Sep - 15 Oct 2026,per kamar per malam,SAR,510,2,2,1,WiFi/detail fasilitas dicek manual via WhatsApp,Ketersediaan akhir dan payment dilanjutkan manual via WhatsApp,487,2026-07-06,INACTIVE,Source: (Madina Hotel 2026) New Season Far East 15 June 20_260630_175141.pdf | Page: madina_page-15.png | Meal: FB | Source period text: 01 SEP 2026 TO 15 OCT 2026,"Harga, pajak, dan availability final setelah admin cek manual ke hotel/OTA."
MADINAH,STANDARD,Hotel Dar Al Naeem,,Alharmain PDF 15 Oct - 1 Nov 2026,Double Room,FB meal plan,2026-10-15,2026-11-01,15 Oct - 1 Nov 2026,per kamar per malam,SAR,470,2,2,1,WiFi/detail fasilitas dicek manual via WhatsApp,Ketersediaan akhir dan payment dilanjutkan manual via WhatsApp,488,2026-07-06,INACTIVE,Source: (Madina Hotel 2026) New Season Far East 15 June 20_260630_175141.pdf | Page: madina_page-15.png | Meal: FB | Source period text: 15 OCT 2026 TO 01 NOV 2026,"Harga, pajak, dan availability final setelah admin cek manual ke hotel/OTA."
MADINAH,STANDARD,Hotel Dar Al Naeem,,Alharmain PDF 15 Oct - 1 Nov 2026,Triple Room,FB meal plan,2026-10-15,2026-11-01,15 Oct - 1 Nov 2026,per kamar per malam,SAR,515,2,2,1,WiFi/detail fasilitas dicek manual via WhatsApp,Ketersediaan akhir dan payment dilanjutkan manual via WhatsApp,489,2026-07-06,INACTIVE,Source: (Madina Hotel 2026) New Season Far East 15 June 20_260630_175141.pdf | Page: madina_page-15.png | Meal: FB | Source period text: 15 OCT 2026 TO 01 NOV 2026,"Harga, pajak, dan availability final setelah admin cek manual ke hotel/OTA."
MADINAH,STANDARD,Hotel Dar Al Naeem,,Alharmain PDF 15 Oct - 1 Nov 2026,Quad Room,FB meal plan,2026-10-15,2026-11-01,15 Oct - 1 Nov 2026,per kamar per malam,SAR,560,2,2,1,WiFi/detail fasilitas dicek manual via WhatsApp,Ketersediaan akhir dan payment dilanjutkan manual via WhatsApp,490,2026-07-06,INACTIVE,Source: (Madina Hotel 2026) New Season Far East 15 June 20_260630_175141.pdf | Page: madina_page-15.png | Meal: FB | Source period text: 15 OCT 2026 TO 01 NOV 2026,"Harga, pajak, dan availability final setelah admin cek manual ke hotel/OTA."
MADINAH,STANDARD,Hotel Durrat Al Eiman,,Alharmain PDF 30 Jun - 15 Aug 2026,Double Room,FB meal plan,2026-06-30,2026-08-15,30 Jun - 15 Aug 2026,per kamar per malam,SAR,455,2,2,1,WiFi/detail fasilitas dicek manual via WhatsApp,Ketersediaan akhir dan payment dilanjutkan manual via WhatsApp,491,2026-07-06,INACTIVE,Source: (Madina Hotel 2026) New Season Far East 15 June 20_260630_175141.pdf | Page: madina_page-16.png | Meal: FB | Source period text: 30 JUNE 2026 TO 15 AUGUST 2026,"Harga, pajak, dan availability final setelah admin cek manual ke hotel/OTA."
MADINAH,STANDARD,Hotel Durrat Al Eiman,,Alharmain PDF 30 Jun - 15 Aug 2026,Triple Room,FB meal plan,2026-06-30,2026-08-15,30 Jun - 15 Aug 2026,per kamar per malam,SAR,505,2,2,1,WiFi/detail fasilitas dicek manual via WhatsApp,Ketersediaan akhir dan payment dilanjutkan manual via WhatsApp,492,2026-07-06,INACTIVE,Source: (Madina Hotel 2026) New Season Far East 15 June 20_260630_175141.pdf | Page: madina_page-16.png | Meal: FB | Source period text: 30 JUNE 2026 TO 15 AUGUST 2026,"Harga, pajak, dan availability final setelah admin cek manual ke hotel/OTA."
MADINAH,STANDARD,Hotel Durrat Al Eiman,,Alharmain PDF 30 Jun - 15 Aug 2026,Quad Room,FB meal plan,2026-06-30,2026-08-15,30 Jun - 15 Aug 2026,per kamar per malam,SAR,555,2,2,1,WiFi/detail fasilitas dicek manual via WhatsApp,Ketersediaan akhir dan payment dilanjutkan manual via WhatsApp,493,2026-07-06,INACTIVE,Source: (Madina Hotel 2026) New Season Far East 15 June 20_260630_175141.pdf | Page: madina_page-16.png | Meal: FB | Source period text: 30 JUNE 2026 TO 15 AUGUST 2026,"Harga, pajak, dan availability final setelah admin cek manual ke hotel/OTA."
MADINAH,STANDARD,Hotel Durrat Al Eiman,,Alharmain PDF 30 Jun - 15 Aug 2026,Quint Room,FB meal plan,2026-06-30,2026-08-15,30 Jun - 15 Aug 2026,per kamar per malam,SAR,605,2,2,1,WiFi/detail fasilitas dicek manual via WhatsApp,Ketersediaan akhir dan payment dilanjutkan manual via WhatsApp,494,2026-07-06,INACTIVE,Source: (Madina Hotel 2026) New Season Far East 15 June 20_260630_175141.pdf | Page: madina_page-16.png | Meal: FB | Source period text: 30 JUNE 2026 TO 15 AUGUST 2026,"Harga, pajak, dan availability final setelah admin cek manual ke hotel/OTA."
MADINAH,STANDARD,Hotel Durrat Al Eiman,,Alharmain PDF 15 Aug - 11 Nov 2026,Double Room,FB meal plan,2026-08-15,2026-11-11,15 Aug - 11 Nov 2026,per kamar per malam,SAR,505,2,2,1,WiFi/detail fasilitas dicek manual via WhatsApp,Ketersediaan akhir dan payment dilanjutkan manual via WhatsApp,495,2026-07-06,INACTIVE,Source: (Madina Hotel 2026) New Season Far East 15 June 20_260630_175141.pdf | Page: madina_page-16.png | Meal: FB | Source period text: 15 AUGUST 2026 TO 11 NOV 2026,"Harga, pajak, dan availability final setelah admin cek manual ke hotel/OTA."
MADINAH,STANDARD,Hotel Durrat Al Eiman,,Alharmain PDF 15 Aug - 11 Nov 2026,Triple Room,FB meal plan,2026-08-15,2026-11-11,15 Aug - 11 Nov 2026,per kamar per malam,SAR,555,2,2,1,WiFi/detail fasilitas dicek manual via WhatsApp,Ketersediaan akhir dan payment dilanjutkan manual via WhatsApp,496,2026-07-06,INACTIVE,Source: (Madina Hotel 2026) New Season Far East 15 June 20_260630_175141.pdf | Page: madina_page-16.png | Meal: FB | Source period text: 15 AUGUST 2026 TO 11 NOV 2026,"Harga, pajak, dan availability final setelah admin cek manual ke hotel/OTA."
MADINAH,STANDARD,Hotel Durrat Al Eiman,,Alharmain PDF 15 Aug - 11 Nov 2026,Quad Room,FB meal plan,2026-08-15,2026-11-11,15 Aug - 11 Nov 2026,per kamar per malam,SAR,605,2,2,1,WiFi/detail fasilitas dicek manual via WhatsApp,Ketersediaan akhir dan payment dilanjutkan manual via WhatsApp,497,2026-07-06,INACTIVE,Source: (Madina Hotel 2026) New Season Far East 15 June 20_260630_175141.pdf | Page: madina_page-16.png | Meal: FB | Source period text: 15 AUGUST 2026 TO 11 NOV 2026,"Harga, pajak, dan availability final setelah admin cek manual ke hotel/OTA."
MADINAH,STANDARD,Hotel Durrat Al Eiman,,Alharmain PDF 15 Aug - 11 Nov 2026,Quint Room,FB meal plan,2026-08-15,2026-11-11,15 Aug - 11 Nov 2026,per kamar per malam,SAR,655,2,2,1,WiFi/detail fasilitas dicek manual via WhatsApp,Ketersediaan akhir dan payment dilanjutkan manual via WhatsApp,498,2026-07-06,INACTIVE,Source: (Madina Hotel 2026) New Season Far East 15 June 20_260630_175141.pdf | Page: madina_page-16.png | Meal: FB | Source period text: 15 AUGUST 2026 TO 11 NOV 2026,"Harga, pajak, dan availability final setelah admin cek manual ke hotel/OTA."
MADINAH,STANDARD,Hotel Durrat Al Eiman,,Alharmain PDF 11 Nov - 10 Dec 2026,Double Room,FB meal plan,2026-11-11,2026-12-10,11 Nov - 10 Dec 2026,per kamar per malam,SAR,555,2,2,1,WiFi/detail fasilitas dicek manual via WhatsApp,Ketersediaan akhir dan payment dilanjutkan manual via WhatsApp,499,2026-07-06,INACTIVE,Source: (Madina Hotel 2026) New Season Far East 15 June 20_260630_175141.pdf | Page: madina_page-16.png | Meal: FB | Source period text: 11 NOV 2026 TO 10 DEC 2026,"Harga, pajak, dan availability final setelah admin cek manual ke hotel/OTA."
MADINAH,STANDARD,Hotel Durrat Al Eiman,,Alharmain PDF 11 Nov - 10 Dec 2026,Triple Room,FB meal plan,2026-11-11,2026-12-10,11 Nov - 10 Dec 2026,per kamar per malam,SAR,605,2,2,1,WiFi/detail fasilitas dicek manual via WhatsApp,Ketersediaan akhir dan payment dilanjutkan manual via WhatsApp,500,2026-07-06,INACTIVE,Source: (Madina Hotel 2026) New Season Far East 15 June 20_260630_175141.pdf | Page: madina_page-16.png | Meal: FB | Source period text: 11 NOV 2026 TO 10 DEC 2026,"Harga, pajak, dan availability final setelah admin cek manual ke hotel/OTA."
MADINAH,STANDARD,Hotel Durrat Al Eiman,,Alharmain PDF 11 Nov - 10 Dec 2026,Quad Room,FB meal plan,2026-11-11,2026-12-10,11 Nov - 10 Dec 2026,per kamar per malam,SAR,655,2,2,1,WiFi/detail fasilitas dicek manual via WhatsApp,Ketersediaan akhir dan payment dilanjutkan manual via WhatsApp,501,2026-07-06,INACTIVE,Source: (Madina Hotel 2026) New Season Far East 15 June 20_260630_175141.pdf | Page: madina_page-16.png | Meal: FB | Source period text: 11 NOV 2026 TO 10 DEC 2026,"Harga, pajak, dan availability final setelah admin cek manual ke hotel/OTA."
MADINAH,STANDARD,Hotel Durrat Al Eiman,,Alharmain PDF 11 Nov - 10 Dec 2026,Quint Room,FB meal plan,2026-11-11,2026-12-10,11 Nov - 10 Dec 2026,per kamar per malam,SAR,705,2,2,1,WiFi/detail fasilitas dicek manual via WhatsApp,Ketersediaan akhir dan payment dilanjutkan manual via WhatsApp,502,2026-07-06,INACTIVE,Source: (Madina Hotel 2026) New Season Far East 15 June 20_260630_175141.pdf | Page: madina_page-16.png | Meal: FB | Source period text: 11 NOV 2026 TO 10 DEC 2026,"Harga, pajak, dan availability final setelah admin cek manual ke hotel/OTA."
MADINAH,STANDARD,Ancra Hotel By Continent,,Alharmain PDF 25 Jun - 15 Aug 2026,Double Room,FB meal plan,2026-06-25,2026-08-15,25 Jun - 15 Aug 2026,per kamar per malam,SAR,530,2,2,1,WiFi/detail fasilitas dicek manual via WhatsApp,Ketersediaan akhir dan payment dilanjutkan manual via WhatsApp,503,2026-07-06,INACTIVE,Source: (Madina Hotel 2026) New Season Far East 15 June 20_260630_175141.pdf | Page: madina_page-16.png | Meal: FB | Source period text: 25 JUNE 2026 TO 15 AUGUST 2026,"Harga, pajak, dan availability final setelah admin cek manual ke hotel/OTA."
MADINAH,STANDARD,Ancra Hotel By Continent,,Alharmain PDF 25 Jun - 15 Aug 2026,Triple Room,FB meal plan,2026-06-25,2026-08-15,25 Jun - 15 Aug 2026,per kamar per malam,SAR,605,2,2,1,WiFi/detail fasilitas dicek manual via WhatsApp,Ketersediaan akhir dan payment dilanjutkan manual via WhatsApp,504,2026-07-06,INACTIVE,Source: (Madina Hotel 2026) New Season Far East 15 June 20_260630_175141.pdf | Page: madina_page-16.png | Meal: FB | Source period text: 25 JUNE 2026 TO 15 AUGUST 2026,"Harga, pajak, dan availability final setelah admin cek manual ke hotel/OTA."
MADINAH,STANDARD,Ancra Hotel By Continent,,Alharmain PDF 25 Jun - 15 Aug 2026,Quad Room,FB meal plan,2026-06-25,2026-08-15,25 Jun - 15 Aug 2026,per kamar per malam,SAR,680,2,2,1,WiFi/detail fasilitas dicek manual via WhatsApp,Ketersediaan akhir dan payment dilanjutkan manual via WhatsApp,505,2026-07-06,INACTIVE,Source: (Madina Hotel 2026) New Season Far East 15 June 20_260630_175141.pdf | Page: madina_page-16.png | Meal: FB | Source period text: 25 JUNE 2026 TO 15 AUGUST 2026,"Harga, pajak, dan availability final setelah admin cek manual ke hotel/OTA."
MADINAH,STANDARD,Ancra Hotel By Continent,,Alharmain PDF 15 Aug - 11 Nov 2026,Double Room,FB meal plan,2026-08-15,2026-11-11,15 Aug - 11 Nov 2026,per kamar per malam,SAR,630,2,2,1,WiFi/detail fasilitas dicek manual via WhatsApp,Ketersediaan akhir dan payment dilanjutkan manual via WhatsApp,506,2026-07-06,INACTIVE,Source: (Madina Hotel 2026) New Season Far East 15 June 20_260630_175141.pdf | Page: madina_page-16.png | Meal: FB | Source period text: 15 AUGUST 2026 TO 11 NOV 2026,"Harga, pajak, dan availability final setelah admin cek manual ke hotel/OTA."
MADINAH,STANDARD,Ancra Hotel By Continent,,Alharmain PDF 15 Aug - 11 Nov 2026,Triple Room,FB meal plan,2026-08-15,2026-11-11,15 Aug - 11 Nov 2026,per kamar per malam,SAR,705,2,2,1,WiFi/detail fasilitas dicek manual via WhatsApp,Ketersediaan akhir dan payment dilanjutkan manual via WhatsApp,507,2026-07-06,INACTIVE,Source: (Madina Hotel 2026) New Season Far East 15 June 20_260630_175141.pdf | Page: madina_page-16.png | Meal: FB | Source period text: 15 AUGUST 2026 TO 11 NOV 2026,"Harga, pajak, dan availability final setelah admin cek manual ke hotel/OTA."
MADINAH,STANDARD,Ancra Hotel By Continent,,Alharmain PDF 15 Aug - 11 Nov 2026,Quad Room,FB meal plan,2026-08-15,2026-11-11,15 Aug - 11 Nov 2026,per kamar per malam,SAR,780,2,2,1,WiFi/detail fasilitas dicek manual via WhatsApp,Ketersediaan akhir dan payment dilanjutkan manual via WhatsApp,508,2026-07-06,INACTIVE,Source: (Madina Hotel 2026) New Season Far East 15 June 20_260630_175141.pdf | Page: madina_page-16.png | Meal: FB | Source period text: 15 AUGUST 2026 TO 11 NOV 2026,"Harga, pajak, dan availability final setelah admin cek manual ke hotel/OTA."
MADINAH,STANDARD,Ancra Hotel By Continent,,Alharmain PDF 11 Nov - 10 Dec 2026,Double Room,FB meal plan,2026-11-11,2026-12-10,11 Nov - 10 Dec 2026,per kamar per malam,SAR,730,2,2,1,WiFi/detail fasilitas dicek manual via WhatsApp,Ketersediaan akhir dan payment dilanjutkan manual via WhatsApp,509,2026-07-06,INACTIVE,Source: (Madina Hotel 2026) New Season Far East 15 June 20_260630_175141.pdf | Page: madina_page-16.png | Meal: FB | Source period text: 11 NOV 2026 TO 10 DEC 2026,"Harga, pajak, dan availability final setelah admin cek manual ke hotel/OTA."
MADINAH,STANDARD,Ancra Hotel By Continent,,Alharmain PDF 11 Nov - 10 Dec 2026,Triple Room,FB meal plan,2026-11-11,2026-12-10,11 Nov - 10 Dec 2026,per kamar per malam,SAR,830,2,2,1,WiFi/detail fasilitas dicek manual via WhatsApp,Ketersediaan akhir dan payment dilanjutkan manual via WhatsApp,510,2026-07-06,INACTIVE,Source: (Madina Hotel 2026) New Season Far East 15 June 20_260630_175141.pdf | Page: madina_page-16.png | Meal: FB | Source period text: 11 NOV 2026 TO 10 DEC 2026,"Harga, pajak, dan availability final setelah admin cek manual ke hotel/OTA."
MADINAH,STANDARD,Ancra Hotel By Continent,,Alharmain PDF 11 Nov - 10 Dec 2026,Quad Room,FB meal plan,2026-11-11,2026-12-10,11 Nov - 10 Dec 2026,per kamar per malam,SAR,930,2,2,1,WiFi/detail fasilitas dicek manual via WhatsApp,Ketersediaan akhir dan payment dilanjutkan manual via WhatsApp,511,2026-07-06,INACTIVE,Source: (Madina Hotel 2026) New Season Far East 15 June 20_260630_175141.pdf | Page: madina_page-16.png | Meal: FB | Source period text: 11 NOV 2026 TO 10 DEC 2026,"Harga, pajak, dan availability final setelah admin cek manual ke hotel/OTA."
MADINAH,STANDARD,Hayah Golden Hotel,,Alharmain PDF 1 Jul - 15 Aug 2026,Double Room,FB meal plan,2026-07-01,2026-08-15,1 Jul - 15 Aug 2026,per kamar per malam,SAR,410,2,2,1,WiFi/detail fasilitas dicek manual via WhatsApp,Ketersediaan akhir dan payment dilanjutkan manual via WhatsApp,512,2026-07-06,INACTIVE,Source: (Madina Hotel 2026) New Season Far East 15 June 20_260630_175141.pdf | Page: madina_page-16.png | Meal: FB | Source period text: 1 JULY 2026 TO 15 AUGUST 2026,"Harga, pajak, dan availability final setelah admin cek manual ke hotel/OTA."
MADINAH,STANDARD,Hayah Golden Hotel,,Alharmain PDF 1 Jul - 15 Aug 2026,Triple Room,FB meal plan,2026-07-01,2026-08-15,1 Jul - 15 Aug 2026,per kamar per malam,SAR,455,2,2,1,WiFi/detail fasilitas dicek manual via WhatsApp,Ketersediaan akhir dan payment dilanjutkan manual via WhatsApp,513,2026-07-06,INACTIVE,Source: (Madina Hotel 2026) New Season Far East 15 June 20_260630_175141.pdf | Page: madina_page-16.png | Meal: FB | Source period text: 1 JULY 2026 TO 15 AUGUST 2026,"Harga, pajak, dan availability final setelah admin cek manual ke hotel/OTA."
MADINAH,STANDARD,Hayah Golden Hotel,,Alharmain PDF 1 Jul - 15 Aug 2026,Quad Room,FB meal plan,2026-07-01,2026-08-15,1 Jul - 15 Aug 2026,per kamar per malam,SAR,500,2,2,1,WiFi/detail fasilitas dicek manual via WhatsApp,Ketersediaan akhir dan payment dilanjutkan manual via WhatsApp,514,2026-07-06,INACTIVE,Source: (Madina Hotel 2026) New Season Far East 15 June 20_260630_175141.pdf | Page: madina_page-16.png | Meal: FB | Source period text: 1 JULY 2026 TO 15 AUGUST 2026,"Harga, pajak, dan availability final setelah admin cek manual ke hotel/OTA."
MADINAH,STANDARD,Hayah Golden Hotel,,Alharmain PDF Aug 2026,Double Room,FB meal plan,2026-08-01,2026-08-31,Aug 2026,per kamar per malam,SAR,430,2,2,1,WiFi/detail fasilitas dicek manual via WhatsApp,Ketersediaan akhir dan payment dilanjutkan manual via WhatsApp,515,2026-07-06,INACTIVE,Source: (Madina Hotel 2026) New Season Far East 15 June 20_260630_175141.pdf | Page: madina_page-16.png | Meal: FB | Source period text: 16 AUGUST 2026 TO,"Harga, pajak, dan availability final setelah admin cek manual ke hotel/OTA."
MADINAH,STANDARD,Hayah Golden Hotel,,Alharmain PDF Aug 2026,Triple Room,FB meal plan,2026-08-01,2026-08-31,Aug 2026,per kamar per malam,SAR,475,2,2,1,WiFi/detail fasilitas dicek manual via WhatsApp,Ketersediaan akhir dan payment dilanjutkan manual via WhatsApp,516,2026-07-06,INACTIVE,Source: (Madina Hotel 2026) New Season Far East 15 June 20_260630_175141.pdf | Page: madina_page-16.png | Meal: FB | Source period text: 16 AUGUST 2026 TO,"Harga, pajak, dan availability final setelah admin cek manual ke hotel/OTA."
MADINAH,STANDARD,Hayah Golden Hotel,,Alharmain PDF Aug 2026,Quad Room,FB meal plan,2026-08-01,2026-08-31,Aug 2026,per kamar per malam,SAR,520,2,2,1,WiFi/detail fasilitas dicek manual via WhatsApp,Ketersediaan akhir dan payment dilanjutkan manual via WhatsApp,517,2026-07-06,INACTIVE,Source: (Madina Hotel 2026) New Season Far East 15 June 20_260630_175141.pdf | Page: madina_page-16.png | Meal: FB | Source period text: 16 AUGUST 2026 TO,"Harga, pajak, dan availability final setelah admin cek manual ke hotel/OTA."
MADINAH,STANDARD,Araek Taiba Hotel,,Alharmain PDF 1 Jul - 15 Aug 2026,Double Room,FB meal plan,2026-07-01,2026-08-15,1 Jul - 15 Aug 2026,per kamar per malam,SAR,410,2,2,1,WiFi/detail fasilitas dicek manual via WhatsApp,Ketersediaan akhir dan payment dilanjutkan manual via WhatsApp,518,2026-07-06,INACTIVE,Source: (Madina Hotel 2026) New Season Far East 15 June 20_260630_175141.pdf | Page: madina_page-16.png | Meal: FB | Source period text: 1 JULY 2026 TO 15 AUGUST 2026,"Harga, pajak, dan availability final setelah admin cek manual ke hotel/OTA."
MADINAH,STANDARD,Araek Taiba Hotel,,Alharmain PDF 1 Jul - 15 Aug 2026,Triple Room,FB meal plan,2026-07-01,2026-08-15,1 Jul - 15 Aug 2026,per kamar per malam,SAR,455,2,2,1,WiFi/detail fasilitas dicek manual via WhatsApp,Ketersediaan akhir dan payment dilanjutkan manual via WhatsApp,519,2026-07-06,INACTIVE,Source: (Madina Hotel 2026) New Season Far East 15 June 20_260630_175141.pdf | Page: madina_page-16.png | Meal: FB | Source period text: 1 JULY 2026 TO 15 AUGUST 2026,"Harga, pajak, dan availability final setelah admin cek manual ke hotel/OTA."
MADINAH,STANDARD,Araek Taiba Hotel,,Alharmain PDF 1 Jul - 15 Aug 2026,Quad Room,FB meal plan,2026-07-01,2026-08-15,1 Jul - 15 Aug 2026,per kamar per malam,SAR,500,2,2,1,WiFi/detail fasilitas dicek manual via WhatsApp,Ketersediaan akhir dan payment dilanjutkan manual via WhatsApp,520,2026-07-06,INACTIVE,Source: (Madina Hotel 2026) New Season Far East 15 June 20_260630_175141.pdf | Page: madina_page-16.png | Meal: FB | Source period text: 1 JULY 2026 TO 15 AUGUST 2026,"Harga, pajak, dan availability final setelah admin cek manual ke hotel/OTA."
MADINAH,STANDARD,Araek Taiba Hotel,,Alharmain PDF 16 Aug - 31 Oct 2026,Double Room,FB meal plan,2026-08-16,2026-10-31,16 Aug - 31 Oct 2026,per kamar per malam,SAR,430,2,2,1,WiFi/detail fasilitas dicek manual via WhatsApp,Ketersediaan akhir dan payment dilanjutkan manual via WhatsApp,521,2026-07-06,INACTIVE,Source: (Madina Hotel 2026) New Season Far East 15 June 20_260630_175141.pdf | Page: madina_page-16.png | Meal: FB | Source period text: 16 AUGUST 2026 TO 31 OCT 2026,"Harga, pajak, dan availability final setelah admin cek manual ke hotel/OTA."
MADINAH,STANDARD,Araek Taiba Hotel,,Alharmain PDF 16 Aug - 31 Oct 2026,Triple Room,FB meal plan,2026-08-16,2026-10-31,16 Aug - 31 Oct 2026,per kamar per malam,SAR,475,2,2,1,WiFi/detail fasilitas dicek manual via WhatsApp,Ketersediaan akhir dan payment dilanjutkan manual via WhatsApp,522,2026-07-06,INACTIVE,Source: (Madina Hotel 2026) New Season Far East 15 June 20_260630_175141.pdf | Page: madina_page-16.png | Meal: FB | Source period text: 16 AUGUST 2026 TO 31 OCT 2026,"Harga, pajak, dan availability final setelah admin cek manual ke hotel/OTA."
MADINAH,STANDARD,Araek Taiba Hotel,,Alharmain PDF 16 Aug - 31 Oct 2026,Quad Room,FB meal plan,2026-08-16,2026-10-31,16 Aug - 31 Oct 2026,per kamar per malam,SAR,520,2,2,1,WiFi/detail fasilitas dicek manual via WhatsApp,Ketersediaan akhir dan payment dilanjutkan manual via WhatsApp,523,2026-07-06,INACTIVE,Source: (Madina Hotel 2026) New Season Far East 15 June 20_260630_175141.pdf | Page: madina_page-16.png | Meal: FB | Source period text: 16 AUGUST 2026 TO 31 OCT 2026,"Harga, pajak, dan availability final setelah admin cek manual ke hotel/OTA."
MADINAH,STANDARD,Hayah Plaza Hotel,,Alharmain PDF 1 Jul - 15 Aug 2026,Double Room,FB meal plan,2026-07-01,2026-08-15,1 Jul - 15 Aug 2026,per kamar per malam,SAR,410,2,2,1,WiFi/detail fasilitas dicek manual via WhatsApp,Ketersediaan akhir dan payment dilanjutkan manual via WhatsApp,524,2026-07-06,INACTIVE,Source: (Madina Hotel 2026) New Season Far East 15 June 20_260630_175141.pdf | Page: madina_page-16.png | Meal: FB | Source period text: 1 JULY 2026 TO 15 AUGUST 2026,"Harga, pajak, dan availability final setelah admin cek manual ke hotel/OTA."
MADINAH,STANDARD,Hayah Plaza Hotel,,Alharmain PDF 1 Jul - 15 Aug 2026,Triple Room,FB meal plan,2026-07-01,2026-08-15,1 Jul - 15 Aug 2026,per kamar per malam,SAR,455,2,2,1,WiFi/detail fasilitas dicek manual via WhatsApp,Ketersediaan akhir dan payment dilanjutkan manual via WhatsApp,525,2026-07-06,INACTIVE,Source: (Madina Hotel 2026) New Season Far East 15 June 20_260630_175141.pdf | Page: madina_page-16.png | Meal: FB | Source period text: 1 JULY 2026 TO 15 AUGUST 2026,"Harga, pajak, dan availability final setelah admin cek manual ke hotel/OTA."
MADINAH,STANDARD,Hayah Plaza Hotel,,Alharmain PDF 1 Jul - 15 Aug 2026,Quad Room,FB meal plan,2026-07-01,2026-08-15,1 Jul - 15 Aug 2026,per kamar per malam,SAR,500,2,2,1,WiFi/detail fasilitas dicek manual via WhatsApp,Ketersediaan akhir dan payment dilanjutkan manual via WhatsApp,526,2026-07-06,INACTIVE,Source: (Madina Hotel 2026) New Season Far East 15 June 20_260630_175141.pdf | Page: madina_page-16.png | Meal: FB | Source period text: 1 JULY 2026 TO 15 AUGUST 2026,"Harga, pajak, dan availability final setelah admin cek manual ke hotel/OTA."
MADINAH,STANDARD,Hayah Plaza Hotel,,Alharmain PDF Aug 2026,Double Room,FB meal plan,2026-08-01,2026-08-31,Aug 2026,per kamar per malam,SAR,430,2,2,1,WiFi/detail fasilitas dicek manual via WhatsApp,Ketersediaan akhir dan payment dilanjutkan manual via WhatsApp,527,2026-07-06,INACTIVE,Source: (Madina Hotel 2026) New Season Far East 15 June 20_260630_175141.pdf | Page: madina_page-16.png | Meal: FB | Source period text: 16 AUGUST 2026 TO,"Harga, pajak, dan availability final setelah admin cek manual ke hotel/OTA."
MADINAH,STANDARD,Hayah Plaza Hotel,,Alharmain PDF Aug 2026,Triple Room,FB meal plan,2026-08-01,2026-08-31,Aug 2026,per kamar per malam,SAR,475,2,2,1,WiFi/detail fasilitas dicek manual via WhatsApp,Ketersediaan akhir dan payment dilanjutkan manual via WhatsApp,528,2026-07-06,INACTIVE,Source: (Madina Hotel 2026) New Season Far East 15 June 20_260630_175141.pdf | Page: madina_page-16.png | Meal: FB | Source period text: 16 AUGUST 2026 TO,"Harga, pajak, dan availability final setelah admin cek manual ke hotel/OTA."
MADINAH,STANDARD,Hayah Plaza Hotel,,Alharmain PDF Aug 2026,Quad Room,FB meal plan,2026-08-01,2026-08-31,Aug 2026,per kamar per malam,SAR,520,2,2,1,WiFi/detail fasilitas dicek manual via WhatsApp,Ketersediaan akhir dan payment dilanjutkan manual via WhatsApp,529,2026-07-06,INACTIVE,Source: (Madina Hotel 2026) New Season Far East 15 June 20_260630_175141.pdf | Page: madina_page-16.png | Meal: FB | Source period text: 16 AUGUST 2026 TO,"Harga, pajak, dan availability final setelah admin cek manual ke hotel/OTA."
MADINAH,STANDARD,Hotel Emaar Elite,,Alharmain PDF 30 Jun - 19 Aug 2026,Double Room,FB meal plan,2026-06-30,2026-08-19,30 Jun - 19 Aug 2026,per kamar per malam,SAR,580,2,2,1,WiFi/detail fasilitas dicek manual via WhatsApp,Ketersediaan akhir dan payment dilanjutkan manual via WhatsApp,530,2026-07-06,INACTIVE,Source: (Madina Hotel 2026) New Season Far East 15 June 20_260630_175141.pdf | Page: madina_page-17.png | Meal: FB | Source period text: 30 JUNE 2026 TO 19 AUGUST 2026,"Harga, pajak, dan availability final setelah admin cek manual ke hotel/OTA."
MADINAH,STANDARD,Hotel Emaar Elite,,Alharmain PDF 30 Jun - 19 Aug 2026,Triple Room,FB meal plan,2026-06-30,2026-08-19,30 Jun - 19 Aug 2026,per kamar per malam,SAR,655,2,2,1,WiFi/detail fasilitas dicek manual via WhatsApp,Ketersediaan akhir dan payment dilanjutkan manual via WhatsApp,531,2026-07-06,INACTIVE,Source: (Madina Hotel 2026) New Season Far East 15 June 20_260630_175141.pdf | Page: madina_page-17.png | Meal: FB | Source period text: 30 JUNE 2026 TO 19 AUGUST 2026,"Harga, pajak, dan availability final setelah admin cek manual ke hotel/OTA."
MADINAH,STANDARD,Hotel Emaar Elite,,Alharmain PDF 30 Jun - 19 Aug 2026,Quad Room,FB meal plan,2026-06-30,2026-08-19,30 Jun - 19 Aug 2026,per kamar per malam,SAR,730,2,2,1,WiFi/detail fasilitas dicek manual via WhatsApp,Ketersediaan akhir dan payment dilanjutkan manual via WhatsApp,532,2026-07-06,INACTIVE,Source: (Madina Hotel 2026) New Season Far East 15 June 20_260630_175141.pdf | Page: madina_page-17.png | Meal: FB | Source period text: 30 JUNE 2026 TO 19 AUGUST 2026,"Harga, pajak, dan availability final setelah admin cek manual ke hotel/OTA."
MADINAH,STANDARD,Hotel Emaar Elite,,Alharmain PDF 19 Aug - 16 Dec 2026,Double Room,FB meal plan,2026-08-19,2026-12-16,19 Aug - 16 Dec 2026,per kamar per malam,SAR,680,2,2,1,WiFi/detail fasilitas dicek manual via WhatsApp,Ketersediaan akhir dan payment dilanjutkan manual via WhatsApp,533,2026-07-06,INACTIVE,Source: (Madina Hotel 2026) New Season Far East 15 June 20_260630_175141.pdf | Page: madina_page-17.png | Meal: FB | Source period text: 19 AUGUST 2026 TO 16 DEC 2026,"Harga, pajak, dan availability final setelah admin cek manual ke hotel/OTA."
MADINAH,STANDARD,Hotel Emaar Elite,,Alharmain PDF 19 Aug - 16 Dec 2026,Triple Room,FB meal plan,2026-08-19,2026-12-16,19 Aug - 16 Dec 2026,per kamar per malam,SAR,780,2,2,1,WiFi/detail fasilitas dicek manual via WhatsApp,Ketersediaan akhir dan payment dilanjutkan manual via WhatsApp,534,2026-07-06,INACTIVE,Source: (Madina Hotel 2026) New Season Far East 15 June 20_260630_175141.pdf | Page: madina_page-17.png | Meal: FB | Source period text: 19 AUGUST 2026 TO 16 DEC 2026,"Harga, pajak, dan availability final setelah admin cek manual ke hotel/OTA."
MADINAH,STANDARD,Hotel Emaar Elite,,Alharmain PDF 19 Aug - 16 Dec 2026,Quad Room,FB meal plan,2026-08-19,2026-12-16,19 Aug - 16 Dec 2026,per kamar per malam,SAR,880,2,2,1,WiFi/detail fasilitas dicek manual via WhatsApp,Ketersediaan akhir dan payment dilanjutkan manual via WhatsApp,535,2026-07-06,INACTIVE,Source: (Madina Hotel 2026) New Season Far East 15 June 20_260630_175141.pdf | Page: madina_page-17.png | Meal: FB | Source period text: 19 AUGUST 2026 TO 16 DEC 2026,"Harga, pajak, dan availability final setelah admin cek manual ke hotel/OTA."
MADINAH,STANDARD,Hotel Emaar Elite,,Alharmain PDF 16 Dec 2026 - 9 Jan 2027,Double Room,FB meal plan,2026-12-16,2027-01-09,16 Dec 2026 - 9 Jan 2027,per kamar per malam,SAR,1105,2,2,1,WiFi/detail fasilitas dicek manual via WhatsApp,Ketersediaan akhir dan payment dilanjutkan manual via WhatsApp,536,2026-07-06,INACTIVE,Source: (Madina Hotel 2026) New Season Far East 15 June 20_260630_175141.pdf | Page: madina_page-17.png | Meal: FB | Source period text: 16 DEC 2026 TO 9 JAN 2027,"Harga, pajak, dan availability final setelah admin cek manual ke hotel/OTA."
MADINAH,STANDARD,Hotel Emaar Elite,,Alharmain PDF 16 Dec 2026 - 9 Jan 2027,Triple Room,FB meal plan,2026-12-16,2027-01-09,16 Dec 2026 - 9 Jan 2027,per kamar per malam,SAR,1255,2,2,1,WiFi/detail fasilitas dicek manual via WhatsApp,Ketersediaan akhir dan payment dilanjutkan manual via WhatsApp,537,2026-07-06,INACTIVE,Source: (Madina Hotel 2026) New Season Far East 15 June 20_260630_175141.pdf | Page: madina_page-17.png | Meal: FB | Source period text: 16 DEC 2026 TO 9 JAN 2027,"Harga, pajak, dan availability final setelah admin cek manual ke hotel/OTA."
MADINAH,STANDARD,Hotel Emaar Elite,,Alharmain PDF 16 Dec 2026 - 9 Jan 2027,Quad Room,FB meal plan,2026-12-16,2027-01-09,16 Dec 2026 - 9 Jan 2027,per kamar per malam,SAR,1405,2,2,1,WiFi/detail fasilitas dicek manual via WhatsApp,Ketersediaan akhir dan payment dilanjutkan manual via WhatsApp,538,2026-07-06,INACTIVE,Source: (Madina Hotel 2026) New Season Far East 15 June 20_260630_175141.pdf | Page: madina_page-17.png | Meal: FB | Source period text: 16 DEC 2026 TO 9 JAN 2027,"Harga, pajak, dan availability final setelah admin cek manual ke hotel/OTA."
MADINAH,STANDARD,Hotel Emaar Elite,,Alharmain PDF 9 Jan - 8 Feb 2027,Double Room,FB meal plan,2027-01-09,2027-02-08,9 Jan - 8 Feb 2027,per kamar per malam,SAR,780,2,2,1,WiFi/detail fasilitas dicek manual via WhatsApp,Ketersediaan akhir dan payment dilanjutkan manual via WhatsApp,539,2026-07-06,INACTIVE,Source: (Madina Hotel 2026) New Season Far East 15 June 20_260630_175141.pdf | Page: madina_page-17.png | Meal: FB | Source period text: 9 JAN 2027 TO 8 FEB 2027,"Harga, pajak, dan availability final setelah admin cek manual ke hotel/OTA."
MADINAH,STANDARD,Hotel Emaar Elite,,Alharmain PDF 9 Jan - 8 Feb 2027,Triple Room,FB meal plan,2027-01-09,2027-02-08,9 Jan - 8 Feb 2027,per kamar per malam,SAR,880,2,2,1,WiFi/detail fasilitas dicek manual via WhatsApp,Ketersediaan akhir dan payment dilanjutkan manual via WhatsApp,540,2026-07-06,INACTIVE,Source: (Madina Hotel 2026) New Season Far East 15 June 20_260630_175141.pdf | Page: madina_page-17.png | Meal: FB | Source period text: 9 JAN 2027 TO 8 FEB 2027,"Harga, pajak, dan availability final setelah admin cek manual ke hotel/OTA."
MADINAH,STANDARD,Hotel Emaar Elite,,Alharmain PDF 9 Jan - 8 Feb 2027,Quad Room,FB meal plan,2027-01-09,2027-02-08,9 Jan - 8 Feb 2027,per kamar per malam,SAR,980,2,2,1,WiFi/detail fasilitas dicek manual via WhatsApp,Ketersediaan akhir dan payment dilanjutkan manual via WhatsApp,541,2026-07-06,INACTIVE,Source: (Madina Hotel 2026) New Season Far East 15 June 20_260630_175141.pdf | Page: madina_page-17.png | Meal: FB | Source period text: 9 JAN 2027 TO 8 FEB 2027,"Harga, pajak, dan availability final setelah admin cek manual ke hotel/OTA."
MADINAH,STANDARD,Hotel Emaar El Mektan,,Alharmain PDF 30 Jun - 19 Aug 2026,Double Room,FB meal plan,2026-06-30,2026-08-19,30 Jun - 19 Aug 2026,per kamar per malam,SAR,580,2,2,1,WiFi/detail fasilitas dicek manual via WhatsApp,Ketersediaan akhir dan payment dilanjutkan manual via WhatsApp,542,2026-07-06,INACTIVE,Source: (Madina Hotel 2026) New Season Far East 15 June 20_260630_175141.pdf | Page: madina_page-17.png | Meal: FB | Source period text: 30 JUNE 2026 TO 19 AUGUST 2026,"Harga, pajak, dan availability final setelah admin cek manual ke hotel/OTA."
MADINAH,STANDARD,Hotel Emaar El Mektan,,Alharmain PDF 30 Jun - 19 Aug 2026,Triple Room,FB meal plan,2026-06-30,2026-08-19,30 Jun - 19 Aug 2026,per kamar per malam,SAR,655,2,2,1,WiFi/detail fasilitas dicek manual via WhatsApp,Ketersediaan akhir dan payment dilanjutkan manual via WhatsApp,543,2026-07-06,INACTIVE,Source: (Madina Hotel 2026) New Season Far East 15 June 20_260630_175141.pdf | Page: madina_page-17.png | Meal: FB | Source period text: 30 JUNE 2026 TO 19 AUGUST 2026,"Harga, pajak, dan availability final setelah admin cek manual ke hotel/OTA."
MADINAH,STANDARD,Hotel Emaar El Mektan,,Alharmain PDF 30 Jun - 19 Aug 2026,Quad Room,FB meal plan,2026-06-30,2026-08-19,30 Jun - 19 Aug 2026,per kamar per malam,SAR,730,2,2,1,WiFi/detail fasilitas dicek manual via WhatsApp,Ketersediaan akhir dan payment dilanjutkan manual via WhatsApp,544,2026-07-06,INACTIVE,Source: (Madina Hotel 2026) New Season Far East 15 June 20_260630_175141.pdf | Page: madina_page-17.png | Meal: FB | Source period text: 30 JUNE 2026 TO 19 AUGUST 2026,"Harga, pajak, dan availability final setelah admin cek manual ke hotel/OTA."
MADINAH,STANDARD,Hotel Emaar El Mektan,,Alharmain PDF 19 Aug - 16 Dec 2026,Double Room,FB meal plan,2026-08-19,2026-12-16,19 Aug - 16 Dec 2026,per kamar per malam,SAR,680,2,2,1,WiFi/detail fasilitas dicek manual via WhatsApp,Ketersediaan akhir dan payment dilanjutkan manual via WhatsApp,545,2026-07-06,INACTIVE,Source: (Madina Hotel 2026) New Season Far East 15 June 20_260630_175141.pdf | Page: madina_page-17.png | Meal: FB | Source period text: 19 AUGUST 2026 TO 16 DEC 2026,"Harga, pajak, dan availability final setelah admin cek manual ke hotel/OTA."
MADINAH,STANDARD,Hotel Emaar El Mektan,,Alharmain PDF 19 Aug - 16 Dec 2026,Triple Room,FB meal plan,2026-08-19,2026-12-16,19 Aug - 16 Dec 2026,per kamar per malam,SAR,780,2,2,1,WiFi/detail fasilitas dicek manual via WhatsApp,Ketersediaan akhir dan payment dilanjutkan manual via WhatsApp,546,2026-07-06,INACTIVE,Source: (Madina Hotel 2026) New Season Far East 15 June 20_260630_175141.pdf | Page: madina_page-17.png | Meal: FB | Source period text: 19 AUGUST 2026 TO 16 DEC 2026,"Harga, pajak, dan availability final setelah admin cek manual ke hotel/OTA."
MADINAH,STANDARD,Hotel Emaar El Mektan,,Alharmain PDF 19 Aug - 16 Dec 2026,Quad Room,FB meal plan,2026-08-19,2026-12-16,19 Aug - 16 Dec 2026,per kamar per malam,SAR,880,2,2,1,WiFi/detail fasilitas dicek manual via WhatsApp,Ketersediaan akhir dan payment dilanjutkan manual via WhatsApp,547,2026-07-06,INACTIVE,Source: (Madina Hotel 2026) New Season Far East 15 June 20_260630_175141.pdf | Page: madina_page-17.png | Meal: FB | Source period text: 19 AUGUST 2026 TO 16 DEC 2026,"Harga, pajak, dan availability final setelah admin cek manual ke hotel/OTA."
MADINAH,STANDARD,Hotel Emaar El Mektan,,Alharmain PDF 16 Dec 2026 - 9 Jan 2027,Double Room,FB meal plan,2026-12-16,2027-01-09,16 Dec 2026 - 9 Jan 2027,per kamar per malam,SAR,1105,2,2,1,WiFi/detail fasilitas dicek manual via WhatsApp,Ketersediaan akhir dan payment dilanjutkan manual via WhatsApp,548,2026-07-06,INACTIVE,Source: (Madina Hotel 2026) New Season Far East 15 June 20_260630_175141.pdf | Page: madina_page-17.png | Meal: FB | Source period text: 16 DEC 2026 TO 9 JAN 2027,"Harga, pajak, dan availability final setelah admin cek manual ke hotel/OTA."
MADINAH,STANDARD,Hotel Emaar El Mektan,,Alharmain PDF 16 Dec 2026 - 9 Jan 2027,Triple Room,FB meal plan,2026-12-16,2027-01-09,16 Dec 2026 - 9 Jan 2027,per kamar per malam,SAR,1255,2,2,1,WiFi/detail fasilitas dicek manual via WhatsApp,Ketersediaan akhir dan payment dilanjutkan manual via WhatsApp,549,2026-07-06,INACTIVE,Source: (Madina Hotel 2026) New Season Far East 15 June 20_260630_175141.pdf | Page: madina_page-17.png | Meal: FB | Source period text: 16 DEC 2026 TO 9 JAN 2027,"Harga, pajak, dan availability final setelah admin cek manual ke hotel/OTA."
MADINAH,STANDARD,Hotel Emaar El Mektan,,Alharmain PDF 16 Dec 2026 - 9 Jan 2027,Quad Room,FB meal plan,2026-12-16,2027-01-09,16 Dec 2026 - 9 Jan 2027,per kamar per malam,SAR,1405,2,2,1,WiFi/detail fasilitas dicek manual via WhatsApp,Ketersediaan akhir dan payment dilanjutkan manual via WhatsApp,550,2026-07-06,INACTIVE,Source: (Madina Hotel 2026) New Season Far East 15 June 20_260630_175141.pdf | Page: madina_page-17.png | Meal: FB | Source period text: 16 DEC 2026 TO 9 JAN 2027,"Harga, pajak, dan availability final setelah admin cek manual ke hotel/OTA."
MADINAH,STANDARD,Hotel Emaar El Mektan,,Alharmain PDF 9 Jan - 8 Feb 2027,Double Room,FB meal plan,2027-01-09,2027-02-08,9 Jan - 8 Feb 2027,per kamar per malam,SAR,780,2,2,1,WiFi/detail fasilitas dicek manual via WhatsApp,Ketersediaan akhir dan payment dilanjutkan manual via WhatsApp,551,2026-07-06,INACTIVE,Source: (Madina Hotel 2026) New Season Far East 15 June 20_260630_175141.pdf | Page: madina_page-17.png | Meal: FB | Source period text: 9 JAN 2027 TO 8 FEB 2027,"Harga, pajak, dan availability final setelah admin cek manual ke hotel/OTA."
MADINAH,STANDARD,Hotel Emaar El Mektan,,Alharmain PDF 9 Jan - 8 Feb 2027,Triple Room,FB meal plan,2027-01-09,2027-02-08,9 Jan - 8 Feb 2027,per kamar per malam,SAR,880,2,2,1,WiFi/detail fasilitas dicek manual via WhatsApp,Ketersediaan akhir dan payment dilanjutkan manual via WhatsApp,552,2026-07-06,INACTIVE,Source: (Madina Hotel 2026) New Season Far East 15 June 20_260630_175141.pdf | Page: madina_page-17.png | Meal: FB | Source period text: 9 JAN 2027 TO 8 FEB 2027,"Harga, pajak, dan availability final setelah admin cek manual ke hotel/OTA."
MADINAH,STANDARD,Hotel Emaar El Mektan,,Alharmain PDF 9 Jan - 8 Feb 2027,Quad Room,FB meal plan,2027-01-09,2027-02-08,9 Jan - 8 Feb 2027,per kamar per malam,SAR,980,2,2,1,WiFi/detail fasilitas dicek manual via WhatsApp,Ketersediaan akhir dan payment dilanjutkan manual via WhatsApp,553,2026-07-06,INACTIVE,Source: (Madina Hotel 2026) New Season Far East 15 June 20_260630_175141.pdf | Page: madina_page-17.png | Meal: FB | Source period text: 9 JAN 2027 TO 8 FEB 2027,"Harga, pajak, dan availability final setelah admin cek manual ke hotel/OTA."
MADINAH,STANDARD,Hotel Emaar Taibah,,Alharmain PDF 30 Jun - 19 Aug 2026,Double Room,FB meal plan,2026-06-30,2026-08-19,30 Jun - 19 Aug 2026,per kamar per malam,SAR,410,2,2,1,WiFi/detail fasilitas dicek manual via WhatsApp,Ketersediaan akhir dan payment dilanjutkan manual via WhatsApp,554,2026-07-06,INACTIVE,Source: (Madina Hotel 2026) New Season Far East 15 June 20_260630_175141.pdf | Page: madina_page-17.png | Meal: FB | Source period text: 30 JUNE 2026 TO 19 AUGUST 2026,"Harga, pajak, dan availability final setelah admin cek manual ke hotel/OTA."
MADINAH,STANDARD,Hotel Emaar Taibah,,Alharmain PDF 30 Jun - 19 Aug 2026,Triple Room,FB meal plan,2026-06-30,2026-08-19,30 Jun - 19 Aug 2026,per kamar per malam,SAR,450,2,2,1,WiFi/detail fasilitas dicek manual via WhatsApp,Ketersediaan akhir dan payment dilanjutkan manual via WhatsApp,555,2026-07-06,INACTIVE,Source: (Madina Hotel 2026) New Season Far East 15 June 20_260630_175141.pdf | Page: madina_page-17.png | Meal: FB | Source period text: 30 JUNE 2026 TO 19 AUGUST 2026,"Harga, pajak, dan availability final setelah admin cek manual ke hotel/OTA."
MADINAH,STANDARD,Hotel Emaar Taibah,,Alharmain PDF 30 Jun - 19 Aug 2026,Quad Room,FB meal plan,2026-06-30,2026-08-19,30 Jun - 19 Aug 2026,per kamar per malam,SAR,490,2,2,1,WiFi/detail fasilitas dicek manual via WhatsApp,Ketersediaan akhir dan payment dilanjutkan manual via WhatsApp,556,2026-07-06,INACTIVE,Source: (Madina Hotel 2026) New Season Far East 15 June 20_260630_175141.pdf | Page: madina_page-17.png | Meal: FB | Source period text: 30 JUNE 2026 TO 19 AUGUST 2026,"Harga, pajak, dan availability final setelah admin cek manual ke hotel/OTA."
MADINAH,STANDARD,Hotel Emaar Taibah,,Alharmain PDF 19 Aug - 16 Dec 2026,Double Room,FB meal plan,2026-08-19,2026-12-16,19 Aug - 16 Dec 2026,per kamar per malam,SAR,455,2,2,1,WiFi/detail fasilitas dicek manual via WhatsApp,Ketersediaan akhir dan payment dilanjutkan manual via WhatsApp,557,2026-07-06,INACTIVE,Source: (Madina Hotel 2026) New Season Far East 15 June 20_260630_175141.pdf | Page: madina_page-17.png | Meal: FB | Source period text: 19 AUGUST 2026 TO 16 DEC 2026,"Harga, pajak, dan availability final setelah admin cek manual ke hotel/OTA."
MADINAH,STANDARD,Hotel Emaar Taibah,,Alharmain PDF 19 Aug - 16 Dec 2026,Triple Room,FB meal plan,2026-08-19,2026-12-16,19 Aug - 16 Dec 2026,per kamar per malam,SAR,515,2,2,1,WiFi/detail fasilitas dicek manual via WhatsApp,Ketersediaan akhir dan payment dilanjutkan manual via WhatsApp,558,2026-07-06,INACTIVE,Source: (Madina Hotel 2026) New Season Far East 15 June 20_260630_175141.pdf | Page: madina_page-17.png | Meal: FB | Source period text: 19 AUGUST 2026 TO 16 DEC 2026,"Harga, pajak, dan availability final setelah admin cek manual ke hotel/OTA."
MADINAH,STANDARD,Hotel Emaar Taibah,,Alharmain PDF 19 Aug - 16 Dec 2026,Quad Room,FB meal plan,2026-08-19,2026-12-16,19 Aug - 16 Dec 2026,per kamar per malam,SAR,575,2,2,1,WiFi/detail fasilitas dicek manual via WhatsApp,Ketersediaan akhir dan payment dilanjutkan manual via WhatsApp,559,2026-07-06,INACTIVE,Source: (Madina Hotel 2026) New Season Far East 15 June 20_260630_175141.pdf | Page: madina_page-17.png | Meal: FB | Source period text: 19 AUGUST 2026 TO 16 DEC 2026,"Harga, pajak, dan availability final setelah admin cek manual ke hotel/OTA."
MADINAH,STANDARD,Hotel Emaar Taibah,,Alharmain PDF 16 Dec 2026 - 9 Jan 2027,Double Room,FB meal plan,2026-12-16,2027-01-09,16 Dec 2026 - 9 Jan 2027,per kamar per malam,SAR,630,2,2,1,WiFi/detail fasilitas dicek manual via WhatsApp,Ketersediaan akhir dan payment dilanjutkan manual via WhatsApp,560,2026-07-06,INACTIVE,Source: (Madina Hotel 2026) New Season Far East 15 June 20_260630_175141.pdf | Page: madina_page-17.png | Meal: FB | Source period text: 16 DEC 2026 TO 9 JAN 2027,"Harga, pajak, dan availability final setelah admin cek manual ke hotel/OTA."
MADINAH,STANDARD,Hotel Emaar Taibah,,Alharmain PDF 16 Dec 2026 - 9 Jan 2027,Triple Room,FB meal plan,2026-12-16,2027-01-09,16 Dec 2026 - 9 Jan 2027,per kamar per malam,SAR,690,2,2,1,WiFi/detail fasilitas dicek manual via WhatsApp,Ketersediaan akhir dan payment dilanjutkan manual via WhatsApp,561,2026-07-06,INACTIVE,Source: (Madina Hotel 2026) New Season Far East 15 June 20_260630_175141.pdf | Page: madina_page-17.png | Meal: FB | Source period text: 16 DEC 2026 TO 9 JAN 2027,"Harga, pajak, dan availability final setelah admin cek manual ke hotel/OTA."
MADINAH,STANDARD,Hotel Emaar Taibah,,Alharmain PDF 16 Dec 2026 - 9 Jan 2027,Quad Room,FB meal plan,2026-12-16,2027-01-09,16 Dec 2026 - 9 Jan 2027,per kamar per malam,SAR,750,2,2,1,WiFi/detail fasilitas dicek manual via WhatsApp,Ketersediaan akhir dan payment dilanjutkan manual via WhatsApp,562,2026-07-06,INACTIVE,Source: (Madina Hotel 2026) New Season Far East 15 June 20_260630_175141.pdf | Page: madina_page-17.png | Meal: FB | Source period text: 16 DEC 2026 TO 9 JAN 2027,"Harga, pajak, dan availability final setelah admin cek manual ke hotel/OTA."
MADINAH,STANDARD,Hotel Emaar Taibah,,Alharmain PDF 9 Jan - 8 Feb 2027,Double Room,FB meal plan,2027-01-09,2027-02-08,9 Jan - 8 Feb 2027,per kamar per malam,SAR,500,2,2,1,WiFi/detail fasilitas dicek manual via WhatsApp,Ketersediaan akhir dan payment dilanjutkan manual via WhatsApp,563,2026-07-06,INACTIVE,Source: (Madina Hotel 2026) New Season Far East 15 June 20_260630_175141.pdf | Page: madina_page-17.png | Meal: FB | Source period text: 9 JAN 2027 TO 8 FEB 2027,"Harga, pajak, dan availability final setelah admin cek manual ke hotel/OTA."
MADINAH,STANDARD,Hotel Emaar Taibah,,Alharmain PDF 9 Jan - 8 Feb 2027,Triple Room,FB meal plan,2027-01-09,2027-02-08,9 Jan - 8 Feb 2027,per kamar per malam,SAR,565,2,2,1,WiFi/detail fasilitas dicek manual via WhatsApp,Ketersediaan akhir dan payment dilanjutkan manual via WhatsApp,564,2026-07-06,INACTIVE,Source: (Madina Hotel 2026) New Season Far East 15 June 20_260630_175141.pdf | Page: madina_page-17.png | Meal: FB | Source period text: 9 JAN 2027 TO 8 FEB 2027,"Harga, pajak, dan availability final setelah admin cek manual ke hotel/OTA."
MADINAH,STANDARD,Hotel Emaar Taibah,,Alharmain PDF 9 Jan - 8 Feb 2027,Quad Room,FB meal plan,2027-01-09,2027-02-08,9 Jan - 8 Feb 2027,per kamar per malam,SAR,630,2,2,1,WiFi/detail fasilitas dicek manual via WhatsApp,Ketersediaan akhir dan payment dilanjutkan manual via WhatsApp,565,2026-07-06,INACTIVE,Source: (Madina Hotel 2026) New Season Far East 15 June 20_260630_175141.pdf | Page: madina_page-17.png | Meal: FB | Source period text: 9 JAN 2027 TO 8 FEB 2027,"Harga, pajak, dan availability final setelah admin cek manual ke hotel/OTA."
MADINAH,STANDARD,Hotel Jiwar Taibah,,Alharmain PDF 30 Jun - 14 Aug 2026,Double Room,FB meal plan,2026-06-30,2026-08-14,30 Jun - 14 Aug 2026,per kamar per malam,SAR,430,2,2,1,WiFi/detail fasilitas dicek manual via WhatsApp,Ketersediaan akhir dan payment dilanjutkan manual via WhatsApp,566,2026-07-06,INACTIVE,Source: (Madina Hotel 2026) New Season Far East 15 June 20_260630_175141.pdf | Page: madina_page-18.png | Meal: FB | Source period text: 30 JUNE 2026 TO 14 AUGUST 2026,"Harga, pajak, dan availability final setelah admin cek manual ke hotel/OTA."
MADINAH,STANDARD,Hotel Jiwar Taibah,,Alharmain PDF 30 Jun - 14 Aug 2026,Triple Room,FB meal plan,2026-06-30,2026-08-14,30 Jun - 14 Aug 2026,per kamar per malam,SAR,480,2,2,1,WiFi/detail fasilitas dicek manual via WhatsApp,Ketersediaan akhir dan payment dilanjutkan manual via WhatsApp,567,2026-07-06,INACTIVE,Source: (Madina Hotel 2026) New Season Far East 15 June 20_260630_175141.pdf | Page: madina_page-18.png | Meal: FB | Source period text: 30 JUNE 2026 TO 14 AUGUST 2026,"Harga, pajak, dan availability final setelah admin cek manual ke hotel/OTA."
MADINAH,STANDARD,Hotel Jiwar Taibah,,Alharmain PDF 30 Jun - 14 Aug 2026,Quad Room,FB meal plan,2026-06-30,2026-08-14,30 Jun - 14 Aug 2026,per kamar per malam,SAR,530,2,2,1,WiFi/detail fasilitas dicek manual via WhatsApp,Ketersediaan akhir dan payment dilanjutkan manual via WhatsApp,568,2026-07-06,INACTIVE,Source: (Madina Hotel 2026) New Season Far East 15 June 20_260630_175141.pdf | Page: madina_page-18.png | Meal: FB | Source period text: 30 JUNE 2026 TO 14 AUGUST 2026,"Harga, pajak, dan availability final setelah admin cek manual ke hotel/OTA."
MADINAH,STANDARD,Hotel Jiwar Taibah,,Alharmain PDF 14 Aug - 11 Oct 2026,Double Room,FB meal plan,2026-08-14,2026-10-11,14 Aug - 11 Oct 2026,per kamar per malam,SAR,530,2,2,1,WiFi/detail fasilitas dicek manual via WhatsApp,Ketersediaan akhir dan payment dilanjutkan manual via WhatsApp,569,2026-07-06,INACTIVE,Source: (Madina Hotel 2026) New Season Far East 15 June 20_260630_175141.pdf | Page: madina_page-18.png | Meal: FB | Source period text: 14 AUGUST 2026 TO 11 OCT 2026,"Harga, pajak, dan availability final setelah admin cek manual ke hotel/OTA."
MADINAH,STANDARD,Hotel Jiwar Taibah,,Alharmain PDF 14 Aug - 11 Oct 2026,Triple Room,FB meal plan,2026-08-14,2026-10-11,14 Aug - 11 Oct 2026,per kamar per malam,SAR,580,2,2,1,WiFi/detail fasilitas dicek manual via WhatsApp,Ketersediaan akhir dan payment dilanjutkan manual via WhatsApp,570,2026-07-06,INACTIVE,Source: (Madina Hotel 2026) New Season Far East 15 June 20_260630_175141.pdf | Page: madina_page-18.png | Meal: FB | Source period text: 14 AUGUST 2026 TO 11 OCT 2026,"Harga, pajak, dan availability final setelah admin cek manual ke hotel/OTA."
MADINAH,STANDARD,Hotel Jiwar Taibah,,Alharmain PDF 14 Aug - 11 Oct 2026,Quad Room,FB meal plan,2026-08-14,2026-10-11,14 Aug - 11 Oct 2026,per kamar per malam,SAR,630,2,2,1,WiFi/detail fasilitas dicek manual via WhatsApp,Ketersediaan akhir dan payment dilanjutkan manual via WhatsApp,571,2026-07-06,INACTIVE,Source: (Madina Hotel 2026) New Season Far East 15 June 20_260630_175141.pdf | Page: madina_page-18.png | Meal: FB | Source period text: 14 AUGUST 2026 TO 11 OCT 2026,"Harga, pajak, dan availability final setelah admin cek manual ke hotel/OTA."
MADINAH,STANDARD,Hotel Jiwar Taibah,,Alharmain PDF Dec 2026,Double Room,FB meal plan,2026-12-01,2026-12-31,Dec 2026,per kamar per malam,SAR,630,2,2,1,WiFi/detail fasilitas dicek manual via WhatsApp,Ketersediaan akhir dan payment dilanjutkan manual via WhatsApp,572,2026-07-06,INACTIVE,Source: (Madina Hotel 2026) New Season Far East 15 June 20_260630_175141.pdf | Page: madina_page-18.png | Meal: FB | Source period text: 1 DEC 2026,"Harga, pajak, dan availability final setelah admin cek manual ke hotel/OTA."
MADINAH,STANDARD,Hotel Jiwar Taibah,,Alharmain PDF Dec 2026,Triple Room,FB meal plan,2026-12-01,2026-12-31,Dec 2026,per kamar per malam,SAR,680,2,2,1,WiFi/detail fasilitas dicek manual via WhatsApp,Ketersediaan akhir dan payment dilanjutkan manual via WhatsApp,573,2026-07-06,INACTIVE,Source: (Madina Hotel 2026) New Season Far East 15 June 20_260630_175141.pdf | Page: madina_page-18.png | Meal: FB | Source period text: 1 DEC 2026,"Harga, pajak, dan availability final setelah admin cek manual ke hotel/OTA."
MADINAH,STANDARD,Hotel Jiwar Taibah,,Alharmain PDF Dec 2026,Quad Room,FB meal plan,2026-12-01,2026-12-31,Dec 2026,per kamar per malam,SAR,730,2,2,1,WiFi/detail fasilitas dicek manual via WhatsApp,Ketersediaan akhir dan payment dilanjutkan manual via WhatsApp,574,2026-07-06,INACTIVE,Source: (Madina Hotel 2026) New Season Far East 15 June 20_260630_175141.pdf | Page: madina_page-18.png | Meal: FB | Source period text: 1 DEC 2026,"Harga, pajak, dan availability final setelah admin cek manual ke hotel/OTA."
MADINAH,STANDARD,Hotel Jiwar Taibah,,Alharmain PDF 1 Dec 2026 - 2 Feb 2027,Double Room,FB meal plan,2026-12-01,2027-02-02,1 Dec 2026 - 2 Feb 2027,per kamar per malam,SAR,730,2,2,1,WiFi/detail fasilitas dicek manual via WhatsApp,Ketersediaan akhir dan payment dilanjutkan manual via WhatsApp,575,2026-07-06,INACTIVE,Source: (Madina Hotel 2026) New Season Far East 15 June 20_260630_175141.pdf | Page: madina_page-18.png | Meal: FB | Source period text: 1 DEC 2026 TO 2 FEB 2027,"Harga, pajak, dan availability final setelah admin cek manual ke hotel/OTA."
MADINAH,STANDARD,Hotel Jiwar Taibah,,Alharmain PDF 1 Dec 2026 - 2 Feb 2027,Triple Room,FB meal plan,2026-12-01,2027-02-02,1 Dec 2026 - 2 Feb 2027,per kamar per malam,SAR,780,2,2,1,WiFi/detail fasilitas dicek manual via WhatsApp,Ketersediaan akhir dan payment dilanjutkan manual via WhatsApp,576,2026-07-06,INACTIVE,Source: (Madina Hotel 2026) New Season Far East 15 June 20_260630_175141.pdf | Page: madina_page-18.png | Meal: FB | Source period text: 1 DEC 2026 TO 2 FEB 2027,"Harga, pajak, dan availability final setelah admin cek manual ke hotel/OTA."
MADINAH,STANDARD,Hotel Jiwar Taibah,,Alharmain PDF 1 Dec 2026 - 2 Feb 2027,Quad Room,FB meal plan,2026-12-01,2027-02-02,1 Dec 2026 - 2 Feb 2027,per kamar per malam,SAR,830,2,2,1,WiFi/detail fasilitas dicek manual via WhatsApp,Ketersediaan akhir dan payment dilanjutkan manual via WhatsApp,577,2026-07-06,INACTIVE,Source: (Madina Hotel 2026) New Season Far East 15 June 20_260630_175141.pdf | Page: madina_page-18.png | Meal: FB | Source period text: 1 DEC 2026 TO 2 FEB 2027,"Harga, pajak, dan availability final setelah admin cek manual ke hotel/OTA."
MADINAH,STANDARD,Hotel Sedrat Al Madina,,Alharmain PDF 30 Jun - 14 Aug 2026,Double Room,FB meal plan,2026-06-30,2026-08-14,30 Jun - 14 Aug 2026,per kamar per malam,SAR,430,2,2,1,WiFi/detail fasilitas dicek manual via WhatsApp,Ketersediaan akhir dan payment dilanjutkan manual via WhatsApp,578,2026-07-06,INACTIVE,Source: (Madina Hotel 2026) New Season Far East 15 June 20_260630_175141.pdf | Page: madina_page-18.png | Meal: FB | Source period text: 30 JUNE 2026 TO 14 AUGUST 2026,"Harga, pajak, dan availability final setelah admin cek manual ke hotel/OTA."
MADINAH,STANDARD,Hotel Sedrat Al Madina,,Alharmain PDF 30 Jun - 14 Aug 2026,Triple Room,FB meal plan,2026-06-30,2026-08-14,30 Jun - 14 Aug 2026,per kamar per malam,SAR,480,2,2,1,WiFi/detail fasilitas dicek manual via WhatsApp,Ketersediaan akhir dan payment dilanjutkan manual via WhatsApp,579,2026-07-06,INACTIVE,Source: (Madina Hotel 2026) New Season Far East 15 June 20_260630_175141.pdf | Page: madina_page-18.png | Meal: FB | Source period text: 30 JUNE 2026 TO 14 AUGUST 2026,"Harga, pajak, dan availability final setelah admin cek manual ke hotel/OTA."
MADINAH,STANDARD,Hotel Sedrat Al Madina,,Alharmain PDF 30 Jun - 14 Aug 2026,Quad Room,FB meal plan,2026-06-30,2026-08-14,30 Jun - 14 Aug 2026,per kamar per malam,SAR,530,2,2,1,WiFi/detail fasilitas dicek manual via WhatsApp,Ketersediaan akhir dan payment dilanjutkan manual via WhatsApp,580,2026-07-06,INACTIVE,Source: (Madina Hotel 2026) New Season Far East 15 June 20_260630_175141.pdf | Page: madina_page-18.png | Meal: FB | Source period text: 30 JUNE 2026 TO 14 AUGUST 2026,"Harga, pajak, dan availability final setelah admin cek manual ke hotel/OTA."
MADINAH,STANDARD,Hotel Sedrat Al Madina,,Alharmain PDF 14 Aug - 11 Oct 2026,Double Room,FB meal plan,2026-08-14,2026-10-11,14 Aug - 11 Oct 2026,per kamar per malam,SAR,580,2,2,1,WiFi/detail fasilitas dicek manual via WhatsApp,Ketersediaan akhir dan payment dilanjutkan manual via WhatsApp,581,2026-07-06,INACTIVE,Source: (Madina Hotel 2026) New Season Far East 15 June 20_260630_175141.pdf | Page: madina_page-18.png | Meal: FB | Source period text: 14 AUGUST 2026 TO 11 OCT 2026,"Harga, pajak, dan availability final setelah admin cek manual ke hotel/OTA."
MADINAH,STANDARD,Hotel Sedrat Al Madina,,Alharmain PDF 14 Aug - 11 Oct 2026,Triple Room,FB meal plan,2026-08-14,2026-10-11,14 Aug - 11 Oct 2026,per kamar per malam,SAR,630,2,2,1,WiFi/detail fasilitas dicek manual via WhatsApp,Ketersediaan akhir dan payment dilanjutkan manual via WhatsApp,582,2026-07-06,INACTIVE,Source: (Madina Hotel 2026) New Season Far East 15 June 20_260630_175141.pdf | Page: madina_page-18.png | Meal: FB | Source period text: 14 AUGUST 2026 TO 11 OCT 2026,"Harga, pajak, dan availability final setelah admin cek manual ke hotel/OTA."
MADINAH,STANDARD,Hotel Sedrat Al Madina,,Alharmain PDF 14 Aug - 11 Oct 2026,Quad Room,FB meal plan,2026-08-14,2026-10-11,14 Aug - 11 Oct 2026,per kamar per malam,SAR,680,2,2,1,WiFi/detail fasilitas dicek manual via WhatsApp,Ketersediaan akhir dan payment dilanjutkan manual via WhatsApp,583,2026-07-06,INACTIVE,Source: (Madina Hotel 2026) New Season Far East 15 June 20_260630_175141.pdf | Page: madina_page-18.png | Meal: FB | Source period text: 14 AUGUST 2026 TO 11 OCT 2026,"Harga, pajak, dan availability final setelah admin cek manual ke hotel/OTA."
MADINAH,STANDARD,Hotel Sedrat Al Madina,,Alharmain PDF Dec 2026,Double Room,FB meal plan,2026-12-01,2026-12-31,Dec 2026,per kamar per malam,SAR,630,2,2,1,WiFi/detail fasilitas dicek manual via WhatsApp,Ketersediaan akhir dan payment dilanjutkan manual via WhatsApp,584,2026-07-06,INACTIVE,Source: (Madina Hotel 2026) New Season Far East 15 June 20_260630_175141.pdf | Page: madina_page-18.png | Meal: FB | Source period text: 1 DEC 2026,"Harga, pajak, dan availability final setelah admin cek manual ke hotel/OTA."
MADINAH,STANDARD,Hotel Sedrat Al Madina,,Alharmain PDF Dec 2026,Triple Room,FB meal plan,2026-12-01,2026-12-31,Dec 2026,per kamar per malam,SAR,680,2,2,1,WiFi/detail fasilitas dicek manual via WhatsApp,Ketersediaan akhir dan payment dilanjutkan manual via WhatsApp,585,2026-07-06,INACTIVE,Source: (Madina Hotel 2026) New Season Far East 15 June 20_260630_175141.pdf | Page: madina_page-18.png | Meal: FB | Source period text: 1 DEC 2026,"Harga, pajak, dan availability final setelah admin cek manual ke hotel/OTA."
MADINAH,STANDARD,Hotel Sedrat Al Madina,,Alharmain PDF Dec 2026,Quad Room,FB meal plan,2026-12-01,2026-12-31,Dec 2026,per kamar per malam,SAR,730,2,2,1,WiFi/detail fasilitas dicek manual via WhatsApp,Ketersediaan akhir dan payment dilanjutkan manual via WhatsApp,586,2026-07-06,INACTIVE,Source: (Madina Hotel 2026) New Season Far East 15 June 20_260630_175141.pdf | Page: madina_page-18.png | Meal: FB | Source period text: 1 DEC 2026,"Harga, pajak, dan availability final setelah admin cek manual ke hotel/OTA."
MADINAH,STANDARD,Hotel Sedrat Al Madina,,Alharmain PDF 1 Dec 2026 - 2 Feb 2027,Double Room,FB meal plan,2026-12-01,2027-02-02,1 Dec 2026 - 2 Feb 2027,per kamar per malam,SAR,730,2,2,1,WiFi/detail fasilitas dicek manual via WhatsApp,Ketersediaan akhir dan payment dilanjutkan manual via WhatsApp,587,2026-07-06,INACTIVE,Source: (Madina Hotel 2026) New Season Far East 15 June 20_260630_175141.pdf | Page: madina_page-18.png | Meal: FB | Source period text: 1 DEC 2026 TO 2 FEB 2027,"Harga, pajak, dan availability final setelah admin cek manual ke hotel/OTA."
MADINAH,STANDARD,Hotel Sedrat Al Madina,,Alharmain PDF 1 Dec 2026 - 2 Feb 2027,Triple Room,FB meal plan,2026-12-01,2027-02-02,1 Dec 2026 - 2 Feb 2027,per kamar per malam,SAR,780,2,2,1,WiFi/detail fasilitas dicek manual via WhatsApp,Ketersediaan akhir dan payment dilanjutkan manual via WhatsApp,588,2026-07-06,INACTIVE,Source: (Madina Hotel 2026) New Season Far East 15 June 20_260630_175141.pdf | Page: madina_page-18.png | Meal: FB | Source period text: 1 DEC 2026 TO 2 FEB 2027,"Harga, pajak, dan availability final setelah admin cek manual ke hotel/OTA."
MADINAH,STANDARD,Hotel Sedrat Al Madina,,Alharmain PDF 1 Dec 2026 - 2 Feb 2027,Quad Room,FB meal plan,2026-12-01,2027-02-02,1 Dec 2026 - 2 Feb 2027,per kamar per malam,SAR,830,2,2,1,WiFi/detail fasilitas dicek manual via WhatsApp,Ketersediaan akhir dan payment dilanjutkan manual via WhatsApp,589,2026-07-06,INACTIVE,Source: (Madina Hotel 2026) New Season Far East 15 June 20_260630_175141.pdf | Page: madina_page-18.png | Meal: FB | Source period text: 1 DEC 2026 TO 2 FEB 2027,"Harga, pajak, dan availability final setelah admin cek manual ke hotel/OTA."
MADINAH,STANDARD,Hotel Manazel Taibah Al Salam,,Alharmain PDF 30 Jun - 14 Aug 2026,Double Room,FB meal plan,2026-06-30,2026-08-14,30 Jun - 14 Aug 2026,per kamar per malam,SAR,350,2,2,1,WiFi/detail fasilitas dicek manual via WhatsApp,Ketersediaan akhir dan payment dilanjutkan manual via WhatsApp,590,2026-07-06,INACTIVE,Source: (Madina Hotel 2026) New Season Far East 15 June 20_260630_175141.pdf | Page: madina_page-18.png | Meal: FB | Source period text: 30 JUNE 2026 TO 14 AUGUST 2026,"Harga, pajak, dan availability final setelah admin cek manual ke hotel/OTA."
MADINAH,STANDARD,Hotel Manazel Taibah Al Salam,,Alharmain PDF 30 Jun - 14 Aug 2026,Triple Room,FB meal plan,2026-06-30,2026-08-14,30 Jun - 14 Aug 2026,per kamar per malam,SAR,400,2,2,1,WiFi/detail fasilitas dicek manual via WhatsApp,Ketersediaan akhir dan payment dilanjutkan manual via WhatsApp,591,2026-07-06,INACTIVE,Source: (Madina Hotel 2026) New Season Far East 15 June 20_260630_175141.pdf | Page: madina_page-18.png | Meal: FB | Source period text: 30 JUNE 2026 TO 14 AUGUST 2026,"Harga, pajak, dan availability final setelah admin cek manual ke hotel/OTA."
MADINAH,STANDARD,Hotel Manazel Taibah Al Salam,,Alharmain PDF 30 Jun - 14 Aug 2026,Quad Room,FB meal plan,2026-06-30,2026-08-14,30 Jun - 14 Aug 2026,per kamar per malam,SAR,450,2,2,1,WiFi/detail fasilitas dicek manual via WhatsApp,Ketersediaan akhir dan payment dilanjutkan manual via WhatsApp,592,2026-07-06,INACTIVE,Source: (Madina Hotel 2026) New Season Far East 15 June 20_260630_175141.pdf | Page: madina_page-18.png | Meal: FB | Source period text: 30 JUNE 2026 TO 14 AUGUST 2026,"Harga, pajak, dan availability final setelah admin cek manual ke hotel/OTA."
MADINAH,STANDARD,Hotel Manazel Taibah Al Salam,,Alharmain PDF 14 Aug - 11 Oct 2026,Double Room,FB meal plan,2026-08-14,2026-10-11,14 Aug - 11 Oct 2026,per kamar per malam,SAR,450,2,2,1,WiFi/detail fasilitas dicek manual via WhatsApp,Ketersediaan akhir dan payment dilanjutkan manual via WhatsApp,593,2026-07-06,INACTIVE,Source: (Madina Hotel 2026) New Season Far East 15 June 20_260630_175141.pdf | Page: madina_page-18.png | Meal: FB | Source period text: 14 AUGUST 2026 TO 11 OCT 2026,"Harga, pajak, dan availability final setelah admin cek manual ke hotel/OTA."
MADINAH,STANDARD,Hotel Manazel Taibah Al Salam,,Alharmain PDF 14 Aug - 11 Oct 2026,Triple Room,FB meal plan,2026-08-14,2026-10-11,14 Aug - 11 Oct 2026,per kamar per malam,SAR,500,2,2,1,WiFi/detail fasilitas dicek manual via WhatsApp,Ketersediaan akhir dan payment dilanjutkan manual via WhatsApp,594,2026-07-06,INACTIVE,Source: (Madina Hotel 2026) New Season Far East 15 June 20_260630_175141.pdf | Page: madina_page-18.png | Meal: FB | Source period text: 14 AUGUST 2026 TO 11 OCT 2026,"Harga, pajak, dan availability final setelah admin cek manual ke hotel/OTA."
MADINAH,STANDARD,Hotel Manazel Taibah Al Salam,,Alharmain PDF 14 Aug - 11 Oct 2026,Quad Room,FB meal plan,2026-08-14,2026-10-11,14 Aug - 11 Oct 2026,per kamar per malam,SAR,550,2,2,1,WiFi/detail fasilitas dicek manual via WhatsApp,Ketersediaan akhir dan payment dilanjutkan manual via WhatsApp,595,2026-07-06,INACTIVE,Source: (Madina Hotel 2026) New Season Far East 15 June 20_260630_175141.pdf | Page: madina_page-18.png | Meal: FB | Source period text: 14 AUGUST 2026 TO 11 OCT 2026,"Harga, pajak, dan availability final setelah admin cek manual ke hotel/OTA."
MADINAH,STANDARD,Hotel Manazel Taibah Al Salam,,Alharmain PDF Dec 2026,Double Room,FB meal plan,2026-12-01,2026-12-31,Dec 2026,per kamar per malam,SAR,510,2,2,1,WiFi/detail fasilitas dicek manual via WhatsApp,Ketersediaan akhir dan payment dilanjutkan manual via WhatsApp,596,2026-07-06,INACTIVE,Source: (Madina Hotel 2026) New Season Far East 15 June 20_260630_175141.pdf | Page: madina_page-18.png | Meal: FB | Source period text: 1 DEC 2026,"Harga, pajak, dan availability final setelah admin cek manual ke hotel/OTA."
MADINAH,STANDARD,Hotel Manazel Taibah Al Salam,,Alharmain PDF Dec 2026,Triple Room,FB meal plan,2026-12-01,2026-12-31,Dec 2026,per kamar per malam,SAR,560,2,2,1,WiFi/detail fasilitas dicek manual via WhatsApp,Ketersediaan akhir dan payment dilanjutkan manual via WhatsApp,597,2026-07-06,INACTIVE,Source: (Madina Hotel 2026) New Season Far East 15 June 20_260630_175141.pdf | Page: madina_page-18.png | Meal: FB | Source period text: 1 DEC 2026,"Harga, pajak, dan availability final setelah admin cek manual ke hotel/OTA."
MADINAH,STANDARD,Hotel Manazel Taibah Al Salam,,Alharmain PDF Dec 2026,Quad Room,FB meal plan,2026-12-01,2026-12-31,Dec 2026,per kamar per malam,SAR,610,2,2,1,WiFi/detail fasilitas dicek manual via WhatsApp,Ketersediaan akhir dan payment dilanjutkan manual via WhatsApp,598,2026-07-06,INACTIVE,Source: (Madina Hotel 2026) New Season Far East 15 June 20_260630_175141.pdf | Page: madina_page-18.png | Meal: FB | Source period text: 1 DEC 2026,"Harga, pajak, dan availability final setelah admin cek manual ke hotel/OTA."
MADINAH,STANDARD,Hotel Manazel Taibah Al Salam,,Alharmain PDF 1 Dec 2026 - 2 Feb 2027,Double Room,FB meal plan,2026-12-01,2027-02-02,1 Dec 2026 - 2 Feb 2027,per kamar per malam,SAR,580,2,2,1,WiFi/detail fasilitas dicek manual via WhatsApp,Ketersediaan akhir dan payment dilanjutkan manual via WhatsApp,599,2026-07-06,INACTIVE,Source: (Madina Hotel 2026) New Season Far East 15 June 20_260630_175141.pdf | Page: madina_page-18.png | Meal: FB | Source period text: 1 DEC 2026 TO 2 FEB 2027,"Harga, pajak, dan availability final setelah admin cek manual ke hotel/OTA."
MADINAH,STANDARD,Hotel Manazel Taibah Al Salam,,Alharmain PDF 1 Dec 2026 - 2 Feb 2027,Triple Room,FB meal plan,2026-12-01,2027-02-02,1 Dec 2026 - 2 Feb 2027,per kamar per malam,SAR,630,2,2,1,WiFi/detail fasilitas dicek manual via WhatsApp,Ketersediaan akhir dan payment dilanjutkan manual via WhatsApp,600,2026-07-06,INACTIVE,Source: (Madina Hotel 2026) New Season Far East 15 June 20_260630_175141.pdf | Page: madina_page-18.png | Meal: FB | Source period text: 1 DEC 2026 TO 2 FEB 2027,"Harga, pajak, dan availability final setelah admin cek manual ke hotel/OTA."
MADINAH,STANDARD,Hotel Manazel Taibah Al Salam,,Alharmain PDF 1 Dec 2026 - 2 Feb 2027,Quad Room,FB meal plan,2026-12-01,2027-02-02,1 Dec 2026 - 2 Feb 2027,per kamar per malam,SAR,680,2,2,1,WiFi/detail fasilitas dicek manual via WhatsApp,Ketersediaan akhir dan payment dilanjutkan manual via WhatsApp,601,2026-07-06,INACTIVE,Source: (Madina Hotel 2026) New Season Far East 15 June 20_260630_175141.pdf | Page: madina_page-18.png | Meal: FB | Source period text: 1 DEC 2026 TO 2 FEB 2027,"Harga, pajak, dan availability final setelah admin cek manual ke hotel/OTA."
MADINAH,STANDARD,Hotel Kayan Al Masi,,Alharmain PDF 30 Jun - 14 Sep 2026,Double Room,FB meal plan,2026-06-30,2026-09-14,30 Jun - 14 Sep 2026,per kamar per malam,SAR,370,2,2,1,WiFi/detail fasilitas dicek manual via WhatsApp,Ketersediaan akhir dan payment dilanjutkan manual via WhatsApp,602,2026-07-06,INACTIVE,Source: (Madina Hotel 2026) New Season Far East 15 June 20_260630_175141.pdf | Page: madina_page-19.png | Meal: FB | Source period text: 30 JUNE 2026 TO 14 SEP 2026,"Harga, pajak, dan availability final setelah admin cek manual ke hotel/OTA."
MADINAH,STANDARD,Hotel Kayan Al Masi,,Alharmain PDF 30 Jun - 14 Sep 2026,Triple Room,FB meal plan,2026-06-30,2026-09-14,30 Jun - 14 Sep 2026,per kamar per malam,SAR,410,2,2,1,WiFi/detail fasilitas dicek manual via WhatsApp,Ketersediaan akhir dan payment dilanjutkan manual via WhatsApp,603,2026-07-06,INACTIVE,Source: (Madina Hotel 2026) New Season Far East 15 June 20_260630_175141.pdf | Page: madina_page-19.png | Meal: FB | Source period text: 30 JUNE 2026 TO 14 SEP 2026,"Harga, pajak, dan availability final setelah admin cek manual ke hotel/OTA."
MADINAH,STANDARD,Hotel Kayan Al Masi,,Alharmain PDF 30 Jun - 14 Sep 2026,Quad Room,FB meal plan,2026-06-30,2026-09-14,30 Jun - 14 Sep 2026,per kamar per malam,SAR,450,2,2,1,WiFi/detail fasilitas dicek manual via WhatsApp,Ketersediaan akhir dan payment dilanjutkan manual via WhatsApp,604,2026-07-06,INACTIVE,Source: (Madina Hotel 2026) New Season Far East 15 June 20_260630_175141.pdf | Page: madina_page-19.png | Meal: FB | Source period text: 30 JUNE 2026 TO 14 SEP 2026,"Harga, pajak, dan availability final setelah admin cek manual ke hotel/OTA."
MADINAH,STANDARD,Hotel Kayan Al Masi,,Alharmain PDF 14 Sep - 16 Dec 2026,Double Room,FB meal plan,2026-09-14,2026-12-16,14 Sep - 16 Dec 2026,per kamar per malam,SAR,450,2,2,1,WiFi/detail fasilitas dicek manual via WhatsApp,Ketersediaan akhir dan payment dilanjutkan manual via WhatsApp,605,2026-07-06,INACTIVE,Source: (Madina Hotel 2026) New Season Far East 15 June 20_260630_175141.pdf | Page: madina_page-19.png | Meal: FB | Source period text: 14 SEP 2026 TO 16 DEC 2026,"Harga, pajak, dan availability final setelah admin cek manual ke hotel/OTA."
MADINAH,STANDARD,Hotel Kayan Al Masi,,Alharmain PDF 14 Sep - 16 Dec 2026,Triple Room,FB meal plan,2026-09-14,2026-12-16,14 Sep - 16 Dec 2026,per kamar per malam,SAR,490,2,2,1,WiFi/detail fasilitas dicek manual via WhatsApp,Ketersediaan akhir dan payment dilanjutkan manual via WhatsApp,606,2026-07-06,INACTIVE,Source: (Madina Hotel 2026) New Season Far East 15 June 20_260630_175141.pdf | Page: madina_page-19.png | Meal: FB | Source period text: 14 SEP 2026 TO 16 DEC 2026,"Harga, pajak, dan availability final setelah admin cek manual ke hotel/OTA."
MADINAH,STANDARD,Hotel Kayan Al Masi,,Alharmain PDF 14 Sep - 16 Dec 2026,Quad Room,FB meal plan,2026-09-14,2026-12-16,14 Sep - 16 Dec 2026,per kamar per malam,SAR,530,2,2,1,WiFi/detail fasilitas dicek manual via WhatsApp,Ketersediaan akhir dan payment dilanjutkan manual via WhatsApp,607,2026-07-06,INACTIVE,Source: (Madina Hotel 2026) New Season Far East 15 June 20_260630_175141.pdf | Page: madina_page-19.png | Meal: FB | Source period text: 14 SEP 2026 TO 16 DEC 2026,"Harga, pajak, dan availability final setelah admin cek manual ke hotel/OTA."
MADINAH,STANDARD,Hotel Bara Taibah,,Alharmain PDF 15 Jul - 14 Sep 2026,Double Room,FB meal plan,2026-07-15,2026-09-14,15 Jul - 14 Sep 2026,per kamar per malam,SAR,370,2,2,1,WiFi/detail fasilitas dicek manual via WhatsApp,Ketersediaan akhir dan payment dilanjutkan manual via WhatsApp,608,2026-07-06,INACTIVE,Source: (Madina Hotel 2026) New Season Far East 15 June 20_260630_175141.pdf | Page: madina_page-19.png | Meal: FB | Source period text: 15 JULY 2026 TO 14 SEP 2026,"Harga, pajak, dan availability final setelah admin cek manual ke hotel/OTA."
MADINAH,STANDARD,Hotel Bara Taibah,,Alharmain PDF 15 Jul - 14 Sep 2026,Triple Room,FB meal plan,2026-07-15,2026-09-14,15 Jul - 14 Sep 2026,per kamar per malam,SAR,410,2,2,1,WiFi/detail fasilitas dicek manual via WhatsApp,Ketersediaan akhir dan payment dilanjutkan manual via WhatsApp,609,2026-07-06,INACTIVE,Source: (Madina Hotel 2026) New Season Far East 15 June 20_260630_175141.pdf | Page: madina_page-19.png | Meal: FB | Source period text: 15 JULY 2026 TO 14 SEP 2026,"Harga, pajak, dan availability final setelah admin cek manual ke hotel/OTA."
MADINAH,STANDARD,Hotel Bara Taibah,,Alharmain PDF 15 Jul - 14 Sep 2026,Quad Room,FB meal plan,2026-07-15,2026-09-14,15 Jul - 14 Sep 2026,per kamar per malam,SAR,450,2,2,1,WiFi/detail fasilitas dicek manual via WhatsApp,Ketersediaan akhir dan payment dilanjutkan manual via WhatsApp,610,2026-07-06,INACTIVE,Source: (Madina Hotel 2026) New Season Far East 15 June 20_260630_175141.pdf | Page: madina_page-19.png | Meal: FB | Source period text: 15 JULY 2026 TO 14 SEP 2026,"Harga, pajak, dan availability final setelah admin cek manual ke hotel/OTA."
MADINAH,STANDARD,Hotel Bara Taibah,,Alharmain PDF 14 Sep - 16 Dec 2026,Double Room,FB meal plan,2026-09-14,2026-12-16,14 Sep - 16 Dec 2026,per kamar per malam,SAR,450,2,2,1,WiFi/detail fasilitas dicek manual via WhatsApp,Ketersediaan akhir dan payment dilanjutkan manual via WhatsApp,611,2026-07-06,INACTIVE,Source: (Madina Hotel 2026) New Season Far East 15 June 20_260630_175141.pdf | Page: madina_page-19.png | Meal: FB | Source period text: 14 SEP 2026 TO 16 DEC 2026,"Harga, pajak, dan availability final setelah admin cek manual ke hotel/OTA."
MADINAH,STANDARD,Hotel Bara Taibah,,Alharmain PDF 14 Sep - 16 Dec 2026,Triple Room,FB meal plan,2026-09-14,2026-12-16,14 Sep - 16 Dec 2026,per kamar per malam,SAR,490,2,2,1,WiFi/detail fasilitas dicek manual via WhatsApp,Ketersediaan akhir dan payment dilanjutkan manual via WhatsApp,612,2026-07-06,INACTIVE,Source: (Madina Hotel 2026) New Season Far East 15 June 20_260630_175141.pdf | Page: madina_page-19.png | Meal: FB | Source period text: 14 SEP 2026 TO 16 DEC 2026,"Harga, pajak, dan availability final setelah admin cek manual ke hotel/OTA."
MADINAH,STANDARD,Hotel Bara Taibah,,Alharmain PDF 14 Sep - 16 Dec 2026,Quad Room,FB meal plan,2026-09-14,2026-12-16,14 Sep - 16 Dec 2026,per kamar per malam,SAR,530,2,2,1,WiFi/detail fasilitas dicek manual via WhatsApp,Ketersediaan akhir dan payment dilanjutkan manual via WhatsApp,613,2026-07-06,INACTIVE,Source: (Madina Hotel 2026) New Season Far East 15 June 20_260630_175141.pdf | Page: madina_page-19.png | Meal: FB | Source period text: 14 SEP 2026 TO 16 DEC 2026,"Harga, pajak, dan availability final setelah admin cek manual ke hotel/OTA."
MADINAH,STANDARD,Hotel Burj Mawaddah,,Alharmain PDF Jul 2026,Double Room,FB meal plan,2026-07-01,2026-07-31,Jul 2026,per kamar per malam,SAR,310,2,2,1,WiFi/detail fasilitas dicek manual via WhatsApp,Ketersediaan akhir dan payment dilanjutkan manual via WhatsApp,614,2026-07-06,INACTIVE,Source: (Madina Hotel 2026) New Season Far East 15 June 20_260630_175141.pdf | Page: madina_page-19.png | Meal: FB | Source period text: JULY 2026,"Harga, pajak, dan availability final setelah admin cek manual ke hotel/OTA."
MADINAH,STANDARD,Hotel Burj Mawaddah,,Alharmain PDF Jul 2026,Triple Room,FB meal plan,2026-07-01,2026-07-31,Jul 2026,per kamar per malam,SAR,355,2,2,1,WiFi/detail fasilitas dicek manual via WhatsApp,Ketersediaan akhir dan payment dilanjutkan manual via WhatsApp,615,2026-07-06,INACTIVE,Source: (Madina Hotel 2026) New Season Far East 15 June 20_260630_175141.pdf | Page: madina_page-19.png | Meal: FB | Source period text: JULY 2026,"Harga, pajak, dan availability final setelah admin cek manual ke hotel/OTA."
MADINAH,STANDARD,Hotel Burj Mawaddah,,Alharmain PDF Jul 2026,Quad Room,FB meal plan,2026-07-01,2026-07-31,Jul 2026,per kamar per malam,SAR,400,2,2,1,WiFi/detail fasilitas dicek manual via WhatsApp,Ketersediaan akhir dan payment dilanjutkan manual via WhatsApp,616,2026-07-06,INACTIVE,Source: (Madina Hotel 2026) New Season Far East 15 June 20_260630_175141.pdf | Page: madina_page-19.png | Meal: FB | Source period text: JULY 2026,"Harga, pajak, dan availability final setelah admin cek manual ke hotel/OTA."
MADINAH,STANDARD,Hotel Al Mokhtara Plaza,,Alharmain PDF 30 Jun - 14 Aug 2026,Double Room,FB meal plan,2026-06-30,2026-08-14,30 Jun - 14 Aug 2026,per kamar per malam,SAR,430,2,2,1,WiFi/detail fasilitas dicek manual via WhatsApp,Ketersediaan akhir dan payment dilanjutkan manual via WhatsApp,617,2026-07-06,INACTIVE,Source: (Madina Hotel 2026) New Season Far East 15 June 20_260630_175141.pdf | Page: madina_page-19.png | Meal: FB | Source period text: 30 JUNE 2026 TO 14 AUGUST 2026,"Harga, pajak, dan availability final setelah admin cek manual ke hotel/OTA."
MADINAH,STANDARD,Hotel Al Mokhtara Plaza,,Alharmain PDF 30 Jun - 14 Aug 2026,Triple Room,FB meal plan,2026-06-30,2026-08-14,30 Jun - 14 Aug 2026,per kamar per malam,SAR,480,2,2,1,WiFi/detail fasilitas dicek manual via WhatsApp,Ketersediaan akhir dan payment dilanjutkan manual via WhatsApp,618,2026-07-06,INACTIVE,Source: (Madina Hotel 2026) New Season Far East 15 June 20_260630_175141.pdf | Page: madina_page-19.png | Meal: FB | Source period text: 30 JUNE 2026 TO 14 AUGUST 2026,"Harga, pajak, dan availability final setelah admin cek manual ke hotel/OTA."
MADINAH,STANDARD,Hotel Al Mokhtara Plaza,,Alharmain PDF 30 Jun - 14 Aug 2026,Quad Room,FB meal plan,2026-06-30,2026-08-14,30 Jun - 14 Aug 2026,per kamar per malam,SAR,530,2,2,1,WiFi/detail fasilitas dicek manual via WhatsApp,Ketersediaan akhir dan payment dilanjutkan manual via WhatsApp,619,2026-07-06,INACTIVE,Source: (Madina Hotel 2026) New Season Far East 15 June 20_260630_175141.pdf | Page: madina_page-19.png | Meal: FB | Source period text: 30 JUNE 2026 TO 14 AUGUST 2026,"Harga, pajak, dan availability final setelah admin cek manual ke hotel/OTA."
MADINAH,STANDARD,Hotel Al Mokhtara Plaza,,Alharmain PDF 30 Jun - 14 Aug 2026,Quint Room,FB meal plan,2026-06-30,2026-08-14,30 Jun - 14 Aug 2026,per kamar per malam,SAR,580,2,2,1,WiFi/detail fasilitas dicek manual via WhatsApp,Ketersediaan akhir dan payment dilanjutkan manual via WhatsApp,620,2026-07-06,INACTIVE,Source: (Madina Hotel 2026) New Season Far East 15 June 20_260630_175141.pdf | Page: madina_page-19.png | Meal: FB | Source period text: 30 JUNE 2026 TO 14 AUGUST 2026,"Harga, pajak, dan availability final setelah admin cek manual ke hotel/OTA."
MADINAH,STANDARD,Hotel Al Mokhtara Plaza,,Alharmain PDF 15 Aug - 20 Sep 2026,Double Room,FB meal plan,2026-08-15,2026-09-20,15 Aug - 20 Sep 2026,per kamar per malam,SAR,460,2,2,1,WiFi/detail fasilitas dicek manual via WhatsApp,Ketersediaan akhir dan payment dilanjutkan manual via WhatsApp,621,2026-07-06,INACTIVE,Source: (Madina Hotel 2026) New Season Far East 15 June 20_260630_175141.pdf | Page: madina_page-19.png | Meal: FB | Source period text: 15 AUGUST 2026 TO 20 SEP 2026,"Harga, pajak, dan availability final setelah admin cek manual ke hotel/OTA."
MADINAH,STANDARD,Hotel Al Mokhtara Plaza,,Alharmain PDF 15 Aug - 20 Sep 2026,Triple Room,FB meal plan,2026-08-15,2026-09-20,15 Aug - 20 Sep 2026,per kamar per malam,SAR,510,2,2,1,WiFi/detail fasilitas dicek manual via WhatsApp,Ketersediaan akhir dan payment dilanjutkan manual via WhatsApp,622,2026-07-06,INACTIVE,Source: (Madina Hotel 2026) New Season Far East 15 June 20_260630_175141.pdf | Page: madina_page-19.png | Meal: FB | Source period text: 15 AUGUST 2026 TO 20 SEP 2026,"Harga, pajak, dan availability final setelah admin cek manual ke hotel/OTA."
MADINAH,STANDARD,Hotel Al Mokhtara Plaza,,Alharmain PDF 15 Aug - 20 Sep 2026,Quad Room,FB meal plan,2026-08-15,2026-09-20,15 Aug - 20 Sep 2026,per kamar per malam,SAR,560,2,2,1,WiFi/detail fasilitas dicek manual via WhatsApp,Ketersediaan akhir dan payment dilanjutkan manual via WhatsApp,623,2026-07-06,INACTIVE,Source: (Madina Hotel 2026) New Season Far East 15 June 20_260630_175141.pdf | Page: madina_page-19.png | Meal: FB | Source period text: 15 AUGUST 2026 TO 20 SEP 2026,"Harga, pajak, dan availability final setelah admin cek manual ke hotel/OTA."
MADINAH,STANDARD,Hotel Al Mokhtara Plaza,,Alharmain PDF 15 Aug - 20 Sep 2026,Quint Room,FB meal plan,2026-08-15,2026-09-20,15 Aug - 20 Sep 2026,per kamar per malam,SAR,610,2,2,1,WiFi/detail fasilitas dicek manual via WhatsApp,Ketersediaan akhir dan payment dilanjutkan manual via WhatsApp,624,2026-07-06,INACTIVE,Source: (Madina Hotel 2026) New Season Far East 15 June 20_260630_175141.pdf | Page: madina_page-19.png | Meal: FB | Source period text: 15 AUGUST 2026 TO 20 SEP 2026,"Harga, pajak, dan availability final setelah admin cek manual ke hotel/OTA."
MADINAH,STANDARD,Hotel Al Mokhtara Plaza,,Alharmain PDF 21 Sep - 8 Dec 2026,Double Room,FB meal plan,2026-09-21,2026-12-08,21 Sep - 8 Dec 2026,per kamar per malam,SAR,490,2,2,1,WiFi/detail fasilitas dicek manual via WhatsApp,Ketersediaan akhir dan payment dilanjutkan manual via WhatsApp,625,2026-07-06,INACTIVE,Source: (Madina Hotel 2026) New Season Far East 15 June 20_260630_175141.pdf | Page: madina_page-19.png | Meal: FB | Source period text: 21 SEP 2026 TO 8 DEC 2026,"Harga, pajak, dan availability final setelah admin cek manual ke hotel/OTA."
MADINAH,STANDARD,Hotel Al Mokhtara Plaza,,Alharmain PDF 21 Sep - 8 Dec 2026,Triple Room,FB meal plan,2026-09-21,2026-12-08,21 Sep - 8 Dec 2026,per kamar per malam,SAR,540,2,2,1,WiFi/detail fasilitas dicek manual via WhatsApp,Ketersediaan akhir dan payment dilanjutkan manual via WhatsApp,626,2026-07-06,INACTIVE,Source: (Madina Hotel 2026) New Season Far East 15 June 20_260630_175141.pdf | Page: madina_page-19.png | Meal: FB | Source period text: 21 SEP 2026 TO 8 DEC 2026,"Harga, pajak, dan availability final setelah admin cek manual ke hotel/OTA."
MADINAH,STANDARD,Hotel Al Mokhtara Plaza,,Alharmain PDF 21 Sep - 8 Dec 2026,Quad Room,FB meal plan,2026-09-21,2026-12-08,21 Sep - 8 Dec 2026,per kamar per malam,SAR,590,2,2,1,WiFi/detail fasilitas dicek manual via WhatsApp,Ketersediaan akhir dan payment dilanjutkan manual via WhatsApp,627,2026-07-06,INACTIVE,Source: (Madina Hotel 2026) New Season Far East 15 June 20_260630_175141.pdf | Page: madina_page-19.png | Meal: FB | Source period text: 21 SEP 2026 TO 8 DEC 2026,"Harga, pajak, dan availability final setelah admin cek manual ke hotel/OTA."
MADINAH,STANDARD,Hotel Al Mokhtara Plaza,,Alharmain PDF 21 Sep - 8 Dec 2026,Quint Room,FB meal plan,2026-09-21,2026-12-08,21 Sep - 8 Dec 2026,per kamar per malam,SAR,640,2,2,1,WiFi/detail fasilitas dicek manual via WhatsApp,Ketersediaan akhir dan payment dilanjutkan manual via WhatsApp,628,2026-07-06,INACTIVE,Source: (Madina Hotel 2026) New Season Far East 15 June 20_260630_175141.pdf | Page: madina_page-19.png | Meal: FB | Source period text: 21 SEP 2026 TO 8 DEC 2026,"Harga, pajak, dan availability final setelah admin cek manual ke hotel/OTA."
MADINAH,STANDARD,Hotel Al Mokhtara Plaza,,Alharmain PDF 9 Dec 2026 - 1 Feb 2027,Double Room,FB meal plan,2026-12-09,2027-02-01,9 Dec 2026 - 1 Feb 2027,per kamar per malam,SAR,630,2,2,1,WiFi/detail fasilitas dicek manual via WhatsApp,Ketersediaan akhir dan payment dilanjutkan manual via WhatsApp,629,2026-07-06,INACTIVE,Source: (Madina Hotel 2026) New Season Far East 15 June 20_260630_175141.pdf | Page: madina_page-19.png | Meal: FB | Source period text: 9 DEC 2026 TO 1 FEB 2027,"Harga, pajak, dan availability final setelah admin cek manual ke hotel/OTA."
MADINAH,STANDARD,Hotel Al Mokhtara Plaza,,Alharmain PDF 9 Dec 2026 - 1 Feb 2027,Triple Room,FB meal plan,2026-12-09,2027-02-01,9 Dec 2026 - 1 Feb 2027,per kamar per malam,SAR,680,2,2,1,WiFi/detail fasilitas dicek manual via WhatsApp,Ketersediaan akhir dan payment dilanjutkan manual via WhatsApp,630,2026-07-06,INACTIVE,Source: (Madina Hotel 2026) New Season Far East 15 June 20_260630_175141.pdf | Page: madina_page-19.png | Meal: FB | Source period text: 9 DEC 2026 TO 1 FEB 2027,"Harga, pajak, dan availability final setelah admin cek manual ke hotel/OTA."
MADINAH,STANDARD,Hotel Al Mokhtara Plaza,,Alharmain PDF 9 Dec 2026 - 1 Feb 2027,Quad Room,FB meal plan,2026-12-09,2027-02-01,9 Dec 2026 - 1 Feb 2027,per kamar per malam,SAR,730,2,2,1,WiFi/detail fasilitas dicek manual via WhatsApp,Ketersediaan akhir dan payment dilanjutkan manual via WhatsApp,631,2026-07-06,INACTIVE,Source: (Madina Hotel 2026) New Season Far East 15 June 20_260630_175141.pdf | Page: madina_page-19.png | Meal: FB | Source period text: 9 DEC 2026 TO 1 FEB 2027,"Harga, pajak, dan availability final setelah admin cek manual ke hotel/OTA."
MADINAH,STANDARD,Hotel Al Mokhtara Plaza,,Alharmain PDF 9 Dec 2026 - 1 Feb 2027,Quint Room,FB meal plan,2026-12-09,2027-02-01,9 Dec 2026 - 1 Feb 2027,per kamar per malam,SAR,780,2,2,1,WiFi/detail fasilitas dicek manual via WhatsApp,Ketersediaan akhir dan payment dilanjutkan manual via WhatsApp,632,2026-07-06,INACTIVE,Source: (Madina Hotel 2026) New Season Far East 15 June 20_260630_175141.pdf | Page: madina_page-19.png | Meal: FB | Source period text: 9 DEC 2026 TO 1 FEB 2027,"Harga, pajak, dan availability final setelah admin cek manual ke hotel/OTA."
MADINAH,STANDARD,Hotel Sanabel Al Madina,,Alharmain PDF Jul 2026,Double Room,FB meal plan,2026-07-01,2026-07-31,Jul 2026,per kamar per malam,SAR,550,2,2,1,WiFi/detail fasilitas dicek manual via WhatsApp,Ketersediaan akhir dan payment dilanjutkan manual via WhatsApp,633,2026-07-06,INACTIVE,Source: (Madina Hotel 2026) New Season Far East 15 June 20_260630_175141.pdf | Page: madina_page-19.png | Meal: FB | Source period text: 1 JULY 2026 TO 31 JULY 2026,"Harga, pajak, dan availability final setelah admin cek manual ke hotel/OTA."
MADINAH,STANDARD,Hotel Sanabel Al Madina,,Alharmain PDF Jul 2026,Triple Room,FB meal plan,2026-07-01,2026-07-31,Jul 2026,per kamar per malam,SAR,630,2,2,1,WiFi/detail fasilitas dicek manual via WhatsApp,Ketersediaan akhir dan payment dilanjutkan manual via WhatsApp,634,2026-07-06,INACTIVE,Source: (Madina Hotel 2026) New Season Far East 15 June 20_260630_175141.pdf | Page: madina_page-19.png | Meal: FB | Source period text: 1 JULY 2026 TO 31 JULY 2026,"Harga, pajak, dan availability final setelah admin cek manual ke hotel/OTA."
MADINAH,STANDARD,Hotel Sanabel Al Madina,,Alharmain PDF Jul 2026,Quad Room,FB meal plan,2026-07-01,2026-07-31,Jul 2026,per kamar per malam,SAR,700,2,2,1,WiFi/detail fasilitas dicek manual via WhatsApp,Ketersediaan akhir dan payment dilanjutkan manual via WhatsApp,635,2026-07-06,INACTIVE,Source: (Madina Hotel 2026) New Season Far East 15 June 20_260630_175141.pdf | Page: madina_page-19.png | Meal: FB | Source period text: 1 JULY 2026 TO 31 JULY 2026,"Harga, pajak, dan availability final setelah admin cek manual ke hotel/OTA."
MADINAH,STANDARD,Hotel Sanabel Al Madina,,Alharmain PDF 1 Aug - 30 Aug 2026,Double Room,FB meal plan,2026-08-01,2026-08-30,1 Aug - 30 Aug 2026,per kamar per malam,SAR,570,2,2,1,WiFi/detail fasilitas dicek manual via WhatsApp,Ketersediaan akhir dan payment dilanjutkan manual via WhatsApp,636,2026-07-06,INACTIVE,Source: (Madina Hotel 2026) New Season Far East 15 June 20_260630_175141.pdf | Page: madina_page-19.png | Meal: FB | Source period text: 1 AUGUST 2026 TO 30 AUGUST 2026,"Harga, pajak, dan availability final setelah admin cek manual ke hotel/OTA."
MADINAH,STANDARD,Hotel Sanabel Al Madina,,Alharmain PDF 1 Aug - 30 Aug 2026,Triple Room,FB meal plan,2026-08-01,2026-08-30,1 Aug - 30 Aug 2026,per kamar per malam,SAR,650,2,2,1,WiFi/detail fasilitas dicek manual via WhatsApp,Ketersediaan akhir dan payment dilanjutkan manual via WhatsApp,637,2026-07-06,INACTIVE,Source: (Madina Hotel 2026) New Season Far East 15 June 20_260630_175141.pdf | Page: madina_page-19.png | Meal: FB | Source period text: 1 AUGUST 2026 TO 30 AUGUST 2026,"Harga, pajak, dan availability final setelah admin cek manual ke hotel/OTA."
MADINAH,STANDARD,Hotel Sanabel Al Madina,,Alharmain PDF 1 Aug - 30 Aug 2026,Quad Room,FB meal plan,2026-08-01,2026-08-30,1 Aug - 30 Aug 2026,per kamar per malam,SAR,730,2,2,1,WiFi/detail fasilitas dicek manual via WhatsApp,Ketersediaan akhir dan payment dilanjutkan manual via WhatsApp,638,2026-07-06,INACTIVE,Source: (Madina Hotel 2026) New Season Far East 15 June 20_260630_175141.pdf | Page: madina_page-19.png | Meal: FB | Source period text: 1 AUGUST 2026 TO 30 AUGUST 2026,"Harga, pajak, dan availability final setelah admin cek manual ke hotel/OTA."
MADINAH,STANDARD,Hotel Kayan International,,Alharmain PDF 1 Jul - 1 Sep 2026,Double Room,FB meal plan,2026-07-01,2026-09-01,1 Jul - 1 Sep 2026,per kamar per malam,SAR,460,2,2,1,WiFi/detail fasilitas dicek manual via WhatsApp,Ketersediaan akhir dan payment dilanjutkan manual via WhatsApp,639,2026-07-06,INACTIVE,Source: (Madina Hotel 2026) New Season Far East 15 June 20_260630_175141.pdf | Page: madina_page-20.png | Meal: FB | HOTEL KAYAN INTERNATIONAL | Source period text: 1 JULY 2026 TO 1 SEP 2026,"Harga, pajak, dan availability final setelah admin cek manual ke hotel/OTA."
MADINAH,STANDARD,Hotel Kayan International,,Alharmain PDF 1 Jul - 1 Sep 2026,Triple Room,FB meal plan,2026-07-01,2026-09-01,1 Jul - 1 Sep 2026,per kamar per malam,SAR,505,2,2,1,WiFi/detail fasilitas dicek manual via WhatsApp,Ketersediaan akhir dan payment dilanjutkan manual via WhatsApp,640,2026-07-06,INACTIVE,Source: (Madina Hotel 2026) New Season Far East 15 June 20_260630_175141.pdf | Page: madina_page-20.png | Meal: FB | HOTEL KAYAN INTERNATIONAL | Source period text: 1 JULY 2026 TO 1 SEP 2026,"Harga, pajak, dan availability final setelah admin cek manual ke hotel/OTA."
MADINAH,STANDARD,Hotel Kayan International,,Alharmain PDF 1 Jul - 1 Sep 2026,Quad Room,FB meal plan,2026-07-01,2026-09-01,1 Jul - 1 Sep 2026,per kamar per malam,SAR,550,2,2,1,WiFi/detail fasilitas dicek manual via WhatsApp,Ketersediaan akhir dan payment dilanjutkan manual via WhatsApp,641,2026-07-06,INACTIVE,Source: (Madina Hotel 2026) New Season Far East 15 June 20_260630_175141.pdf | Page: madina_page-20.png | Meal: FB | HOTEL KAYAN INTERNATIONAL | Source period text: 1 JULY 2026 TO 1 SEP 2026,"Harga, pajak, dan availability final setelah admin cek manual ke hotel/OTA."
MADINAH,STANDARD,Hotel Wardat Al Rayan,,Alharmain PDF 1 Jul - 1 Sep 2026,Double Room,FB meal plan,2026-07-01,2026-09-01,1 Jul - 1 Sep 2026,per kamar per malam,SAR,430,2,2,1,WiFi/detail fasilitas dicek manual via WhatsApp,Ketersediaan akhir dan payment dilanjutkan manual via WhatsApp,642,2026-07-06,INACTIVE,Source: (Madina Hotel 2026) New Season Far East 15 June 20_260630_175141.pdf | Page: madina_page-20.png | Meal: FB | Source period text: 1 JULY 2026 TO 1 SEP 2026,"Harga, pajak, dan availability final setelah admin cek manual ke hotel/OTA."
MADINAH,STANDARD,Hotel Wardat Al Rayan,,Alharmain PDF 1 Jul - 1 Sep 2026,Triple Room,FB meal plan,2026-07-01,2026-09-01,1 Jul - 1 Sep 2026,per kamar per malam,SAR,475,2,2,1,WiFi/detail fasilitas dicek manual via WhatsApp,Ketersediaan akhir dan payment dilanjutkan manual via WhatsApp,643,2026-07-06,INACTIVE,Source: (Madina Hotel 2026) New Season Far East 15 June 20_260630_175141.pdf | Page: madina_page-20.png | Meal: FB | Source period text: 1 JULY 2026 TO 1 SEP 2026,"Harga, pajak, dan availability final setelah admin cek manual ke hotel/OTA."
MADINAH,STANDARD,Hotel Wardat Al Rayan,,Alharmain PDF 1 Jul - 1 Sep 2026,Quad Room,FB meal plan,2026-07-01,2026-09-01,1 Jul - 1 Sep 2026,per kamar per malam,SAR,520,2,2,1,WiFi/detail fasilitas dicek manual via WhatsApp,Ketersediaan akhir dan payment dilanjutkan manual via WhatsApp,644,2026-07-06,INACTIVE,Source: (Madina Hotel 2026) New Season Far East 15 June 20_260630_175141.pdf | Page: madina_page-20.png | Meal: FB | Source period text: 1 JULY 2026 TO 1 SEP 2026,"Harga, pajak, dan availability final setelah admin cek manual ke hotel/OTA."
MADINAH,STANDARD,Hotel Wardat Saadah,,Alharmain PDF 1 Jul - 1 Sep 2026,Double Room,FB meal plan,2026-07-01,2026-09-01,1 Jul - 1 Sep 2026,per kamar per malam,SAR,420,2,2,1,WiFi/detail fasilitas dicek manual via WhatsApp,Ketersediaan akhir dan payment dilanjutkan manual via WhatsApp,645,2026-07-06,INACTIVE,Source: (Madina Hotel 2026) New Season Far East 15 June 20_260630_175141.pdf | Page: madina_page-20.png | Meal: FB | Source period text: 1 JULY 2026 TO 1 SEP 2026,"Harga, pajak, dan availability final setelah admin cek manual ke hotel/OTA."
MADINAH,STANDARD,Hotel Wardat Saadah,,Alharmain PDF 1 Jul - 1 Sep 2026,Triple Room,FB meal plan,2026-07-01,2026-09-01,1 Jul - 1 Sep 2026,per kamar per malam,SAR,465,2,2,1,WiFi/detail fasilitas dicek manual via WhatsApp,Ketersediaan akhir dan payment dilanjutkan manual via WhatsApp,646,2026-07-06,INACTIVE,Source: (Madina Hotel 2026) New Season Far East 15 June 20_260630_175141.pdf | Page: madina_page-20.png | Meal: FB | Source period text: 1 JULY 2026 TO 1 SEP 2026,"Harga, pajak, dan availability final setelah admin cek manual ke hotel/OTA."
MADINAH,STANDARD,Hotel Wardat Saadah,,Alharmain PDF 1 Jul - 1 Sep 2026,Quad Room,FB meal plan,2026-07-01,2026-09-01,1 Jul - 1 Sep 2026,per kamar per malam,SAR,510,2,2,1,WiFi/detail fasilitas dicek manual via WhatsApp,Ketersediaan akhir dan payment dilanjutkan manual via WhatsApp,647,2026-07-06,INACTIVE,Source: (Madina Hotel 2026) New Season Far East 15 June 20_260630_175141.pdf | Page: madina_page-20.png | Meal: FB | Source period text: 1 JULY 2026 TO 1 SEP 2026,"Harga, pajak, dan availability final setelah admin cek manual ke hotel/OTA."
MADINAH,STANDARD,Hotel Jawharat Al Rasheed,,Alharmain PDF Jun-Jul 2026,Double Room,FB meal plan,2026-06-01,2026-07-31,Jun-Jul 2026,per kamar per malam,SAR,360,2,2,1,WiFi/detail fasilitas dicek manual via WhatsApp,Ketersediaan akhir dan payment dilanjutkan manual via WhatsApp,648,2026-07-06,INACTIVE,Source: (Madina Hotel 2026) New Season Far East 15 June 20_260630_175141.pdf | Page: madina_page-20.png | Meal: FB | Source period text: JUNE 2026 TO JULY 2026,"Harga, pajak, dan availability final setelah admin cek manual ke hotel/OTA."
MADINAH,STANDARD,Hotel Jawharat Al Rasheed,,Alharmain PDF Jun-Jul 2026,Triple Room,FB meal plan,2026-06-01,2026-07-31,Jun-Jul 2026,per kamar per malam,SAR,405,2,2,1,WiFi/detail fasilitas dicek manual via WhatsApp,Ketersediaan akhir dan payment dilanjutkan manual via WhatsApp,649,2026-07-06,INACTIVE,Source: (Madina Hotel 2026) New Season Far East 15 June 20_260630_175141.pdf | Page: madina_page-20.png | Meal: FB | Source period text: JUNE 2026 TO JULY 2026,"Harga, pajak, dan availability final setelah admin cek manual ke hotel/OTA."
MADINAH,STANDARD,Hotel Jawharat Al Rasheed,,Alharmain PDF Jun-Jul 2026,Quad Room,FB meal plan,2026-06-01,2026-07-31,Jun-Jul 2026,per kamar per malam,SAR,450,2,2,1,WiFi/detail fasilitas dicek manual via WhatsApp,Ketersediaan akhir dan payment dilanjutkan manual via WhatsApp,650,2026-07-06,INACTIVE,Source: (Madina Hotel 2026) New Season Far East 15 June 20_260630_175141.pdf | Page: madina_page-20.png | Meal: FB | Source period text: JUNE 2026 TO JULY 2026,"Harga, pajak, dan availability final setelah admin cek manual ke hotel/OTA."
MADINAH,STANDARD,Hotel Mirage Salam,,Alharmain PDF 2 Jul - 15 Aug 2026,Double Room,FB meal plan,2026-07-02,2026-08-15,2 Jul - 15 Aug 2026,per kamar per malam,SAR,470,2,2,1,WiFi/detail fasilitas dicek manual via WhatsApp,Ketersediaan akhir dan payment dilanjutkan manual via WhatsApp,651,2026-07-06,INACTIVE,Source: (Madina Hotel 2026) New Season Far East 15 June 20_260630_175141.pdf | Page: madina_page-20.png | Meal: FB | Source period text: 2 JULY 2026 TO 15 AUGUST 2026,"Harga, pajak, dan availability final setelah admin cek manual ke hotel/OTA."
MADINAH,STANDARD,Hotel Mirage Salam,,Alharmain PDF 2 Jul - 15 Aug 2026,Triple Room,FB meal plan,2026-07-02,2026-08-15,2 Jul - 15 Aug 2026,per kamar per malam,SAR,515,2,2,1,WiFi/detail fasilitas dicek manual via WhatsApp,Ketersediaan akhir dan payment dilanjutkan manual via WhatsApp,652,2026-07-06,INACTIVE,Source: (Madina Hotel 2026) New Season Far East 15 June 20_260630_175141.pdf | Page: madina_page-20.png | Meal: FB | Source period text: 2 JULY 2026 TO 15 AUGUST 2026,"Harga, pajak, dan availability final setelah admin cek manual ke hotel/OTA."
MADINAH,STANDARD,Hotel Mirage Salam,,Alharmain PDF 2 Jul - 15 Aug 2026,Quad Room,FB meal plan,2026-07-02,2026-08-15,2 Jul - 15 Aug 2026,per kamar per malam,SAR,560,2,2,1,WiFi/detail fasilitas dicek manual via WhatsApp,Ketersediaan akhir dan payment dilanjutkan manual via WhatsApp,653,2026-07-06,INACTIVE,Source: (Madina Hotel 2026) New Season Far East 15 June 20_260630_175141.pdf | Page: madina_page-20.png | Meal: FB | Source period text: 2 JULY 2026 TO 15 AUGUST 2026,"Harga, pajak, dan availability final setelah admin cek manual ke hotel/OTA."
MADINAH,STANDARD,Hotel Mirage Salam,,Alharmain PDF 2 Jul - 15 Aug 2026,Quint Room,FB meal plan,2026-07-02,2026-08-15,2 Jul - 15 Aug 2026,per kamar per malam,SAR,605,2,2,1,WiFi/detail fasilitas dicek manual via WhatsApp,Ketersediaan akhir dan payment dilanjutkan manual via WhatsApp,654,2026-07-06,INACTIVE,Source: (Madina Hotel 2026) New Season Far East 15 June 20_260630_175141.pdf | Page: madina_page-20.png | Meal: FB | Source period text: 2 JULY 2026 TO 15 AUGUST 2026,"Harga, pajak, dan availability final setelah admin cek manual ke hotel/OTA."
MADINAH,STANDARD,Hotel Mirage Salam,,Alharmain PDF Aug 2026,Double Room,FB meal plan,2026-08-01,2026-08-31,Aug 2026,per kamar per malam,SAR,520,2,2,1,WiFi/detail fasilitas dicek manual via WhatsApp,Ketersediaan akhir dan payment dilanjutkan manual via WhatsApp,655,2026-07-06,INACTIVE,Source: (Madina Hotel 2026) New Season Far East 15 June 20_260630_175141.pdf | Page: madina_page-20.png | Meal: FB | Source period text: 16 AUGUST 2026 TO,"Harga, pajak, dan availability final setelah admin cek manual ke hotel/OTA."
MADINAH,STANDARD,Hotel Mirage Salam,,Alharmain PDF Aug 2026,Triple Room,FB meal plan,2026-08-01,2026-08-31,Aug 2026,per kamar per malam,SAR,565,2,2,1,WiFi/detail fasilitas dicek manual via WhatsApp,Ketersediaan akhir dan payment dilanjutkan manual via WhatsApp,656,2026-07-06,INACTIVE,Source: (Madina Hotel 2026) New Season Far East 15 June 20_260630_175141.pdf | Page: madina_page-20.png | Meal: FB | Source period text: 16 AUGUST 2026 TO,"Harga, pajak, dan availability final setelah admin cek manual ke hotel/OTA."
MADINAH,STANDARD,Hotel Mirage Salam,,Alharmain PDF Aug 2026,Quad Room,FB meal plan,2026-08-01,2026-08-31,Aug 2026,per kamar per malam,SAR,610,2,2,1,WiFi/detail fasilitas dicek manual via WhatsApp,Ketersediaan akhir dan payment dilanjutkan manual via WhatsApp,657,2026-07-06,INACTIVE,Source: (Madina Hotel 2026) New Season Far East 15 June 20_260630_175141.pdf | Page: madina_page-20.png | Meal: FB | Source period text: 16 AUGUST 2026 TO,"Harga, pajak, dan availability final setelah admin cek manual ke hotel/OTA."
MADINAH,STANDARD,Hotel Mirage Salam,,Alharmain PDF Aug 2026,Quint Room,FB meal plan,2026-08-01,2026-08-31,Aug 2026,per kamar per malam,SAR,655,2,2,1,WiFi/detail fasilitas dicek manual via WhatsApp,Ketersediaan akhir dan payment dilanjutkan manual via WhatsApp,658,2026-07-06,INACTIVE,Source: (Madina Hotel 2026) New Season Far East 15 June 20_260630_175141.pdf | Page: madina_page-20.png | Meal: FB | Source period text: 16 AUGUST 2026 TO,"Harga, pajak, dan availability final setelah admin cek manual ke hotel/OTA."
MADINAH,STANDARD,Hotel Rose Holiday 12,,Alharmain PDF Jul 2026,Double Room,FB meal plan,2026-07-01,2026-07-31,Jul 2026,per kamar per malam,SAR,330,2,2,1,WiFi/detail fasilitas dicek manual via WhatsApp,Ketersediaan akhir dan payment dilanjutkan manual via WhatsApp,659,2026-07-06,INACTIVE,Source: (Madina Hotel 2026) New Season Far East 15 June 20_260630_175141.pdf | Page: madina_page-20.png | Meal: FB | Source period text: JULY 2026,"Harga, pajak, dan availability final setelah admin cek manual ke hotel/OTA."
MADINAH,STANDARD,Hotel Rose Holiday 12,,Alharmain PDF Jul 2026,Triple Room,FB meal plan,2026-07-01,2026-07-31,Jul 2026,per kamar per malam,SAR,375,2,2,1,WiFi/detail fasilitas dicek manual via WhatsApp,Ketersediaan akhir dan payment dilanjutkan manual via WhatsApp,660,2026-07-06,INACTIVE,Source: (Madina Hotel 2026) New Season Far East 15 June 20_260630_175141.pdf | Page: madina_page-20.png | Meal: FB | Source period text: JULY 2026,"Harga, pajak, dan availability final setelah admin cek manual ke hotel/OTA."
MADINAH,STANDARD,Hotel Rose Holiday 12,,Alharmain PDF Jul 2026,Quad Room,FB meal plan,2026-07-01,2026-07-31,Jul 2026,per kamar per malam,SAR,420,2,2,1,WiFi/detail fasilitas dicek manual via WhatsApp,Ketersediaan akhir dan payment dilanjutkan manual via WhatsApp,661,2026-07-06,INACTIVE,Source: (Madina Hotel 2026) New Season Far East 15 June 20_260630_175141.pdf | Page: madina_page-20.png | Meal: FB | Source period text: JULY 2026,"Harga, pajak, dan availability final setelah admin cek manual ke hotel/OTA."
MADINAH,STANDARD,Hotel Rose Holiday 13,,Alharmain PDF Jul 2026,Double Room,FB meal plan,2026-07-01,2026-07-31,Jul 2026,per kamar per malam,SAR,360,2,2,1,WiFi/detail fasilitas dicek manual via WhatsApp,Ketersediaan akhir dan payment dilanjutkan manual via WhatsApp,662,2026-07-06,INACTIVE,Source: (Madina Hotel 2026) New Season Far East 15 June 20_260630_175141.pdf | Page: madina_page-20.png | Meal: FB | Source period text: JULY 2026,"Harga, pajak, dan availability final setelah admin cek manual ke hotel/OTA."
MADINAH,STANDARD,Hotel Rose Holiday 13,,Alharmain PDF Jul 2026,Triple Room,FB meal plan,2026-07-01,2026-07-31,Jul 2026,per kamar per malam,SAR,405,2,2,1,WiFi/detail fasilitas dicek manual via WhatsApp,Ketersediaan akhir dan payment dilanjutkan manual via WhatsApp,663,2026-07-06,INACTIVE,Source: (Madina Hotel 2026) New Season Far East 15 June 20_260630_175141.pdf | Page: madina_page-20.png | Meal: FB | Source period text: JULY 2026,"Harga, pajak, dan availability final setelah admin cek manual ke hotel/OTA."
MADINAH,STANDARD,Hotel Rose Holiday 13,,Alharmain PDF Jul 2026,Quad Room,FB meal plan,2026-07-01,2026-07-31,Jul 2026,per kamar per malam,SAR,450,2,2,1,WiFi/detail fasilitas dicek manual via WhatsApp,Ketersediaan akhir dan payment dilanjutkan manual via WhatsApp,664,2026-07-06,INACTIVE,Source: (Madina Hotel 2026) New Season Far East 15 June 20_260630_175141.pdf | Page: madina_page-20.png | Meal: FB | Source period text: JULY 2026,"Harga, pajak, dan availability final setelah admin cek manual ke hotel/OTA."
MADINAH,STANDARD,Hotel Swiss International,,Alharmain PDF 30 Jun - 19 Aug 2026,Double Room,FB meal plan,2026-06-30,2026-08-19,30 Jun - 19 Aug 2026,per kamar per malam,SAR,480,2,2,1,WiFi/detail fasilitas dicek manual via WhatsApp,Ketersediaan akhir dan payment dilanjutkan manual via WhatsApp,665,2026-07-06,INACTIVE,Source: (Madina Hotel 2026) New Season Far East 15 June 20_260630_175141.pdf | Page: madina_page-20.png | Meal: FB | HOTEL SWISS INTERNATIONAL | Source period text: 30 JUNE 2026 TO 19 AUGUST 2026,"Harga, pajak, dan availability final setelah admin cek manual ke hotel/OTA."
MADINAH,STANDARD,Hotel Swiss International,,Alharmain PDF 30 Jun - 19 Aug 2026,Triple Room,FB meal plan,2026-06-30,2026-08-19,30 Jun - 19 Aug 2026,per kamar per malam,SAR,530,2,2,1,WiFi/detail fasilitas dicek manual via WhatsApp,Ketersediaan akhir dan payment dilanjutkan manual via WhatsApp,666,2026-07-06,INACTIVE,Source: (Madina Hotel 2026) New Season Far East 15 June 20_260630_175141.pdf | Page: madina_page-20.png | Meal: FB | HOTEL SWISS INTERNATIONAL | Source period text: 30 JUNE 2026 TO 19 AUGUST 2026,"Harga, pajak, dan availability final setelah admin cek manual ke hotel/OTA."
MADINAH,STANDARD,Hotel Swiss International,,Alharmain PDF 30 Jun - 19 Aug 2026,Quad Room,FB meal plan,2026-06-30,2026-08-19,30 Jun - 19 Aug 2026,per kamar per malam,SAR,580,2,2,1,WiFi/detail fasilitas dicek manual via WhatsApp,Ketersediaan akhir dan payment dilanjutkan manual via WhatsApp,667,2026-07-06,INACTIVE,Source: (Madina Hotel 2026) New Season Far East 15 June 20_260630_175141.pdf | Page: madina_page-20.png | Meal: FB | HOTEL SWISS INTERNATIONAL | Source period text: 30 JUNE 2026 TO 19 AUGUST 2026,"Harga, pajak, dan availability final setelah admin cek manual ke hotel/OTA."
MADINAH,STANDARD,Hotel Swiss International,,Alharmain PDF 19 Aug - 21 Oct 2026,Double Room,FB meal plan,2026-08-19,2026-10-21,19 Aug - 21 Oct 2026,per kamar per malam,SAR,530,2,2,1,WiFi/detail fasilitas dicek manual via WhatsApp,Ketersediaan akhir dan payment dilanjutkan manual via WhatsApp,668,2026-07-06,INACTIVE,Source: (Madina Hotel 2026) New Season Far East 15 June 20_260630_175141.pdf | Page: madina_page-20.png | Meal: FB | HOTEL SWISS INTERNATIONAL | Source period text: 19 AUGUST 2026 TO 21 OCT 2026,"Harga, pajak, dan availability final setelah admin cek manual ke hotel/OTA."
MADINAH,STANDARD,Hotel Swiss International,,Alharmain PDF 19 Aug - 21 Oct 2026,Triple Room,FB meal plan,2026-08-19,2026-10-21,19 Aug - 21 Oct 2026,per kamar per malam,SAR,580,2,2,1,WiFi/detail fasilitas dicek manual via WhatsApp,Ketersediaan akhir dan payment dilanjutkan manual via WhatsApp,669,2026-07-06,INACTIVE,Source: (Madina Hotel 2026) New Season Far East 15 June 20_260630_175141.pdf | Page: madina_page-20.png | Meal: FB | HOTEL SWISS INTERNATIONAL | Source period text: 19 AUGUST 2026 TO 21 OCT 2026,"Harga, pajak, dan availability final setelah admin cek manual ke hotel/OTA."
MADINAH,STANDARD,Hotel Swiss International,,Alharmain PDF 19 Aug - 21 Oct 2026,Quad Room,FB meal plan,2026-08-19,2026-10-21,19 Aug - 21 Oct 2026,per kamar per malam,SAR,630,2,2,1,WiFi/detail fasilitas dicek manual via WhatsApp,Ketersediaan akhir dan payment dilanjutkan manual via WhatsApp,670,2026-07-06,INACTIVE,Source: (Madina Hotel 2026) New Season Far East 15 June 20_260630_175141.pdf | Page: madina_page-20.png | Meal: FB | HOTEL SWISS INTERNATIONAL | Source period text: 19 AUGUST 2026 TO 21 OCT 2026,"Harga, pajak, dan availability final setelah admin cek manual ke hotel/OTA."
MADINAH,STANDARD,Hotel Manazel Al Taqwa,,Alharmain PDF 30 Jun - 14 Aug 2026,Double Room,FB meal plan,2026-06-30,2026-08-14,30 Jun - 14 Aug 2026,per kamar per malam,SAR,430,2,2,1,WiFi/detail fasilitas dicek manual via WhatsApp,Ketersediaan akhir dan payment dilanjutkan manual via WhatsApp,671,2026-07-06,INACTIVE,Source: (Madina Hotel 2026) New Season Far East 15 June 20_260630_175141.pdf | Page: madina_page-21.png | Meal: FB | Source period text: 30 JUNE 2026 TO 14 AUGUST 2026,"Harga, pajak, dan availability final setelah admin cek manual ke hotel/OTA."
MADINAH,STANDARD,Hotel Manazel Al Taqwa,,Alharmain PDF 30 Jun - 14 Aug 2026,Triple Room,FB meal plan,2026-06-30,2026-08-14,30 Jun - 14 Aug 2026,per kamar per malam,SAR,480,2,2,1,WiFi/detail fasilitas dicek manual via WhatsApp,Ketersediaan akhir dan payment dilanjutkan manual via WhatsApp,672,2026-07-06,INACTIVE,Source: (Madina Hotel 2026) New Season Far East 15 June 20_260630_175141.pdf | Page: madina_page-21.png | Meal: FB | Source period text: 30 JUNE 2026 TO 14 AUGUST 2026,"Harga, pajak, dan availability final setelah admin cek manual ke hotel/OTA."
MADINAH,STANDARD,Hotel Manazel Al Taqwa,,Alharmain PDF 30 Jun - 14 Aug 2026,Quad Room,FB meal plan,2026-06-30,2026-08-14,30 Jun - 14 Aug 2026,per kamar per malam,SAR,530,2,2,1,WiFi/detail fasilitas dicek manual via WhatsApp,Ketersediaan akhir dan payment dilanjutkan manual via WhatsApp,673,2026-07-06,INACTIVE,Source: (Madina Hotel 2026) New Season Far East 15 June 20_260630_175141.pdf | Page: madina_page-21.png | Meal: FB | Source period text: 30 JUNE 2026 TO 14 AUGUST 2026,"Harga, pajak, dan availability final setelah admin cek manual ke hotel/OTA."
MADINAH,STANDARD,Hotel Manazel Al Taqwa,,Alharmain PDF 14 Aug - 11 Oct 2026,Double Room,FB meal plan,2026-08-14,2026-10-11,14 Aug - 11 Oct 2026,per kamar per malam,SAR,580,2,2,1,WiFi/detail fasilitas dicek manual via WhatsApp,Ketersediaan akhir dan payment dilanjutkan manual via WhatsApp,674,2026-07-06,INACTIVE,Source: (Madina Hotel 2026) New Season Far East 15 June 20_260630_175141.pdf | Page: madina_page-21.png | Meal: FB | Source period text: 14 AUGUST 2026 TO 11 OCT 2026,"Harga, pajak, dan availability final setelah admin cek manual ke hotel/OTA."
MADINAH,STANDARD,Hotel Manazel Al Taqwa,,Alharmain PDF 14 Aug - 11 Oct 2026,Triple Room,FB meal plan,2026-08-14,2026-10-11,14 Aug - 11 Oct 2026,per kamar per malam,SAR,630,2,2,1,WiFi/detail fasilitas dicek manual via WhatsApp,Ketersediaan akhir dan payment dilanjutkan manual via WhatsApp,675,2026-07-06,INACTIVE,Source: (Madina Hotel 2026) New Season Far East 15 June 20_260630_175141.pdf | Page: madina_page-21.png | Meal: FB | Source period text: 14 AUGUST 2026 TO 11 OCT 2026,"Harga, pajak, dan availability final setelah admin cek manual ke hotel/OTA."
MADINAH,STANDARD,Hotel Manazel Al Taqwa,,Alharmain PDF 14 Aug - 11 Oct 2026,Quad Room,FB meal plan,2026-08-14,2026-10-11,14 Aug - 11 Oct 2026,per kamar per malam,SAR,680,2,2,1,WiFi/detail fasilitas dicek manual via WhatsApp,Ketersediaan akhir dan payment dilanjutkan manual via WhatsApp,676,2026-07-06,INACTIVE,Source: (Madina Hotel 2026) New Season Far East 15 June 20_260630_175141.pdf | Page: madina_page-21.png | Meal: FB | Source period text: 14 AUGUST 2026 TO 11 OCT 2026,"Harga, pajak, dan availability final setelah admin cek manual ke hotel/OTA."
MADINAH,STANDARD,Hotel Manazel Al Taqwa,,Alharmain PDF Dec 2026,Double Room,FB meal plan,2026-12-01,2026-12-31,Dec 2026,per kamar per malam,SAR,630,2,2,1,WiFi/detail fasilitas dicek manual via WhatsApp,Ketersediaan akhir dan payment dilanjutkan manual via WhatsApp,677,2026-07-06,INACTIVE,Source: (Madina Hotel 2026) New Season Far East 15 June 20_260630_175141.pdf | Page: madina_page-21.png | Meal: FB | Source period text: 1 DEC 2026,"Harga, pajak, dan availability final setelah admin cek manual ke hotel/OTA."
MADINAH,STANDARD,Hotel Manazel Al Taqwa,,Alharmain PDF Dec 2026,Triple Room,FB meal plan,2026-12-01,2026-12-31,Dec 2026,per kamar per malam,SAR,680,2,2,1,WiFi/detail fasilitas dicek manual via WhatsApp,Ketersediaan akhir dan payment dilanjutkan manual via WhatsApp,678,2026-07-06,INACTIVE,Source: (Madina Hotel 2026) New Season Far East 15 June 20_260630_175141.pdf | Page: madina_page-21.png | Meal: FB | Source period text: 1 DEC 2026,"Harga, pajak, dan availability final setelah admin cek manual ke hotel/OTA."
MADINAH,STANDARD,Hotel Manazel Al Taqwa,,Alharmain PDF Dec 2026,Quad Room,FB meal plan,2026-12-01,2026-12-31,Dec 2026,per kamar per malam,SAR,730,2,2,1,WiFi/detail fasilitas dicek manual via WhatsApp,Ketersediaan akhir dan payment dilanjutkan manual via WhatsApp,679,2026-07-06,INACTIVE,Source: (Madina Hotel 2026) New Season Far East 15 June 20_260630_175141.pdf | Page: madina_page-21.png | Meal: FB | Source period text: 1 DEC 2026,"Harga, pajak, dan availability final setelah admin cek manual ke hotel/OTA."
MADINAH,STANDARD,Hotel Manazel Al Taqwa,,Alharmain PDF 1 Dec 2026 - 2 Feb 2027,Double Room,FB meal plan,2026-12-01,2027-02-02,1 Dec 2026 - 2 Feb 2027,per kamar per malam,SAR,780,2,2,1,WiFi/detail fasilitas dicek manual via WhatsApp,Ketersediaan akhir dan payment dilanjutkan manual via WhatsApp,680,2026-07-06,INACTIVE,Source: (Madina Hotel 2026) New Season Far East 15 June 20_260630_175141.pdf | Page: madina_page-21.png | Meal: FB | Source period text: 1 DEC 2026 TO 2 FEB 2027,"Harga, pajak, dan availability final setelah admin cek manual ke hotel/OTA."
MADINAH,STANDARD,Hotel Manazel Al Taqwa,,Alharmain PDF 1 Dec 2026 - 2 Feb 2027,Triple Room,FB meal plan,2026-12-01,2027-02-02,1 Dec 2026 - 2 Feb 2027,per kamar per malam,SAR,830,2,2,1,WiFi/detail fasilitas dicek manual via WhatsApp,Ketersediaan akhir dan payment dilanjutkan manual via WhatsApp,681,2026-07-06,INACTIVE,Source: (Madina Hotel 2026) New Season Far East 15 June 20_260630_175141.pdf | Page: madina_page-21.png | Meal: FB | Source period text: 1 DEC 2026 TO 2 FEB 2027,"Harga, pajak, dan availability final setelah admin cek manual ke hotel/OTA."
MADINAH,STANDARD,Hotel Manazel Al Taqwa,,Alharmain PDF 1 Dec 2026 - 2 Feb 2027,Quad Room,FB meal plan,2026-12-01,2027-02-02,1 Dec 2026 - 2 Feb 2027,per kamar per malam,SAR,880,2,2,1,WiFi/detail fasilitas dicek manual via WhatsApp,Ketersediaan akhir dan payment dilanjutkan manual via WhatsApp,682,2026-07-06,INACTIVE,Source: (Madina Hotel 2026) New Season Far East 15 June 20_260630_175141.pdf | Page: madina_page-21.png | Meal: FB | Source period text: 1 DEC 2026 TO 2 FEB 2027,"Harga, pajak, dan availability final setelah admin cek manual ke hotel/OTA."
MADINAH,STANDARD,Hotel Sama Al Masi,,Alharmain PDF 30 Jun - 14 Aug 2026,Double Room,FB meal plan,2026-06-30,2026-08-14,30 Jun - 14 Aug 2026,per kamar per malam,SAR,460,2,2,1,WiFi/detail fasilitas dicek manual via WhatsApp,Ketersediaan akhir dan payment dilanjutkan manual via WhatsApp,683,2026-07-06,INACTIVE,Source: (Madina Hotel 2026) New Season Far East 15 June 20_260630_175141.pdf | Page: madina_page-21.png | Meal: FB | Source period text: 30 JUNE 2026 TO 14 AUGUST 2026,"Harga, pajak, dan availability final setelah admin cek manual ke hotel/OTA."
MADINAH,STANDARD,Hotel Sama Al Masi,,Alharmain PDF 30 Jun - 14 Aug 2026,Triple Room,FB meal plan,2026-06-30,2026-08-14,30 Jun - 14 Aug 2026,per kamar per malam,SAR,510,2,2,1,WiFi/detail fasilitas dicek manual via WhatsApp,Ketersediaan akhir dan payment dilanjutkan manual via WhatsApp,684,2026-07-06,INACTIVE,Source: (Madina Hotel 2026) New Season Far East 15 June 20_260630_175141.pdf | Page: madina_page-21.png | Meal: FB | Source period text: 30 JUNE 2026 TO 14 AUGUST 2026,"Harga, pajak, dan availability final setelah admin cek manual ke hotel/OTA."
MADINAH,STANDARD,Hotel Sama Al Masi,,Alharmain PDF 30 Jun - 14 Aug 2026,Quad Room,FB meal plan,2026-06-30,2026-08-14,30 Jun - 14 Aug 2026,per kamar per malam,SAR,560,2,2,1,WiFi/detail fasilitas dicek manual via WhatsApp,Ketersediaan akhir dan payment dilanjutkan manual via WhatsApp,685,2026-07-06,INACTIVE,Source: (Madina Hotel 2026) New Season Far East 15 June 20_260630_175141.pdf | Page: madina_page-21.png | Meal: FB | Source period text: 30 JUNE 2026 TO 14 AUGUST 2026,"Harga, pajak, dan availability final setelah admin cek manual ke hotel/OTA."
MADINAH,STANDARD,Hotel Sama Al Masi,,Alharmain PDF 14 Aug - 11 Oct 2026,Double Room,FB meal plan,2026-08-14,2026-10-11,14 Aug - 11 Oct 2026,per kamar per malam,SAR,580,2,2,1,WiFi/detail fasilitas dicek manual via WhatsApp,Ketersediaan akhir dan payment dilanjutkan manual via WhatsApp,686,2026-07-06,INACTIVE,Source: (Madina Hotel 2026) New Season Far East 15 June 20_260630_175141.pdf | Page: madina_page-21.png | Meal: FB | Source period text: 14 AUGUST 2026 TO 11 OCT 2026,"Harga, pajak, dan availability final setelah admin cek manual ke hotel/OTA."
MADINAH,STANDARD,Hotel Sama Al Masi,,Alharmain PDF 14 Aug - 11 Oct 2026,Triple Room,FB meal plan,2026-08-14,2026-10-11,14 Aug - 11 Oct 2026,per kamar per malam,SAR,630,2,2,1,WiFi/detail fasilitas dicek manual via WhatsApp,Ketersediaan akhir dan payment dilanjutkan manual via WhatsApp,687,2026-07-06,INACTIVE,Source: (Madina Hotel 2026) New Season Far East 15 June 20_260630_175141.pdf | Page: madina_page-21.png | Meal: FB | Source period text: 14 AUGUST 2026 TO 11 OCT 2026,"Harga, pajak, dan availability final setelah admin cek manual ke hotel/OTA."
MADINAH,STANDARD,Hotel Sama Al Masi,,Alharmain PDF 14 Aug - 11 Oct 2026,Quad Room,FB meal plan,2026-08-14,2026-10-11,14 Aug - 11 Oct 2026,per kamar per malam,SAR,680,2,2,1,WiFi/detail fasilitas dicek manual via WhatsApp,Ketersediaan akhir dan payment dilanjutkan manual via WhatsApp,688,2026-07-06,INACTIVE,Source: (Madina Hotel 2026) New Season Far East 15 June 20_260630_175141.pdf | Page: madina_page-21.png | Meal: FB | Source period text: 14 AUGUST 2026 TO 11 OCT 2026,"Harga, pajak, dan availability final setelah admin cek manual ke hotel/OTA."
MADINAH,STANDARD,Hotel Sama Al Masi,,Alharmain PDF Dec 2026,Double Room,FB meal plan,2026-12-01,2026-12-31,Dec 2026,per kamar per malam,SAR,730,2,2,1,WiFi/detail fasilitas dicek manual via WhatsApp,Ketersediaan akhir dan payment dilanjutkan manual via WhatsApp,689,2026-07-06,INACTIVE,Source: (Madina Hotel 2026) New Season Far East 15 June 20_260630_175141.pdf | Page: madina_page-21.png | Meal: FB | Source period text: 1 DEC 2026,"Harga, pajak, dan availability final setelah admin cek manual ke hotel/OTA."
MADINAH,STANDARD,Hotel Sama Al Masi,,Alharmain PDF Dec 2026,Triple Room,FB meal plan,2026-12-01,2026-12-31,Dec 2026,per kamar per malam,SAR,780,2,2,1,WiFi/detail fasilitas dicek manual via WhatsApp,Ketersediaan akhir dan payment dilanjutkan manual via WhatsApp,690,2026-07-06,INACTIVE,Source: (Madina Hotel 2026) New Season Far East 15 June 20_260630_175141.pdf | Page: madina_page-21.png | Meal: FB | Source period text: 1 DEC 2026,"Harga, pajak, dan availability final setelah admin cek manual ke hotel/OTA."
MADINAH,STANDARD,Hotel Sama Al Masi,,Alharmain PDF Dec 2026,Quad Room,FB meal plan,2026-12-01,2026-12-31,Dec 2026,per kamar per malam,SAR,830,2,2,1,WiFi/detail fasilitas dicek manual via WhatsApp,Ketersediaan akhir dan payment dilanjutkan manual via WhatsApp,691,2026-07-06,INACTIVE,Source: (Madina Hotel 2026) New Season Far East 15 June 20_260630_175141.pdf | Page: madina_page-21.png | Meal: FB | Source period text: 1 DEC 2026,"Harga, pajak, dan availability final setelah admin cek manual ke hotel/OTA."
MADINAH,STANDARD,Hotel Sama Al Masi,,Alharmain PDF 1 Dec 2026 - 2 Feb 2027,Double Room,FB meal plan,2026-12-01,2027-02-02,1 Dec 2026 - 2 Feb 2027,per kamar per malam,SAR,830,2,2,1,WiFi/detail fasilitas dicek manual via WhatsApp,Ketersediaan akhir dan payment dilanjutkan manual via WhatsApp,692,2026-07-06,INACTIVE,Source: (Madina Hotel 2026) New Season Far East 15 June 20_260630_175141.pdf | Page: madina_page-21.png | Meal: FB | Source period text: 1 DEC 2026 TO 2 FEB 2027,"Harga, pajak, dan availability final setelah admin cek manual ke hotel/OTA."
MADINAH,STANDARD,Hotel Sama Al Masi,,Alharmain PDF 1 Dec 2026 - 2 Feb 2027,Triple Room,FB meal plan,2026-12-01,2027-02-02,1 Dec 2026 - 2 Feb 2027,per kamar per malam,SAR,880,2,2,1,WiFi/detail fasilitas dicek manual via WhatsApp,Ketersediaan akhir dan payment dilanjutkan manual via WhatsApp,693,2026-07-06,INACTIVE,Source: (Madina Hotel 2026) New Season Far East 15 June 20_260630_175141.pdf | Page: madina_page-21.png | Meal: FB | Source period text: 1 DEC 2026 TO 2 FEB 2027,"Harga, pajak, dan availability final setelah admin cek manual ke hotel/OTA."
MADINAH,STANDARD,Hotel Sama Al Masi,,Alharmain PDF 1 Dec 2026 - 2 Feb 2027,Quad Room,FB meal plan,2026-12-01,2027-02-02,1 Dec 2026 - 2 Feb 2027,per kamar per malam,SAR,930,2,2,1,WiFi/detail fasilitas dicek manual via WhatsApp,Ketersediaan akhir dan payment dilanjutkan manual via WhatsApp,694,2026-07-06,INACTIVE,Source: (Madina Hotel 2026) New Season Far East 15 June 20_260630_175141.pdf | Page: madina_page-21.png | Meal: FB | Source period text: 1 DEC 2026 TO 2 FEB 2027,"Harga, pajak, dan availability final setelah admin cek manual ke hotel/OTA."
MADINAH,STANDARD,Hotel Sama Al Zahabi,,Alharmain PDF 30 Jun - 14 Aug 2026,Double Room,FB meal plan,2026-06-30,2026-08-14,30 Jun - 14 Aug 2026,per kamar per malam,SAR,430,2,2,1,WiFi/detail fasilitas dicek manual via WhatsApp,Ketersediaan akhir dan payment dilanjutkan manual via WhatsApp,695,2026-07-06,INACTIVE,Source: (Madina Hotel 2026) New Season Far East 15 June 20_260630_175141.pdf | Page: madina_page-21.png | Meal: FB | Source period text: 30 JUNE 2026 TO 14 AUGUST 2026,"Harga, pajak, dan availability final setelah admin cek manual ke hotel/OTA."
MADINAH,STANDARD,Hotel Sama Al Zahabi,,Alharmain PDF 30 Jun - 14 Aug 2026,Triple Room,FB meal plan,2026-06-30,2026-08-14,30 Jun - 14 Aug 2026,per kamar per malam,SAR,480,2,2,1,WiFi/detail fasilitas dicek manual via WhatsApp,Ketersediaan akhir dan payment dilanjutkan manual via WhatsApp,696,2026-07-06,INACTIVE,Source: (Madina Hotel 2026) New Season Far East 15 June 20_260630_175141.pdf | Page: madina_page-21.png | Meal: FB | Source period text: 30 JUNE 2026 TO 14 AUGUST 2026,"Harga, pajak, dan availability final setelah admin cek manual ke hotel/OTA."
MADINAH,STANDARD,Hotel Sama Al Zahabi,,Alharmain PDF 30 Jun - 14 Aug 2026,Quad Room,FB meal plan,2026-06-30,2026-08-14,30 Jun - 14 Aug 2026,per kamar per malam,SAR,530,2,2,1,WiFi/detail fasilitas dicek manual via WhatsApp,Ketersediaan akhir dan payment dilanjutkan manual via WhatsApp,697,2026-07-06,INACTIVE,Source: (Madina Hotel 2026) New Season Far East 15 June 20_260630_175141.pdf | Page: madina_page-21.png | Meal: FB | Source period text: 30 JUNE 2026 TO 14 AUGUST 2026,"Harga, pajak, dan availability final setelah admin cek manual ke hotel/OTA."
MADINAH,STANDARD,Hotel Sama Al Zahabi,,Alharmain PDF Aug 2026,Double Room,FB meal plan,2026-08-01,2026-08-31,Aug 2026,per kamar per malam,SAR,530,2,2,1,WiFi/detail fasilitas dicek manual via WhatsApp,Ketersediaan akhir dan payment dilanjutkan manual via WhatsApp,698,2026-07-06,INACTIVE,Source: (Madina Hotel 2026) New Season Far East 15 June 20_260630_175141.pdf | Page: madina_page-21.png | Meal: FB | Source period text: 14 AUGUST 2026 TO,"Harga, pajak, dan availability final setelah admin cek manual ke hotel/OTA."
MADINAH,STANDARD,Hotel Sama Al Zahabi,,Alharmain PDF Aug 2026,Triple Room,FB meal plan,2026-08-01,2026-08-31,Aug 2026,per kamar per malam,SAR,580,2,2,1,WiFi/detail fasilitas dicek manual via WhatsApp,Ketersediaan akhir dan payment dilanjutkan manual via WhatsApp,699,2026-07-06,INACTIVE,Source: (Madina Hotel 2026) New Season Far East 15 June 20_260630_175141.pdf | Page: madina_page-21.png | Meal: FB | Source period text: 14 AUGUST 2026 TO,"Harga, pajak, dan availability final setelah admin cek manual ke hotel/OTA."
MADINAH,STANDARD,Hotel Sama Al Zahabi,,Alharmain PDF Aug 2026,Quad Room,FB meal plan,2026-08-01,2026-08-31,Aug 2026,per kamar per malam,SAR,630,2,2,1,WiFi/detail fasilitas dicek manual via WhatsApp,Ketersediaan akhir dan payment dilanjutkan manual via WhatsApp,700,2026-07-06,INACTIVE,Source: (Madina Hotel 2026) New Season Far East 15 June 20_260630_175141.pdf | Page: madina_page-21.png | Meal: FB | Source period text: 14 AUGUST 2026 TO,"Harga, pajak, dan availability final setelah admin cek manual ke hotel/OTA."
MADINAH,STANDARD,Hotel Sama Al Zahabi,,Alharmain PDF Dec 2026,Double Room,FB meal plan,2026-12-01,2026-12-31,Dec 2026,per kamar per malam,SAR,630,2,2,1,WiFi/detail fasilitas dicek manual via WhatsApp,Ketersediaan akhir dan payment dilanjutkan manual via WhatsApp,701,2026-07-06,INACTIVE,Source: (Madina Hotel 2026) New Season Far East 15 June 20_260630_175141.pdf | Page: madina_page-21.png | Meal: FB | Source period text: 1 DEC 2026,"Harga, pajak, dan availability final setelah admin cek manual ke hotel/OTA."
MADINAH,STANDARD,Hotel Sama Al Zahabi,,Alharmain PDF Dec 2026,Triple Room,FB meal plan,2026-12-01,2026-12-31,Dec 2026,per kamar per malam,SAR,680,2,2,1,WiFi/detail fasilitas dicek manual via WhatsApp,Ketersediaan akhir dan payment dilanjutkan manual via WhatsApp,702,2026-07-06,INACTIVE,Source: (Madina Hotel 2026) New Season Far East 15 June 20_260630_175141.pdf | Page: madina_page-21.png | Meal: FB | Source period text: 1 DEC 2026,"Harga, pajak, dan availability final setelah admin cek manual ke hotel/OTA."
MADINAH,STANDARD,Hotel Sama Al Zahabi,,Alharmain PDF Dec 2026,Quad Room,FB meal plan,2026-12-01,2026-12-31,Dec 2026,per kamar per malam,SAR,730,2,2,1,WiFi/detail fasilitas dicek manual via WhatsApp,Ketersediaan akhir dan payment dilanjutkan manual via WhatsApp,703,2026-07-06,INACTIVE,Source: (Madina Hotel 2026) New Season Far East 15 June 20_260630_175141.pdf | Page: madina_page-21.png | Meal: FB | Source period text: 1 DEC 2026,"Harga, pajak, dan availability final setelah admin cek manual ke hotel/OTA."
MADINAH,STANDARD,Hotel Sama Al Zahabi,,Alharmain PDF 1 Dec 2026 - 2 Feb 2027,Double Room,FB meal plan,2026-12-01,2027-02-02,1 Dec 2026 - 2 Feb 2027,per kamar per malam,SAR,730,2,2,1,WiFi/detail fasilitas dicek manual via WhatsApp,Ketersediaan akhir dan payment dilanjutkan manual via WhatsApp,704,2026-07-06,INACTIVE,Source: (Madina Hotel 2026) New Season Far East 15 June 20_260630_175141.pdf | Page: madina_page-21.png | Meal: FB | Source period text: 1 DEC 2026 TO 2 FEB 2027,"Harga, pajak, dan availability final setelah admin cek manual ke hotel/OTA."
MADINAH,STANDARD,Hotel Sama Al Zahabi,,Alharmain PDF 1 Dec 2026 - 2 Feb 2027,Triple Room,FB meal plan,2026-12-01,2027-02-02,1 Dec 2026 - 2 Feb 2027,per kamar per malam,SAR,780,2,2,1,WiFi/detail fasilitas dicek manual via WhatsApp,Ketersediaan akhir dan payment dilanjutkan manual via WhatsApp,705,2026-07-06,INACTIVE,Source: (Madina Hotel 2026) New Season Far East 15 June 20_260630_175141.pdf | Page: madina_page-21.png | Meal: FB | Source period text: 1 DEC 2026 TO 2 FEB 2027,"Harga, pajak, dan availability final setelah admin cek manual ke hotel/OTA."
MADINAH,STANDARD,Hotel Sama Al Zahabi,,Alharmain PDF 1 Dec 2026 - 2 Feb 2027,Quad Room,FB meal plan,2026-12-01,2027-02-02,1 Dec 2026 - 2 Feb 2027,per kamar per malam,SAR,830,2,2,1,WiFi/detail fasilitas dicek manual via WhatsApp,Ketersediaan akhir dan payment dilanjutkan manual via WhatsApp,706,2026-07-06,INACTIVE,Source: (Madina Hotel 2026) New Season Far East 15 June 20_260630_175141.pdf | Page: madina_page-21.png | Meal: FB | Source period text: 1 DEC 2026 TO 2 FEB 2027,"Harga, pajak, dan availability final setelah admin cek manual ke hotel/OTA."
MADINAH,STANDARD,Hotel Maysan Rehab Al Misk,,Alharmain PDF 30 Jun - 20 Sep 2026,Double Room,FB meal plan,2026-06-30,2026-09-20,30 Jun - 20 Sep 2026,per kamar per malam,SAR,480,2,2,1,WiFi/detail fasilitas dicek manual via WhatsApp,Ketersediaan akhir dan payment dilanjutkan manual via WhatsApp,707,2026-07-06,INACTIVE,Source: (Madina Hotel 2026) New Season Far East 15 June 20_260630_175141.pdf | Page: madina_page-22.png | Meal: FB | Source period text: 30 JUNE 2026 TO 20 SEP 2026,"Harga, pajak, dan availability final setelah admin cek manual ke hotel/OTA."
MADINAH,STANDARD,Hotel Maysan Rehab Al Misk,,Alharmain PDF 30 Jun - 20 Sep 2026,Triple Room,FB meal plan,2026-06-30,2026-09-20,30 Jun - 20 Sep 2026,per kamar per malam,SAR,540,2,2,1,WiFi/detail fasilitas dicek manual via WhatsApp,Ketersediaan akhir dan payment dilanjutkan manual via WhatsApp,708,2026-07-06,INACTIVE,Source: (Madina Hotel 2026) New Season Far East 15 June 20_260630_175141.pdf | Page: madina_page-22.png | Meal: FB | Source period text: 30 JUNE 2026 TO 20 SEP 2026,"Harga, pajak, dan availability final setelah admin cek manual ke hotel/OTA."
MADINAH,STANDARD,Hotel Maysan Rehab Al Misk,,Alharmain PDF 30 Jun - 20 Sep 2026,Quad Room,FB meal plan,2026-06-30,2026-09-20,30 Jun - 20 Sep 2026,per kamar per malam,SAR,600,2,2,1,WiFi/detail fasilitas dicek manual via WhatsApp,Ketersediaan akhir dan payment dilanjutkan manual via WhatsApp,709,2026-07-06,INACTIVE,Source: (Madina Hotel 2026) New Season Far East 15 June 20_260630_175141.pdf | Page: madina_page-22.png | Meal: FB | Source period text: 30 JUNE 2026 TO 20 SEP 2026,"Harga, pajak, dan availability final setelah admin cek manual ke hotel/OTA."
MADINAH,STANDARD,Hotel Maysan Rehab Al Misk,,Alharmain PDF 20 Sep - 22 Oct 2026,Double Room,FB meal plan,2026-09-20,2026-10-22,20 Sep - 22 Oct 2026,per kamar per malam,SAR,505,2,2,1,WiFi/detail fasilitas dicek manual via WhatsApp,Ketersediaan akhir dan payment dilanjutkan manual via WhatsApp,710,2026-07-06,INACTIVE,Source: (Madina Hotel 2026) New Season Far East 15 June 20_260630_175141.pdf | Page: madina_page-22.png | Meal: FB | Source period text: 20 SEP 2026 TO 22 OCT 2026,"Harga, pajak, dan availability final setelah admin cek manual ke hotel/OTA."
MADINAH,STANDARD,Hotel Maysan Rehab Al Misk,,Alharmain PDF 20 Sep - 22 Oct 2026,Triple Room,FB meal plan,2026-09-20,2026-10-22,20 Sep - 22 Oct 2026,per kamar per malam,SAR,565,2,2,1,WiFi/detail fasilitas dicek manual via WhatsApp,Ketersediaan akhir dan payment dilanjutkan manual via WhatsApp,711,2026-07-06,INACTIVE,Source: (Madina Hotel 2026) New Season Far East 15 June 20_260630_175141.pdf | Page: madina_page-22.png | Meal: FB | Source period text: 20 SEP 2026 TO 22 OCT 2026,"Harga, pajak, dan availability final setelah admin cek manual ke hotel/OTA."
MADINAH,STANDARD,Hotel Maysan Rehab Al Misk,,Alharmain PDF 20 Sep - 22 Oct 2026,Quad Room,FB meal plan,2026-09-20,2026-10-22,20 Sep - 22 Oct 2026,per kamar per malam,SAR,625,2,2,1,WiFi/detail fasilitas dicek manual via WhatsApp,Ketersediaan akhir dan payment dilanjutkan manual via WhatsApp,712,2026-07-06,INACTIVE,Source: (Madina Hotel 2026) New Season Far East 15 June 20_260630_175141.pdf | Page: madina_page-22.png | Meal: FB | Source period text: 20 SEP 2026 TO 22 OCT 2026,"Harga, pajak, dan availability final setelah admin cek manual ke hotel/OTA."
MADINAH,STANDARD,Hotel Arkan Al Manar,,Alharmain PDF 30 Jun - 20 Sep 2026,Double Room,FB meal plan,2026-06-30,2026-09-20,30 Jun - 20 Sep 2026,per kamar per malam,SAR,480,2,2,1,WiFi/detail fasilitas dicek manual via WhatsApp,Ketersediaan akhir dan payment dilanjutkan manual via WhatsApp,713,2026-07-06,INACTIVE,Source: (Madina Hotel 2026) New Season Far East 15 June 20_260630_175141.pdf | Page: madina_page-22.png | Meal: FB | Source period text: 30 JUNE 2026 TO 20 SEP 2026,"Harga, pajak, dan availability final setelah admin cek manual ke hotel/OTA."
MADINAH,STANDARD,Hotel Arkan Al Manar,,Alharmain PDF 30 Jun - 20 Sep 2026,Triple Room,FB meal plan,2026-06-30,2026-09-20,30 Jun - 20 Sep 2026,per kamar per malam,SAR,540,2,2,1,WiFi/detail fasilitas dicek manual via WhatsApp,Ketersediaan akhir dan payment dilanjutkan manual via WhatsApp,714,2026-07-06,INACTIVE,Source: (Madina Hotel 2026) New Season Far East 15 June 20_260630_175141.pdf | Page: madina_page-22.png | Meal: FB | Source period text: 30 JUNE 2026 TO 20 SEP 2026,"Harga, pajak, dan availability final setelah admin cek manual ke hotel/OTA."
MADINAH,STANDARD,Hotel Arkan Al Manar,,Alharmain PDF 30 Jun - 20 Sep 2026,Quad Room,FB meal plan,2026-06-30,2026-09-20,30 Jun - 20 Sep 2026,per kamar per malam,SAR,600,2,2,1,WiFi/detail fasilitas dicek manual via WhatsApp,Ketersediaan akhir dan payment dilanjutkan manual via WhatsApp,715,2026-07-06,INACTIVE,Source: (Madina Hotel 2026) New Season Far East 15 June 20_260630_175141.pdf | Page: madina_page-22.png | Meal: FB | Source period text: 30 JUNE 2026 TO 20 SEP 2026,"Harga, pajak, dan availability final setelah admin cek manual ke hotel/OTA."
MADINAH,STANDARD,Hotel Arkan Al Manar,,Alharmain PDF 20 Sep - 22 Oct 2026,Double Room,FB meal plan,2026-09-20,2026-10-22,20 Sep - 22 Oct 2026,per kamar per malam,SAR,505,2,2,1,WiFi/detail fasilitas dicek manual via WhatsApp,Ketersediaan akhir dan payment dilanjutkan manual via WhatsApp,716,2026-07-06,INACTIVE,Source: (Madina Hotel 2026) New Season Far East 15 June 20_260630_175141.pdf | Page: madina_page-22.png | Meal: FB | Source period text: 20 SEP 2026 TO 22 OCT 2026,"Harga, pajak, dan availability final setelah admin cek manual ke hotel/OTA."
MADINAH,STANDARD,Hotel Arkan Al Manar,,Alharmain PDF 20 Sep - 22 Oct 2026,Triple Room,FB meal plan,2026-09-20,2026-10-22,20 Sep - 22 Oct 2026,per kamar per malam,SAR,565,2,2,1,WiFi/detail fasilitas dicek manual via WhatsApp,Ketersediaan akhir dan payment dilanjutkan manual via WhatsApp,717,2026-07-06,INACTIVE,Source: (Madina Hotel 2026) New Season Far East 15 June 20_260630_175141.pdf | Page: madina_page-22.png | Meal: FB | Source period text: 20 SEP 2026 TO 22 OCT 2026,"Harga, pajak, dan availability final setelah admin cek manual ke hotel/OTA."
MADINAH,STANDARD,Hotel Arkan Al Manar,,Alharmain PDF 20 Sep - 22 Oct 2026,Quad Room,FB meal plan,2026-09-20,2026-10-22,20 Sep - 22 Oct 2026,per kamar per malam,SAR,625,2,2,1,WiFi/detail fasilitas dicek manual via WhatsApp,Ketersediaan akhir dan payment dilanjutkan manual via WhatsApp,718,2026-07-06,INACTIVE,Source: (Madina Hotel 2026) New Season Far East 15 June 20_260630_175141.pdf | Page: madina_page-22.png | Meal: FB | Source period text: 20 SEP 2026 TO 22 OCT 2026,"Harga, pajak, dan availability final setelah admin cek manual ke hotel/OTA."
MADINAH,STANDARD,Hotel Maysan Al Taqwa,,Alharmain PDF 23 Jun - 20 Sep 2026,Double Room,FB meal plan,2026-06-23,2026-09-20,23 Jun - 20 Sep 2026,per kamar per malam,SAR,410,2,2,1,WiFi/detail fasilitas dicek manual via WhatsApp,Ketersediaan akhir dan payment dilanjutkan manual via WhatsApp,719,2026-07-06,INACTIVE,Source: (Madina Hotel 2026) New Season Far East 15 June 20_260630_175141.pdf | Page: madina_page-22.png | Meal: FB | Source period text: 23 JUNE 2026 TO 20 SEP 2026,"Harga, pajak, dan availability final setelah admin cek manual ke hotel/OTA."
MADINAH,STANDARD,Hotel Maysan Al Taqwa,,Alharmain PDF 23 Jun - 20 Sep 2026,Triple Room,FB meal plan,2026-06-23,2026-09-20,23 Jun - 20 Sep 2026,per kamar per malam,SAR,460,2,2,1,WiFi/detail fasilitas dicek manual via WhatsApp,Ketersediaan akhir dan payment dilanjutkan manual via WhatsApp,720,2026-07-06,INACTIVE,Source: (Madina Hotel 2026) New Season Far East 15 June 20_260630_175141.pdf | Page: madina_page-22.png | Meal: FB | Source period text: 23 JUNE 2026 TO 20 SEP 2026,"Harga, pajak, dan availability final setelah admin cek manual ke hotel/OTA."
MADINAH,STANDARD,Hotel Maysan Al Taqwa,,Alharmain PDF 23 Jun - 20 Sep 2026,Quad Room,FB meal plan,2026-06-23,2026-09-20,23 Jun - 20 Sep 2026,per kamar per malam,SAR,510,2,2,1,WiFi/detail fasilitas dicek manual via WhatsApp,Ketersediaan akhir dan payment dilanjutkan manual via WhatsApp,721,2026-07-06,INACTIVE,Source: (Madina Hotel 2026) New Season Far East 15 June 20_260630_175141.pdf | Page: madina_page-22.png | Meal: FB | Source period text: 23 JUNE 2026 TO 20 SEP 2026,"Harga, pajak, dan availability final setelah admin cek manual ke hotel/OTA."
MADINAH,STANDARD,Hotel Maysan Al Taqwa,,Alharmain PDF 20 Sep - 22 Oct 2026,Double Room,FB meal plan,2026-09-20,2026-10-22,20 Sep - 22 Oct 2026,per kamar per malam,SAR,440,2,2,1,WiFi/detail fasilitas dicek manual via WhatsApp,Ketersediaan akhir dan payment dilanjutkan manual via WhatsApp,722,2026-07-06,INACTIVE,Source: (Madina Hotel 2026) New Season Far East 15 June 20_260630_175141.pdf | Page: madina_page-22.png | Meal: FB | Source period text: 20 SEP 2026 TO 22 OCT 2026,"Harga, pajak, dan availability final setelah admin cek manual ke hotel/OTA."
MADINAH,STANDARD,Hotel Maysan Al Taqwa,,Alharmain PDF 20 Sep - 22 Oct 2026,Triple Room,FB meal plan,2026-09-20,2026-10-22,20 Sep - 22 Oct 2026,per kamar per malam,SAR,490,2,2,1,WiFi/detail fasilitas dicek manual via WhatsApp,Ketersediaan akhir dan payment dilanjutkan manual via WhatsApp,723,2026-07-06,INACTIVE,Source: (Madina Hotel 2026) New Season Far East 15 June 20_260630_175141.pdf | Page: madina_page-22.png | Meal: FB | Source period text: 20 SEP 2026 TO 22 OCT 2026,"Harga, pajak, dan availability final setelah admin cek manual ke hotel/OTA."
MADINAH,STANDARD,Hotel Maysan Al Taqwa,,Alharmain PDF 20 Sep - 22 Oct 2026,Quad Room,FB meal plan,2026-09-20,2026-10-22,20 Sep - 22 Oct 2026,per kamar per malam,SAR,540,2,2,1,WiFi/detail fasilitas dicek manual via WhatsApp,Ketersediaan akhir dan payment dilanjutkan manual via WhatsApp,724,2026-07-06,INACTIVE,Source: (Madina Hotel 2026) New Season Far East 15 June 20_260630_175141.pdf | Page: madina_page-22.png | Meal: FB | Source period text: 20 SEP 2026 TO 22 OCT 2026,"Harga, pajak, dan availability final setelah admin cek manual ke hotel/OTA."
MADINAH,STANDARD,Hotel Plaza Inn Ohud,,Alharmain PDF 26 Jun - 20 Sep 2026,Double Room,FB meal plan,2026-06-26,2026-09-20,26 Jun - 20 Sep 2026,per kamar per malam,SAR,385,2,2,1,WiFi/detail fasilitas dicek manual via WhatsApp,Ketersediaan akhir dan payment dilanjutkan manual via WhatsApp,725,2026-07-06,INACTIVE,Source: (Madina Hotel 2026) New Season Far East 15 June 20_260630_175141.pdf | Page: madina_page-22.png | Meal: FB | Source period text: 26 JUNE 2026 TO 20 SEP 2026,"Harga, pajak, dan availability final setelah admin cek manual ke hotel/OTA."
MADINAH,STANDARD,Hotel Plaza Inn Ohud,,Alharmain PDF 26 Jun - 20 Sep 2026,Triple Room,FB meal plan,2026-06-26,2026-09-20,26 Jun - 20 Sep 2026,per kamar per malam,SAR,435,2,2,1,WiFi/detail fasilitas dicek manual via WhatsApp,Ketersediaan akhir dan payment dilanjutkan manual via WhatsApp,726,2026-07-06,INACTIVE,Source: (Madina Hotel 2026) New Season Far East 15 June 20_260630_175141.pdf | Page: madina_page-22.png | Meal: FB | Source period text: 26 JUNE 2026 TO 20 SEP 2026,"Harga, pajak, dan availability final setelah admin cek manual ke hotel/OTA."
MADINAH,STANDARD,Hotel Plaza Inn Ohud,,Alharmain PDF 26 Jun - 20 Sep 2026,Quad Room,FB meal plan,2026-06-26,2026-09-20,26 Jun - 20 Sep 2026,per kamar per malam,SAR,485,2,2,1,WiFi/detail fasilitas dicek manual via WhatsApp,Ketersediaan akhir dan payment dilanjutkan manual via WhatsApp,727,2026-07-06,INACTIVE,Source: (Madina Hotel 2026) New Season Far East 15 June 20_260630_175141.pdf | Page: madina_page-22.png | Meal: FB | Source period text: 26 JUNE 2026 TO 20 SEP 2026,"Harga, pajak, dan availability final setelah admin cek manual ke hotel/OTA."
MADINAH,STANDARD,Hotel Plaza Inn Ohud,,Alharmain PDF 20 Sep - 22 Oct 2026,Double Room,FB meal plan,2026-09-20,2026-10-22,20 Sep - 22 Oct 2026,per kamar per malam,SAR,405,2,2,1,WiFi/detail fasilitas dicek manual via WhatsApp,Ketersediaan akhir dan payment dilanjutkan manual via WhatsApp,728,2026-07-06,INACTIVE,Source: (Madina Hotel 2026) New Season Far East 15 June 20_260630_175141.pdf | Page: madina_page-22.png | Meal: FB | Source period text: 20 SEP 2026 TO 22 OCT 2026,"Harga, pajak, dan availability final setelah admin cek manual ke hotel/OTA."
MADINAH,STANDARD,Hotel Plaza Inn Ohud,,Alharmain PDF 20 Sep - 22 Oct 2026,Triple Room,FB meal plan,2026-09-20,2026-10-22,20 Sep - 22 Oct 2026,per kamar per malam,SAR,455,2,2,1,WiFi/detail fasilitas dicek manual via WhatsApp,Ketersediaan akhir dan payment dilanjutkan manual via WhatsApp,729,2026-07-06,INACTIVE,Source: (Madina Hotel 2026) New Season Far East 15 June 20_260630_175141.pdf | Page: madina_page-22.png | Meal: FB | Source period text: 20 SEP 2026 TO 22 OCT 2026,"Harga, pajak, dan availability final setelah admin cek manual ke hotel/OTA."
MADINAH,STANDARD,Hotel Plaza Inn Ohud,,Alharmain PDF 20 Sep - 22 Oct 2026,Quad Room,FB meal plan,2026-09-20,2026-10-22,20 Sep - 22 Oct 2026,per kamar per malam,SAR,505,2,2,1,WiFi/detail fasilitas dicek manual via WhatsApp,Ketersediaan akhir dan payment dilanjutkan manual via WhatsApp,730,2026-07-06,INACTIVE,Source: (Madina Hotel 2026) New Season Far East 15 June 20_260630_175141.pdf | Page: madina_page-22.png | Meal: FB | Source period text: 20 SEP 2026 TO 22 OCT 2026,"Harga, pajak, dan availability final setelah admin cek manual ke hotel/OTA."
MADINAH,STANDARD,Hotel Maysan Rotana El Mesk,,Alharmain PDF 15 Jul - 20 Sep 2026,Double Room,FB meal plan,2026-07-15,2026-09-20,15 Jul - 20 Sep 2026,per kamar per malam,SAR,480,2,2,1,WiFi/detail fasilitas dicek manual via WhatsApp,Ketersediaan akhir dan payment dilanjutkan manual via WhatsApp,731,2026-07-06,INACTIVE,Source: (Madina Hotel 2026) New Season Far East 15 June 20_260630_175141.pdf | Page: madina_page-22.png | Meal: FB | Source period text: 15 JULY 2026 TO 20 SEP 2026,"Harga, pajak, dan availability final setelah admin cek manual ke hotel/OTA."
MADINAH,STANDARD,Hotel Maysan Rotana El Mesk,,Alharmain PDF 15 Jul - 20 Sep 2026,Triple Room,FB meal plan,2026-07-15,2026-09-20,15 Jul - 20 Sep 2026,per kamar per malam,SAR,540,2,2,1,WiFi/detail fasilitas dicek manual via WhatsApp,Ketersediaan akhir dan payment dilanjutkan manual via WhatsApp,732,2026-07-06,INACTIVE,Source: (Madina Hotel 2026) New Season Far East 15 June 20_260630_175141.pdf | Page: madina_page-22.png | Meal: FB | Source period text: 15 JULY 2026 TO 20 SEP 2026,"Harga, pajak, dan availability final setelah admin cek manual ke hotel/OTA."
MADINAH,STANDARD,Hotel Maysan Rotana El Mesk,,Alharmain PDF 15 Jul - 20 Sep 2026,Quad Room,FB meal plan,2026-07-15,2026-09-20,15 Jul - 20 Sep 2026,per kamar per malam,SAR,600,2,2,1,WiFi/detail fasilitas dicek manual via WhatsApp,Ketersediaan akhir dan payment dilanjutkan manual via WhatsApp,733,2026-07-06,INACTIVE,Source: (Madina Hotel 2026) New Season Far East 15 June 20_260630_175141.pdf | Page: madina_page-22.png | Meal: FB | Source period text: 15 JULY 2026 TO 20 SEP 2026,"Harga, pajak, dan availability final setelah admin cek manual ke hotel/OTA."
MADINAH,STANDARD,Hotel Maysan Rotana El Mesk,,Alharmain PDF 20 Sep - 22 Oct 2026,Double Room,FB meal plan,2026-09-20,2026-10-22,20 Sep - 22 Oct 2026,per kamar per malam,SAR,505,2,2,1,WiFi/detail fasilitas dicek manual via WhatsApp,Ketersediaan akhir dan payment dilanjutkan manual via WhatsApp,734,2026-07-06,INACTIVE,Source: (Madina Hotel 2026) New Season Far East 15 June 20_260630_175141.pdf | Page: madina_page-22.png | Meal: FB | Source period text: 20 SEP 2026 TO 22 OCT 2026,"Harga, pajak, dan availability final setelah admin cek manual ke hotel/OTA."
MADINAH,STANDARD,Hotel Maysan Rotana El Mesk,,Alharmain PDF 20 Sep - 22 Oct 2026,Triple Room,FB meal plan,2026-09-20,2026-10-22,20 Sep - 22 Oct 2026,per kamar per malam,SAR,565,2,2,1,WiFi/detail fasilitas dicek manual via WhatsApp,Ketersediaan akhir dan payment dilanjutkan manual via WhatsApp,735,2026-07-06,INACTIVE,Source: (Madina Hotel 2026) New Season Far East 15 June 20_260630_175141.pdf | Page: madina_page-22.png | Meal: FB | Source period text: 20 SEP 2026 TO 22 OCT 2026,"Harga, pajak, dan availability final setelah admin cek manual ke hotel/OTA."
MADINAH,STANDARD,Hotel Maysan Rotana El Mesk,,Alharmain PDF 20 Sep - 22 Oct 2026,Quad Room,FB meal plan,2026-09-20,2026-10-22,20 Sep - 22 Oct 2026,per kamar per malam,SAR,625,2,2,1,WiFi/detail fasilitas dicek manual via WhatsApp,Ketersediaan akhir dan payment dilanjutkan manual via WhatsApp,736,2026-07-06,INACTIVE,Source: (Madina Hotel 2026) New Season Far East 15 June 20_260630_175141.pdf | Page: madina_page-22.png | Meal: FB | Source period text: 20 SEP 2026 TO 22 OCT 2026,"Harga, pajak, dan availability final setelah admin cek manual ke hotel/OTA."
MADINAH,STANDARD,Hotel Saraya Haramony,,Alharmain PDF Jun-Aug 2026,Double Room,FB meal plan,2026-06-01,2026-08-31,Jun-Aug 2026,per kamar per malam,SAR,465,2,2,1,WiFi/detail fasilitas dicek manual via WhatsApp,Ketersediaan akhir dan payment dilanjutkan manual via WhatsApp,737,2026-07-06,INACTIVE,Source: (Madina Hotel 2026) New Season Far East 15 June 20_260630_175141.pdf | Page: madina_page-24.png | Meal: FB | Source period text: 31 JUNE 2026 TO 13 AUGUST 2026,"Harga, pajak, dan availability final setelah admin cek manual ke hotel/OTA."
MADINAH,STANDARD,Hotel Saraya Haramony,,Alharmain PDF Jun-Aug 2026,Triple Room,FB meal plan,2026-06-01,2026-08-31,Jun-Aug 2026,per kamar per malam,SAR,525,2,2,1,WiFi/detail fasilitas dicek manual via WhatsApp,Ketersediaan akhir dan payment dilanjutkan manual via WhatsApp,738,2026-07-06,INACTIVE,Source: (Madina Hotel 2026) New Season Far East 15 June 20_260630_175141.pdf | Page: madina_page-24.png | Meal: FB | Source period text: 31 JUNE 2026 TO 13 AUGUST 2026,"Harga, pajak, dan availability final setelah admin cek manual ke hotel/OTA."
MADINAH,STANDARD,Hotel Saraya Haramony,,Alharmain PDF Jun-Aug 2026,Quad Room,FB meal plan,2026-06-01,2026-08-31,Jun-Aug 2026,per kamar per malam,SAR,585,2,2,1,WiFi/detail fasilitas dicek manual via WhatsApp,Ketersediaan akhir dan payment dilanjutkan manual via WhatsApp,739,2026-07-06,INACTIVE,Source: (Madina Hotel 2026) New Season Far East 15 June 20_260630_175141.pdf | Page: madina_page-24.png | Meal: FB | Source period text: 31 JUNE 2026 TO 13 AUGUST 2026,"Harga, pajak, dan availability final setelah admin cek manual ke hotel/OTA."
MADINAH,STANDARD,Hotel Saraya Haramony,,Alharmain PDF 14 Aug - 11 Oct 2026,Double Room,FB meal plan,2026-08-14,2026-10-11,14 Aug - 11 Oct 2026,per kamar per malam,SAR,525,2,2,1,WiFi/detail fasilitas dicek manual via WhatsApp,Ketersediaan akhir dan payment dilanjutkan manual via WhatsApp,740,2026-07-06,INACTIVE,Source: (Madina Hotel 2026) New Season Far East 15 June 20_260630_175141.pdf | Page: madina_page-24.png | Meal: FB | Source period text: 14 AUGUST 2026 TO 11 OCT 2026,"Harga, pajak, dan availability final setelah admin cek manual ke hotel/OTA."
MADINAH,STANDARD,Hotel Saraya Haramony,,Alharmain PDF 14 Aug - 11 Oct 2026,Triple Room,FB meal plan,2026-08-14,2026-10-11,14 Aug - 11 Oct 2026,per kamar per malam,SAR,585,2,2,1,WiFi/detail fasilitas dicek manual via WhatsApp,Ketersediaan akhir dan payment dilanjutkan manual via WhatsApp,741,2026-07-06,INACTIVE,Source: (Madina Hotel 2026) New Season Far East 15 June 20_260630_175141.pdf | Page: madina_page-24.png | Meal: FB | Source period text: 14 AUGUST 2026 TO 11 OCT 2026,"Harga, pajak, dan availability final setelah admin cek manual ke hotel/OTA."
MADINAH,STANDARD,Hotel Saraya Haramony,,Alharmain PDF 14 Aug - 11 Oct 2026,Quad Room,FB meal plan,2026-08-14,2026-10-11,14 Aug - 11 Oct 2026,per kamar per malam,SAR,645,2,2,1,WiFi/detail fasilitas dicek manual via WhatsApp,Ketersediaan akhir dan payment dilanjutkan manual via WhatsApp,742,2026-07-06,INACTIVE,Source: (Madina Hotel 2026) New Season Far East 15 June 20_260630_175141.pdf | Page: madina_page-24.png | Meal: FB | Source period text: 14 AUGUST 2026 TO 11 OCT 2026,"Harga, pajak, dan availability final setelah admin cek manual ke hotel/OTA."
MADINAH,STANDARD,Hotel Saraya Haramony,,Alharmain PDF 12 Oct 2026 - 7 Feb 2027,Double Room,FB meal plan,2026-10-12,2027-02-07,12 Oct 2026 - 7 Feb 2027,per kamar per malam,SAR,645,2,2,1,WiFi/detail fasilitas dicek manual via WhatsApp,Ketersediaan akhir dan payment dilanjutkan manual via WhatsApp,743,2026-07-06,INACTIVE,Source: (Madina Hotel 2026) New Season Far East 15 June 20_260630_175141.pdf | Page: madina_page-24.png | Meal: FB | Source period text: 12 OCT 2026 TO 7 FEB 2027,"Harga, pajak, dan availability final setelah admin cek manual ke hotel/OTA."
MADINAH,STANDARD,Hotel Saraya Haramony,,Alharmain PDF 12 Oct 2026 - 7 Feb 2027,Triple Room,FB meal plan,2026-10-12,2027-02-07,12 Oct 2026 - 7 Feb 2027,per kamar per malam,SAR,710,2,2,1,WiFi/detail fasilitas dicek manual via WhatsApp,Ketersediaan akhir dan payment dilanjutkan manual via WhatsApp,744,2026-07-06,INACTIVE,Source: (Madina Hotel 2026) New Season Far East 15 June 20_260630_175141.pdf | Page: madina_page-24.png | Meal: FB | Source period text: 12 OCT 2026 TO 7 FEB 2027,"Harga, pajak, dan availability final setelah admin cek manual ke hotel/OTA."
MADINAH,STANDARD,Hotel Saraya Haramony,,Alharmain PDF 12 Oct 2026 - 7 Feb 2027,Quad Room,FB meal plan,2026-10-12,2027-02-07,12 Oct 2026 - 7 Feb 2027,per kamar per malam,SAR,760,2,2,1,WiFi/detail fasilitas dicek manual via WhatsApp,Ketersediaan akhir dan payment dilanjutkan manual via WhatsApp,745,2026-07-06,INACTIVE,Source: (Madina Hotel 2026) New Season Far East 15 June 20_260630_175141.pdf | Page: madina_page-24.png | Meal: FB | Source period text: 12 OCT 2026 TO 7 FEB 2027,"Harga, pajak, dan availability final setelah admin cek manual ke hotel/OTA."
MADINAH,STANDARD,Hotel Saraya Haramony,,Alharmain PDF 8 Feb - 22 Feb 2027,Double Room,FB meal plan,2027-02-08,2027-02-22,8 Feb - 22 Feb 2027,per kamar per malam,SAR,710,2,2,1,WiFi/detail fasilitas dicek manual via WhatsApp,Ketersediaan akhir dan payment dilanjutkan manual via WhatsApp,746,2026-07-06,INACTIVE,Source: (Madina Hotel 2026) New Season Far East 15 June 20_260630_175141.pdf | Page: madina_page-24.png | Meal: FB | Source period text: 8 FEB 2027 TO 22 FEB 2027,"Harga, pajak, dan availability final setelah admin cek manual ke hotel/OTA."
MADINAH,STANDARD,Hotel Saraya Haramony,,Alharmain PDF 8 Feb - 22 Feb 2027,Triple Room,FB meal plan,2027-02-08,2027-02-22,8 Feb - 22 Feb 2027,per kamar per malam,SAR,770,2,2,1,WiFi/detail fasilitas dicek manual via WhatsApp,Ketersediaan akhir dan payment dilanjutkan manual via WhatsApp,747,2026-07-06,INACTIVE,Source: (Madina Hotel 2026) New Season Far East 15 June 20_260630_175141.pdf | Page: madina_page-24.png | Meal: FB | Source period text: 8 FEB 2027 TO 22 FEB 2027,"Harga, pajak, dan availability final setelah admin cek manual ke hotel/OTA."
MADINAH,STANDARD,Hotel Saraya Haramony,,Alharmain PDF 8 Feb - 22 Feb 2027,Quad Room,FB meal plan,2027-02-08,2027-02-22,8 Feb - 22 Feb 2027,per kamar per malam,SAR,830,2,2,1,WiFi/detail fasilitas dicek manual via WhatsApp,Ketersediaan akhir dan payment dilanjutkan manual via WhatsApp,748,2026-07-06,INACTIVE,Source: (Madina Hotel 2026) New Season Far East 15 June 20_260630_175141.pdf | Page: madina_page-24.png | Meal: FB | Source period text: 8 FEB 2027 TO 22 FEB 2027,"Harga, pajak, dan availability final setelah admin cek manual ke hotel/OTA."
MADINAH,STANDARD,Hotel Saraya Haramony,,Alharmain PDF 22 Feb - 8 Mar 2027,Double Room,FB meal plan,2027-02-22,2027-03-08,22 Feb - 8 Mar 2027,per kamar per malam,SAR,770,2,2,1,WiFi/detail fasilitas dicek manual via WhatsApp,Ketersediaan akhir dan payment dilanjutkan manual via WhatsApp,749,2026-07-06,INACTIVE,Source: (Madina Hotel 2026) New Season Far East 15 June 20_260630_175141.pdf | Page: madina_page-24.png | Meal: FB | Source period text: 22 FEB 2027 TO 8 MAR 2027,"Harga, pajak, dan availability final setelah admin cek manual ke hotel/OTA."
MADINAH,STANDARD,Hotel Saraya Haramony,,Alharmain PDF 22 Feb - 8 Mar 2027,Triple Room,FB meal plan,2027-02-22,2027-03-08,22 Feb - 8 Mar 2027,per kamar per malam,SAR,895,2,2,1,WiFi/detail fasilitas dicek manual via WhatsApp,Ketersediaan akhir dan payment dilanjutkan manual via WhatsApp,750,2026-07-06,INACTIVE,Source: (Madina Hotel 2026) New Season Far East 15 June 20_260630_175141.pdf | Page: madina_page-24.png | Meal: FB | Source period text: 22 FEB 2027 TO 8 MAR 2027,"Harga, pajak, dan availability final setelah admin cek manual ke hotel/OTA."
MADINAH,STANDARD,Hotel Saraya Haramony,,Alharmain PDF 22 Feb - 8 Mar 2027,Quad Room,FB meal plan,2027-02-22,2027-03-08,22 Feb - 8 Mar 2027,per kamar per malam,SAR,1015,2,2,1,WiFi/detail fasilitas dicek manual via WhatsApp,Ketersediaan akhir dan payment dilanjutkan manual via WhatsApp,751,2026-07-06,INACTIVE,Source: (Madina Hotel 2026) New Season Far East 15 June 20_260630_175141.pdf | Page: madina_page-24.png | Meal: FB | Source period text: 22 FEB 2027 TO 8 MAR 2027,"Harga, pajak, dan availability final setelah admin cek manual ke hotel/OTA."
MADINAH,STANDARD,Hotel Rehab Haramony,,Alharmain PDF Jun-Aug 2026,Double Room,FB meal plan,2026-06-01,2026-08-31,Jun-Aug 2026,per kamar per malam,SAR,340,2,2,1,WiFi/detail fasilitas dicek manual via WhatsApp,Ketersediaan akhir dan payment dilanjutkan manual via WhatsApp,752,2026-07-06,INACTIVE,Source: (Madina Hotel 2026) New Season Far East 15 June 20_260630_175141.pdf | Page: madina_page-24.png | Meal: FB | Source period text: 31 JUNE 2026 TO 13 AUGUST 2026,"Harga, pajak, dan availability final setelah admin cek manual ke hotel/OTA."
MADINAH,STANDARD,Hotel Rehab Haramony,,Alharmain PDF Jun-Aug 2026,Triple Room,FB meal plan,2026-06-01,2026-08-31,Jun-Aug 2026,per kamar per malam,SAR,400,2,2,1,WiFi/detail fasilitas dicek manual via WhatsApp,Ketersediaan akhir dan payment dilanjutkan manual via WhatsApp,753,2026-07-06,INACTIVE,Source: (Madina Hotel 2026) New Season Far East 15 June 20_260630_175141.pdf | Page: madina_page-24.png | Meal: FB | Source period text: 31 JUNE 2026 TO 13 AUGUST 2026,"Harga, pajak, dan availability final setelah admin cek manual ke hotel/OTA."
MADINAH,STANDARD,Hotel Rehab Haramony,,Alharmain PDF Jun-Aug 2026,Quad Room,FB meal plan,2026-06-01,2026-08-31,Jun-Aug 2026,per kamar per malam,SAR,465,2,2,1,WiFi/detail fasilitas dicek manual via WhatsApp,Ketersediaan akhir dan payment dilanjutkan manual via WhatsApp,754,2026-07-06,INACTIVE,Source: (Madina Hotel 2026) New Season Far East 15 June 20_260630_175141.pdf | Page: madina_page-24.png | Meal: FB | Source period text: 31 JUNE 2026 TO 13 AUGUST 2026,"Harga, pajak, dan availability final setelah admin cek manual ke hotel/OTA."
MADINAH,STANDARD,Hotel Rehab Haramony,,Alharmain PDF 14 Aug - 11 Oct 2026,Double Room,FB meal plan,2026-08-14,2026-10-11,14 Aug - 11 Oct 2026,per kamar per malam,SAR,400,2,2,1,WiFi/detail fasilitas dicek manual via WhatsApp,Ketersediaan akhir dan payment dilanjutkan manual via WhatsApp,755,2026-07-06,INACTIVE,Source: (Madina Hotel 2026) New Season Far East 15 June 20_260630_175141.pdf | Page: madina_page-24.png | Meal: FB | Source period text: 14 AUGUST 2026 TO 11 OCT 2026,"Harga, pajak, dan availability final setelah admin cek manual ke hotel/OTA."
MADINAH,STANDARD,Hotel Rehab Haramony,,Alharmain PDF 14 Aug - 11 Oct 2026,Triple Room,FB meal plan,2026-08-14,2026-10-11,14 Aug - 11 Oct 2026,per kamar per malam,SAR,465,2,2,1,WiFi/detail fasilitas dicek manual via WhatsApp,Ketersediaan akhir dan payment dilanjutkan manual via WhatsApp,756,2026-07-06,INACTIVE,Source: (Madina Hotel 2026) New Season Far East 15 June 20_260630_175141.pdf | Page: madina_page-24.png | Meal: FB | Source period text: 14 AUGUST 2026 TO 11 OCT 2026,"Harga, pajak, dan availability final setelah admin cek manual ke hotel/OTA."
MADINAH,STANDARD,Hotel Rehab Haramony,,Alharmain PDF 14 Aug - 11 Oct 2026,Quad Room,FB meal plan,2026-08-14,2026-10-11,14 Aug - 11 Oct 2026,per kamar per malam,SAR,525,2,2,1,WiFi/detail fasilitas dicek manual via WhatsApp,Ketersediaan akhir dan payment dilanjutkan manual via WhatsApp,757,2026-07-06,INACTIVE,Source: (Madina Hotel 2026) New Season Far East 15 June 20_260630_175141.pdf | Page: madina_page-24.png | Meal: FB | Source period text: 14 AUGUST 2026 TO 11 OCT 2026,"Harga, pajak, dan availability final setelah admin cek manual ke hotel/OTA."
MADINAH,STANDARD,Hotel Rehab Haramony,,Alharmain PDF Feb 2027,Double Room,FB meal plan,2027-02-01,2027-02-28,Feb 2027,per kamar per malam,SAR,465,2,2,1,WiFi/detail fasilitas dicek manual via WhatsApp,Ketersediaan akhir dan payment dilanjutkan manual via WhatsApp,758,2026-07-06,INACTIVE,Source: (Madina Hotel 2026) New Season Far East 15 June 20_260630_175141.pdf | Page: madina_page-24.png | Meal: FB | Source period text: 7 FEB 2027,"Harga, pajak, dan availability final setelah admin cek manual ke hotel/OTA."
MADINAH,STANDARD,Hotel Rehab Haramony,,Alharmain PDF Feb 2027,Triple Room,FB meal plan,2027-02-01,2027-02-28,Feb 2027,per kamar per malam,SAR,525,2,2,1,WiFi/detail fasilitas dicek manual via WhatsApp,Ketersediaan akhir dan payment dilanjutkan manual via WhatsApp,759,2026-07-06,INACTIVE,Source: (Madina Hotel 2026) New Season Far East 15 June 20_260630_175141.pdf | Page: madina_page-24.png | Meal: FB | Source period text: 7 FEB 2027,"Harga, pajak, dan availability final setelah admin cek manual ke hotel/OTA."
MADINAH,STANDARD,Hotel Rehab Haramony,,Alharmain PDF Feb 2027,Quad Room,FB meal plan,2027-02-01,2027-02-28,Feb 2027,per kamar per malam,SAR,585,2,2,1,WiFi/detail fasilitas dicek manual via WhatsApp,Ketersediaan akhir dan payment dilanjutkan manual via WhatsApp,760,2026-07-06,INACTIVE,Source: (Madina Hotel 2026) New Season Far East 15 June 20_260630_175141.pdf | Page: madina_page-24.png | Meal: FB | Source period text: 7 FEB 2027,"Harga, pajak, dan availability final setelah admin cek manual ke hotel/OTA."
MADINAH,STANDARD,Hotel Rehab Haramony,,Alharmain PDF 8 Feb - 22 Feb 2027,Double Room,FB meal plan,2027-02-08,2027-02-22,8 Feb - 22 Feb 2027,per kamar per malam,SAR,585,2,2,1,WiFi/detail fasilitas dicek manual via WhatsApp,Ketersediaan akhir dan payment dilanjutkan manual via WhatsApp,761,2026-07-06,INACTIVE,Source: (Madina Hotel 2026) New Season Far East 15 June 20_260630_175141.pdf | Page: madina_page-24.png | Meal: FB | Source period text: 8 FEB 2027 TO 22 FEB 2027,"Harga, pajak, dan availability final setelah admin cek manual ke hotel/OTA."
MADINAH,STANDARD,Hotel Rehab Haramony,,Alharmain PDF 8 Feb - 22 Feb 2027,Triple Room,FB meal plan,2027-02-08,2027-02-22,8 Feb - 22 Feb 2027,per kamar per malam,SAR,645,2,2,1,WiFi/detail fasilitas dicek manual via WhatsApp,Ketersediaan akhir dan payment dilanjutkan manual via WhatsApp,762,2026-07-06,INACTIVE,Source: (Madina Hotel 2026) New Season Far East 15 June 20_260630_175141.pdf | Page: madina_page-24.png | Meal: FB | Source period text: 8 FEB 2027 TO 22 FEB 2027,"Harga, pajak, dan availability final setelah admin cek manual ke hotel/OTA."
MADINAH,STANDARD,Hotel Rehab Haramony,,Alharmain PDF 8 Feb - 22 Feb 2027,Quad Room,FB meal plan,2027-02-08,2027-02-22,8 Feb - 22 Feb 2027,per kamar per malam,SAR,710,2,2,1,WiFi/detail fasilitas dicek manual via WhatsApp,Ketersediaan akhir dan payment dilanjutkan manual via WhatsApp,763,2026-07-06,INACTIVE,Source: (Madina Hotel 2026) New Season Far East 15 June 20_260630_175141.pdf | Page: madina_page-24.png | Meal: FB | Source period text: 8 FEB 2027 TO 22 FEB 2027,"Harga, pajak, dan availability final setelah admin cek manual ke hotel/OTA."
MADINAH,STANDARD,Hotel Rehab Haramony,,Alharmain PDF 22 Feb - 8 Mar 2027,Double Room,FB meal plan,2027-02-22,2027-03-08,22 Feb - 8 Mar 2027,per kamar per malam,SAR,645,2,2,1,WiFi/detail fasilitas dicek manual via WhatsApp,Ketersediaan akhir dan payment dilanjutkan manual via WhatsApp,764,2026-07-06,INACTIVE,Source: (Madina Hotel 2026) New Season Far East 15 June 20_260630_175141.pdf | Page: madina_page-24.png | Meal: FB | Source period text: 22 FEB 2027 TO 8 MAR 2027,"Harga, pajak, dan availability final setelah admin cek manual ke hotel/OTA."
MADINAH,STANDARD,Hotel Rehab Haramony,,Alharmain PDF 22 Feb - 8 Mar 2027,Triple Room,FB meal plan,2027-02-22,2027-03-08,22 Feb - 8 Mar 2027,per kamar per malam,SAR,710,2,2,1,WiFi/detail fasilitas dicek manual via WhatsApp,Ketersediaan akhir dan payment dilanjutkan manual via WhatsApp,765,2026-07-06,INACTIVE,Source: (Madina Hotel 2026) New Season Far East 15 June 20_260630_175141.pdf | Page: madina_page-24.png | Meal: FB | Source period text: 22 FEB 2027 TO 8 MAR 2027,"Harga, pajak, dan availability final setelah admin cek manual ke hotel/OTA."
MADINAH,STANDARD,Hotel Rehab Haramony,,Alharmain PDF 22 Feb - 8 Mar 2027,Quad Room,FB meal plan,2027-02-22,2027-03-08,22 Feb - 8 Mar 2027,per kamar per malam,SAR,760,2,2,1,WiFi/detail fasilitas dicek manual via WhatsApp,Ketersediaan akhir dan payment dilanjutkan manual via WhatsApp,766,2026-07-06,INACTIVE,Source: (Madina Hotel 2026) New Season Far East 15 June 20_260630_175141.pdf | Page: madina_page-24.png | Meal: FB | Source period text: 22 FEB 2027 TO 8 MAR 2027,"Harga, pajak, dan availability final setelah admin cek manual ke hotel/OTA."
MADINAH,STANDARD,Hotel Andalus Golden Palace,,Alharmain PDF 1 Jul - 30 Jul 2026,Double Room,FB meal plan,2026-07-01,2026-07-30,1 Jul - 30 Jul 2026,per kamar per malam,SAR,380,2,2,1,WiFi/detail fasilitas dicek manual via WhatsApp,Ketersediaan akhir dan payment dilanjutkan manual via WhatsApp,767,2026-07-06,INACTIVE,Source: (Madina Hotel 2026) New Season Far East 15 June 20_260630_175141.pdf | Page: madina_page-24.png | Meal: FB | Source period text: 1 JULY 2026 TO 30 JULY 2026,"Harga, pajak, dan availability final setelah admin cek manual ke hotel/OTA."
MADINAH,STANDARD,Hotel Andalus Golden Palace,,Alharmain PDF 1 Jul - 30 Jul 2026,Triple Room,FB meal plan,2026-07-01,2026-07-30,1 Jul - 30 Jul 2026,per kamar per malam,SAR,425,2,2,1,WiFi/detail fasilitas dicek manual via WhatsApp,Ketersediaan akhir dan payment dilanjutkan manual via WhatsApp,768,2026-07-06,INACTIVE,Source: (Madina Hotel 2026) New Season Far East 15 June 20_260630_175141.pdf | Page: madina_page-24.png | Meal: FB | Source period text: 1 JULY 2026 TO 30 JULY 2026,"Harga, pajak, dan availability final setelah admin cek manual ke hotel/OTA."
MADINAH,STANDARD,Hotel Andalus Golden Palace,,Alharmain PDF 1 Jul - 30 Jul 2026,Quad Room,FB meal plan,2026-07-01,2026-07-30,1 Jul - 30 Jul 2026,per kamar per malam,SAR,470,2,2,1,WiFi/detail fasilitas dicek manual via WhatsApp,Ketersediaan akhir dan payment dilanjutkan manual via WhatsApp,769,2026-07-06,INACTIVE,Source: (Madina Hotel 2026) New Season Far East 15 June 20_260630_175141.pdf | Page: madina_page-24.png | Meal: FB | Source period text: 1 JULY 2026 TO 30 JULY 2026,"Harga, pajak, dan availability final setelah admin cek manual ke hotel/OTA."
MADINAH,STANDARD,Hotel Taiba Hills,,Alharmain PDF 30 Jun - 1 Aug 2026,Double Room,FB meal plan,2026-06-30,2026-08-01,30 Jun - 1 Aug 2026,per kamar per malam,SAR,370,2,2,1,WiFi/detail fasilitas dicek manual via WhatsApp,Ketersediaan akhir dan payment dilanjutkan manual via WhatsApp,770,2026-07-06,INACTIVE,Source: (Madina Hotel 2026) New Season Far East 15 June 20_260630_175141.pdf | Page: madina_page-25.png | Meal: FB | Source period text: 30 JUNE 2026 TO 1 AUGUST 2026,"Harga, pajak, dan availability final setelah admin cek manual ke hotel/OTA."
MADINAH,STANDARD,Hotel Taiba Hills,,Alharmain PDF 30 Jun - 1 Aug 2026,Triple Room,FB meal plan,2026-06-30,2026-08-01,30 Jun - 1 Aug 2026,per kamar per malam,SAR,415,2,2,1,WiFi/detail fasilitas dicek manual via WhatsApp,Ketersediaan akhir dan payment dilanjutkan manual via WhatsApp,771,2026-07-06,INACTIVE,Source: (Madina Hotel 2026) New Season Far East 15 June 20_260630_175141.pdf | Page: madina_page-25.png | Meal: FB | Source period text: 30 JUNE 2026 TO 1 AUGUST 2026,"Harga, pajak, dan availability final setelah admin cek manual ke hotel/OTA."
MADINAH,STANDARD,Hotel Taiba Hills,,Alharmain PDF 30 Jun - 1 Aug 2026,Quad Room,FB meal plan,2026-06-30,2026-08-01,30 Jun - 1 Aug 2026,per kamar per malam,SAR,460,2,2,1,WiFi/detail fasilitas dicek manual via WhatsApp,Ketersediaan akhir dan payment dilanjutkan manual via WhatsApp,772,2026-07-06,INACTIVE,Source: (Madina Hotel 2026) New Season Far East 15 June 20_260630_175141.pdf | Page: madina_page-25.png | Meal: FB | Source period text: 30 JUNE 2026 TO 1 AUGUST 2026,"Harga, pajak, dan availability final setelah admin cek manual ke hotel/OTA."
MADINAH,STANDARD,Hotel Taiba Hills,,Alharmain PDF 1 Aug - 15 Oct 2026,Double Room,FB meal plan,2026-08-01,2026-10-15,1 Aug - 15 Oct 2026,per kamar per malam,SAR,400,2,2,1,WiFi/detail fasilitas dicek manual via WhatsApp,Ketersediaan akhir dan payment dilanjutkan manual via WhatsApp,773,2026-07-06,INACTIVE,Source: (Madina Hotel 2026) New Season Far East 15 June 20_260630_175141.pdf | Page: madina_page-25.png | Meal: FB | Source period text: 1 AUGUST 2026 TO 15 OCT 2026,"Harga, pajak, dan availability final setelah admin cek manual ke hotel/OTA."
MADINAH,STANDARD,Hotel Taiba Hills,,Alharmain PDF 1 Aug - 15 Oct 2026,Triple Room,FB meal plan,2026-08-01,2026-10-15,1 Aug - 15 Oct 2026,per kamar per malam,SAR,445,2,2,1,WiFi/detail fasilitas dicek manual via WhatsApp,Ketersediaan akhir dan payment dilanjutkan manual via WhatsApp,774,2026-07-06,INACTIVE,Source: (Madina Hotel 2026) New Season Far East 15 June 20_260630_175141.pdf | Page: madina_page-25.png | Meal: FB | Source period text: 1 AUGUST 2026 TO 15 OCT 2026,"Harga, pajak, dan availability final setelah admin cek manual ke hotel/OTA."
MADINAH,STANDARD,Hotel Taiba Hills,,Alharmain PDF 1 Aug - 15 Oct 2026,Quad Room,FB meal plan,2026-08-01,2026-10-15,1 Aug - 15 Oct 2026,per kamar per malam,SAR,490,2,2,1,WiFi/detail fasilitas dicek manual via WhatsApp,Ketersediaan akhir dan payment dilanjutkan manual via WhatsApp,775,2026-07-06,INACTIVE,Source: (Madina Hotel 2026) New Season Far East 15 June 20_260630_175141.pdf | Page: madina_page-25.png | Meal: FB | Source period text: 1 AUGUST 2026 TO 15 OCT 2026,"Harga, pajak, dan availability final setelah admin cek manual ke hotel/OTA."
MADINAH,STANDARD,Hotel Taiba Hills,,Alharmain PDF 15 Oct - 15 Nov 2026,Double Room,FB meal plan,2026-10-15,2026-11-15,15 Oct - 15 Nov 2026,per kamar per malam,SAR,470,2,2,1,WiFi/detail fasilitas dicek manual via WhatsApp,Ketersediaan akhir dan payment dilanjutkan manual via WhatsApp,776,2026-07-06,INACTIVE,Source: (Madina Hotel 2026) New Season Far East 15 June 20_260630_175141.pdf | Page: madina_page-25.png | Meal: FB | Source period text: 15 OCT 2026 TO 15 NOV 2026,"Harga, pajak, dan availability final setelah admin cek manual ke hotel/OTA."
MADINAH,STANDARD,Hotel Taiba Hills,,Alharmain PDF 15 Oct - 15 Nov 2026,Triple Room,FB meal plan,2026-10-15,2026-11-15,15 Oct - 15 Nov 2026,per kamar per malam,SAR,515,2,2,1,WiFi/detail fasilitas dicek manual via WhatsApp,Ketersediaan akhir dan payment dilanjutkan manual via WhatsApp,777,2026-07-06,INACTIVE,Source: (Madina Hotel 2026) New Season Far East 15 June 20_260630_175141.pdf | Page: madina_page-25.png | Meal: FB | Source period text: 15 OCT 2026 TO 15 NOV 2026,"Harga, pajak, dan availability final setelah admin cek manual ke hotel/OTA."
MADINAH,STANDARD,Hotel Taiba Hills,,Alharmain PDF 15 Oct - 15 Nov 2026,Quad Room,FB meal plan,2026-10-15,2026-11-15,15 Oct - 15 Nov 2026,per kamar per malam,SAR,560,2,2,1,WiFi/detail fasilitas dicek manual via WhatsApp,Ketersediaan akhir dan payment dilanjutkan manual via WhatsApp,778,2026-07-06,INACTIVE,Source: (Madina Hotel 2026) New Season Far East 15 June 20_260630_175141.pdf | Page: madina_page-25.png | Meal: FB | Source period text: 15 OCT 2026 TO 15 NOV 2026,"Harga, pajak, dan availability final setelah admin cek manual ke hotel/OTA."
MADINAH,STANDARD,Hotel Arjwan Al Saada,,Alharmain PDF 30 Jun - 1 Aug 2026,Double Room,FB meal plan,2026-06-30,2026-08-01,30 Jun - 1 Aug 2026,per kamar per malam,SAR,340,2,2,1,WiFi/detail fasilitas dicek manual via WhatsApp,Ketersediaan akhir dan payment dilanjutkan manual via WhatsApp,779,2026-07-06,INACTIVE,Source: (Madina Hotel 2026) New Season Far East 15 June 20_260630_175141.pdf | Page: madina_page-25.png | Meal: FB | Source period text: 30 JUNE 2026 TO 1 AUGUST 2026,"Harga, pajak, dan availability final setelah admin cek manual ke hotel/OTA."
MADINAH,STANDARD,Hotel Arjwan Al Saada,,Alharmain PDF 30 Jun - 1 Aug 2026,Triple Room,FB meal plan,2026-06-30,2026-08-01,30 Jun - 1 Aug 2026,per kamar per malam,SAR,380,2,2,1,WiFi/detail fasilitas dicek manual via WhatsApp,Ketersediaan akhir dan payment dilanjutkan manual via WhatsApp,780,2026-07-06,INACTIVE,Source: (Madina Hotel 2026) New Season Far East 15 June 20_260630_175141.pdf | Page: madina_page-25.png | Meal: FB | Source period text: 30 JUNE 2026 TO 1 AUGUST 2026,"Harga, pajak, dan availability final setelah admin cek manual ke hotel/OTA."
MADINAH,STANDARD,Hotel Arjwan Al Saada,,Alharmain PDF 30 Jun - 1 Aug 2026,Quad Room,FB meal plan,2026-06-30,2026-08-01,30 Jun - 1 Aug 2026,per kamar per malam,SAR,420,2,2,1,WiFi/detail fasilitas dicek manual via WhatsApp,Ketersediaan akhir dan payment dilanjutkan manual via WhatsApp,781,2026-07-06,INACTIVE,Source: (Madina Hotel 2026) New Season Far East 15 June 20_260630_175141.pdf | Page: madina_page-25.png | Meal: FB | Source period text: 30 JUNE 2026 TO 1 AUGUST 2026,"Harga, pajak, dan availability final setelah admin cek manual ke hotel/OTA."
MADINAH,STANDARD,Hotel Arjwan Al Saada,,Alharmain PDF 1 Aug - 15 Oct 2026,Double Room,FB meal plan,2026-08-01,2026-10-15,1 Aug - 15 Oct 2026,per kamar per malam,SAR,370,2,2,1,WiFi/detail fasilitas dicek manual via WhatsApp,Ketersediaan akhir dan payment dilanjutkan manual via WhatsApp,782,2026-07-06,INACTIVE,Source: (Madina Hotel 2026) New Season Far East 15 June 20_260630_175141.pdf | Page: madina_page-25.png | Meal: FB | Source period text: 1 AUGUST 2026 TO 15 OCT 2026,"Harga, pajak, dan availability final setelah admin cek manual ke hotel/OTA."
MADINAH,STANDARD,Hotel Arjwan Al Saada,,Alharmain PDF 1 Aug - 15 Oct 2026,Triple Room,FB meal plan,2026-08-01,2026-10-15,1 Aug - 15 Oct 2026,per kamar per malam,SAR,410,2,2,1,WiFi/detail fasilitas dicek manual via WhatsApp,Ketersediaan akhir dan payment dilanjutkan manual via WhatsApp,783,2026-07-06,INACTIVE,Source: (Madina Hotel 2026) New Season Far East 15 June 20_260630_175141.pdf | Page: madina_page-25.png | Meal: FB | Source period text: 1 AUGUST 2026 TO 15 OCT 2026,"Harga, pajak, dan availability final setelah admin cek manual ke hotel/OTA."
MADINAH,STANDARD,Hotel Arjwan Al Saada,,Alharmain PDF 1 Aug - 15 Oct 2026,Quad Room,FB meal plan,2026-08-01,2026-10-15,1 Aug - 15 Oct 2026,per kamar per malam,SAR,450,2,2,1,WiFi/detail fasilitas dicek manual via WhatsApp,Ketersediaan akhir dan payment dilanjutkan manual via WhatsApp,784,2026-07-06,INACTIVE,Source: (Madina Hotel 2026) New Season Far East 15 June 20_260630_175141.pdf | Page: madina_page-25.png | Meal: FB | Source period text: 1 AUGUST 2026 TO 15 OCT 2026,"Harga, pajak, dan availability final setelah admin cek manual ke hotel/OTA."
MADINAH,STANDARD,Hotel Arjwan Al Saada,,Alharmain PDF 15 Oct - 15 Nov 2026,Double Room,FB meal plan,2026-10-15,2026-11-15,15 Oct - 15 Nov 2026,per kamar per malam,SAR,430,2,2,1,WiFi/detail fasilitas dicek manual via WhatsApp,Ketersediaan akhir dan payment dilanjutkan manual via WhatsApp,785,2026-07-06,INACTIVE,Source: (Madina Hotel 2026) New Season Far East 15 June 20_260630_175141.pdf | Page: madina_page-25.png | Meal: FB | Source period text: 15 OCT 2026 TO 15 NOV 2026,"Harga, pajak, dan availability final setelah admin cek manual ke hotel/OTA."
MADINAH,STANDARD,Hotel Arjwan Al Saada,,Alharmain PDF 15 Oct - 15 Nov 2026,Triple Room,FB meal plan,2026-10-15,2026-11-15,15 Oct - 15 Nov 2026,per kamar per malam,SAR,470,2,2,1,WiFi/detail fasilitas dicek manual via WhatsApp,Ketersediaan akhir dan payment dilanjutkan manual via WhatsApp,786,2026-07-06,INACTIVE,Source: (Madina Hotel 2026) New Season Far East 15 June 20_260630_175141.pdf | Page: madina_page-25.png | Meal: FB | Source period text: 15 OCT 2026 TO 15 NOV 2026,"Harga, pajak, dan availability final setelah admin cek manual ke hotel/OTA."
MADINAH,STANDARD,Hotel Arjwan Al Saada,,Alharmain PDF 15 Oct - 15 Nov 2026,Quad Room,FB meal plan,2026-10-15,2026-11-15,15 Oct - 15 Nov 2026,per kamar per malam,SAR,510,2,2,1,WiFi/detail fasilitas dicek manual via WhatsApp,Ketersediaan akhir dan payment dilanjutkan manual via WhatsApp,787,2026-07-06,INACTIVE,Source: (Madina Hotel 2026) New Season Far East 15 June 20_260630_175141.pdf | Page: madina_page-25.png | Meal: FB | Source period text: 15 OCT 2026 TO 15 NOV 2026,"Harga, pajak, dan availability final setelah admin cek manual ke hotel/OTA."
MADINAH,STANDARD,Hotel Manazil Al Rahma,,Alharmain PDF 30 Jun - 1 Aug 2026,Double Room,FB meal plan,2026-06-30,2026-08-01,30 Jun - 1 Aug 2026,per kamar per malam,SAR,370,2,2,1,WiFi/detail fasilitas dicek manual via WhatsApp,Ketersediaan akhir dan payment dilanjutkan manual via WhatsApp,788,2026-07-06,INACTIVE,Source: (Madina Hotel 2026) New Season Far East 15 June 20_260630_175141.pdf | Page: madina_page-25.png | Meal: FB | Source period text: 30 JUNE 2026 TO 1 AUGUST 2026,"Harga, pajak, dan availability final setelah admin cek manual ke hotel/OTA."
MADINAH,STANDARD,Hotel Manazil Al Rahma,,Alharmain PDF 30 Jun - 1 Aug 2026,Triple Room,FB meal plan,2026-06-30,2026-08-01,30 Jun - 1 Aug 2026,per kamar per malam,SAR,415,2,2,1,WiFi/detail fasilitas dicek manual via WhatsApp,Ketersediaan akhir dan payment dilanjutkan manual via WhatsApp,789,2026-07-06,INACTIVE,Source: (Madina Hotel 2026) New Season Far East 15 June 20_260630_175141.pdf | Page: madina_page-25.png | Meal: FB | Source period text: 30 JUNE 2026 TO 1 AUGUST 2026,"Harga, pajak, dan availability final setelah admin cek manual ke hotel/OTA."
MADINAH,STANDARD,Hotel Manazil Al Rahma,,Alharmain PDF 30 Jun - 1 Aug 2026,Quad Room,FB meal plan,2026-06-30,2026-08-01,30 Jun - 1 Aug 2026,per kamar per malam,SAR,460,2,2,1,WiFi/detail fasilitas dicek manual via WhatsApp,Ketersediaan akhir dan payment dilanjutkan manual via WhatsApp,790,2026-07-06,INACTIVE,Source: (Madina Hotel 2026) New Season Far East 15 June 20_260630_175141.pdf | Page: madina_page-25.png | Meal: FB | Source period text: 30 JUNE 2026 TO 1 AUGUST 2026,"Harga, pajak, dan availability final setelah admin cek manual ke hotel/OTA."
MADINAH,STANDARD,Hotel Manazil Al Rahma,,Alharmain PDF 1 Aug - 15 Oct 2026,Double Room,FB meal plan,2026-08-01,2026-10-15,1 Aug - 15 Oct 2026,per kamar per malam,SAR,400,2,2,1,WiFi/detail fasilitas dicek manual via WhatsApp,Ketersediaan akhir dan payment dilanjutkan manual via WhatsApp,791,2026-07-06,INACTIVE,Source: (Madina Hotel 2026) New Season Far East 15 June 20_260630_175141.pdf | Page: madina_page-25.png | Meal: FB | Source period text: 1 AUGUST 2026 TO 15 OCT 2026,"Harga, pajak, dan availability final setelah admin cek manual ke hotel/OTA."
MADINAH,STANDARD,Hotel Manazil Al Rahma,,Alharmain PDF 1 Aug - 15 Oct 2026,Triple Room,FB meal plan,2026-08-01,2026-10-15,1 Aug - 15 Oct 2026,per kamar per malam,SAR,445,2,2,1,WiFi/detail fasilitas dicek manual via WhatsApp,Ketersediaan akhir dan payment dilanjutkan manual via WhatsApp,792,2026-07-06,INACTIVE,Source: (Madina Hotel 2026) New Season Far East 15 June 20_260630_175141.pdf | Page: madina_page-25.png | Meal: FB | Source period text: 1 AUGUST 2026 TO 15 OCT 2026,"Harga, pajak, dan availability final setelah admin cek manual ke hotel/OTA."
MADINAH,STANDARD,Hotel Manazil Al Rahma,,Alharmain PDF 1 Aug - 15 Oct 2026,Quad Room,FB meal plan,2026-08-01,2026-10-15,1 Aug - 15 Oct 2026,per kamar per malam,SAR,490,2,2,1,WiFi/detail fasilitas dicek manual via WhatsApp,Ketersediaan akhir dan payment dilanjutkan manual via WhatsApp,793,2026-07-06,INACTIVE,Source: (Madina Hotel 2026) New Season Far East 15 June 20_260630_175141.pdf | Page: madina_page-25.png | Meal: FB | Source period text: 1 AUGUST 2026 TO 15 OCT 2026,"Harga, pajak, dan availability final setelah admin cek manual ke hotel/OTA."
MADINAH,STANDARD,Hotel Manazil Al Rahma,,Alharmain PDF 15 Oct - 15 Nov 2026,Double Room,FB meal plan,2026-10-15,2026-11-15,15 Oct - 15 Nov 2026,per kamar per malam,SAR,470,2,2,1,WiFi/detail fasilitas dicek manual via WhatsApp,Ketersediaan akhir dan payment dilanjutkan manual via WhatsApp,794,2026-07-06,INACTIVE,Source: (Madina Hotel 2026) New Season Far East 15 June 20_260630_175141.pdf | Page: madina_page-25.png | Meal: FB | Source period text: 15 OCT 2026 TO 15 NOV 2026,"Harga, pajak, dan availability final setelah admin cek manual ke hotel/OTA."
MADINAH,STANDARD,Hotel Manazil Al Rahma,,Alharmain PDF 15 Oct - 15 Nov 2026,Triple Room,FB meal plan,2026-10-15,2026-11-15,15 Oct - 15 Nov 2026,per kamar per malam,SAR,515,2,2,1,WiFi/detail fasilitas dicek manual via WhatsApp,Ketersediaan akhir dan payment dilanjutkan manual via WhatsApp,795,2026-07-06,INACTIVE,Source: (Madina Hotel 2026) New Season Far East 15 June 20_260630_175141.pdf | Page: madina_page-25.png | Meal: FB | Source period text: 15 OCT 2026 TO 15 NOV 2026,"Harga, pajak, dan availability final setelah admin cek manual ke hotel/OTA."
MADINAH,STANDARD,Hotel Manazil Al Rahma,,Alharmain PDF 15 Oct - 15 Nov 2026,Quad Room,FB meal plan,2026-10-15,2026-11-15,15 Oct - 15 Nov 2026,per kamar per malam,SAR,560,2,2,1,WiFi/detail fasilitas dicek manual via WhatsApp,Ketersediaan akhir dan payment dilanjutkan manual via WhatsApp,796,2026-07-06,INACTIVE,Source: (Madina Hotel 2026) New Season Far East 15 June 20_260630_175141.pdf | Page: madina_page-25.png | Meal: FB | Source period text: 15 OCT 2026 TO 15 NOV 2026,"Harga, pajak, dan availability final setelah admin cek manual ke hotel/OTA."
MADINAH,STANDARD,Hotel Al Ansar Golden Tulip,,Alharmain PDF 30 Jun - 20 Aug 2026,Double Room,FB meal plan,2026-06-30,2026-08-20,30 Jun - 20 Aug 2026,per kamar per malam,SAR,500,2,2,1,WiFi/detail fasilitas dicek manual via WhatsApp,Ketersediaan akhir dan payment dilanjutkan manual via WhatsApp,797,2026-07-06,INACTIVE,Source: (Madina Hotel 2026) New Season Far East 15 June 20_260630_175141.pdf | Page: madina_page-26.png | Meal: FB | Source period text: 30 JUNE 2026 TO 20 AUGUST 2026,"Harga, pajak, dan availability final setelah admin cek manual ke hotel/OTA."
MADINAH,STANDARD,Hotel Al Ansar Golden Tulip,,Alharmain PDF 30 Jun - 20 Aug 2026,Triple Room,FB meal plan,2026-06-30,2026-08-20,30 Jun - 20 Aug 2026,per kamar per malam,SAR,545,2,2,1,WiFi/detail fasilitas dicek manual via WhatsApp,Ketersediaan akhir dan payment dilanjutkan manual via WhatsApp,798,2026-07-06,INACTIVE,Source: (Madina Hotel 2026) New Season Far East 15 June 20_260630_175141.pdf | Page: madina_page-26.png | Meal: FB | Source period text: 30 JUNE 2026 TO 20 AUGUST 2026,"Harga, pajak, dan availability final setelah admin cek manual ke hotel/OTA."
MADINAH,STANDARD,Hotel Al Ansar Golden Tulip,,Alharmain PDF 30 Jun - 20 Aug 2026,Quad Room,FB meal plan,2026-06-30,2026-08-20,30 Jun - 20 Aug 2026,per kamar per malam,SAR,590,2,2,1,WiFi/detail fasilitas dicek manual via WhatsApp,Ketersediaan akhir dan payment dilanjutkan manual via WhatsApp,799,2026-07-06,INACTIVE,Source: (Madina Hotel 2026) New Season Far East 15 June 20_260630_175141.pdf | Page: madina_page-26.png | Meal: FB | Source period text: 30 JUNE 2026 TO 20 AUGUST 2026,"Harga, pajak, dan availability final setelah admin cek manual ke hotel/OTA."
MADINAH,STANDARD,Hotel Al Ansar Golden Tulip,,Alharmain PDF 20 Aug - 12 Nov 2026,Double Room,FB meal plan,2026-08-20,2026-11-12,20 Aug - 12 Nov 2026,per kamar per malam,SAR,570,2,2,1,WiFi/detail fasilitas dicek manual via WhatsApp,Ketersediaan akhir dan payment dilanjutkan manual via WhatsApp,800,2026-07-06,INACTIVE,Source: (Madina Hotel 2026) New Season Far East 15 June 20_260630_175141.pdf | Page: madina_page-26.png | Meal: FB | Source period text: 20 AUGUST 2026 TO 12 NOV 2026,"Harga, pajak, dan availability final setelah admin cek manual ke hotel/OTA."
MADINAH,STANDARD,Hotel Al Ansar Golden Tulip,,Alharmain PDF 20 Aug - 12 Nov 2026,Triple Room,FB meal plan,2026-08-20,2026-11-12,20 Aug - 12 Nov 2026,per kamar per malam,SAR,615,2,2,1,WiFi/detail fasilitas dicek manual via WhatsApp,Ketersediaan akhir dan payment dilanjutkan manual via WhatsApp,801,2026-07-06,INACTIVE,Source: (Madina Hotel 2026) New Season Far East 15 June 20_260630_175141.pdf | Page: madina_page-26.png | Meal: FB | Source period text: 20 AUGUST 2026 TO 12 NOV 2026,"Harga, pajak, dan availability final setelah admin cek manual ke hotel/OTA."
MADINAH,STANDARD,Hotel Al Ansar Golden Tulip,,Alharmain PDF 20 Aug - 12 Nov 2026,Quad Room,FB meal plan,2026-08-20,2026-11-12,20 Aug - 12 Nov 2026,per kamar per malam,SAR,660,2,2,1,WiFi/detail fasilitas dicek manual via WhatsApp,Ketersediaan akhir dan payment dilanjutkan manual via WhatsApp,802,2026-07-06,INACTIVE,Source: (Madina Hotel 2026) New Season Far East 15 June 20_260630_175141.pdf | Page: madina_page-26.png | Meal: FB | Source period text: 20 AUGUST 2026 TO 12 NOV 2026,"Harga, pajak, dan availability final setelah admin cek manual ke hotel/OTA."
MADINAH,STANDARD,Hotel Al Ansar Golden Tulip,,Alharmain PDF 12 Nov - 17 Dec 2026,Double Room,FB meal plan,2026-11-12,2026-12-17,12 Nov - 17 Dec 2026,per kamar per malam,SAR,670,2,2,1,WiFi/detail fasilitas dicek manual via WhatsApp,Ketersediaan akhir dan payment dilanjutkan manual via WhatsApp,803,2026-07-06,INACTIVE,Source: (Madina Hotel 2026) New Season Far East 15 June 20_260630_175141.pdf | Page: madina_page-26.png | Meal: FB | Source period text: 12 NOV 2026 TO 17 DEC 2026,"Harga, pajak, dan availability final setelah admin cek manual ke hotel/OTA."
MADINAH,STANDARD,Hotel Al Ansar Golden Tulip,,Alharmain PDF 12 Nov - 17 Dec 2026,Triple Room,FB meal plan,2026-11-12,2026-12-17,12 Nov - 17 Dec 2026,per kamar per malam,SAR,715,2,2,1,WiFi/detail fasilitas dicek manual via WhatsApp,Ketersediaan akhir dan payment dilanjutkan manual via WhatsApp,804,2026-07-06,INACTIVE,Source: (Madina Hotel 2026) New Season Far East 15 June 20_260630_175141.pdf | Page: madina_page-26.png | Meal: FB | Source period text: 12 NOV 2026 TO 17 DEC 2026,"Harga, pajak, dan availability final setelah admin cek manual ke hotel/OTA."
MADINAH,STANDARD,Hotel Al Ansar Golden Tulip,,Alharmain PDF 12 Nov - 17 Dec 2026,Quad Room,FB meal plan,2026-11-12,2026-12-17,12 Nov - 17 Dec 2026,per kamar per malam,SAR,760,2,2,1,WiFi/detail fasilitas dicek manual via WhatsApp,Ketersediaan akhir dan payment dilanjutkan manual via WhatsApp,805,2026-07-06,INACTIVE,Source: (Madina Hotel 2026) New Season Far East 15 June 20_260630_175141.pdf | Page: madina_page-26.png | Meal: FB | Source period text: 12 NOV 2026 TO 17 DEC 2026,"Harga, pajak, dan availability final setelah admin cek manual ke hotel/OTA."
MADINAH,STANDARD,Hotel Rose Holiday I1,,Alharmain PDF 1 Jul - 15 Aug 2026,Double Room,FB meal plan,2026-07-01,2026-08-15,1 Jul - 15 Aug 2026,per kamar per malam,SAR,320,2,2,1,WiFi/detail fasilitas dicek manual via WhatsApp,Ketersediaan akhir dan payment dilanjutkan manual via WhatsApp,806,2026-07-06,INACTIVE,Source: (Madina Hotel 2026) New Season Far East 15 June 20_260630_175141.pdf | Page: madina_page-26.png | Meal: FB | Source period text: 1 JULY 2026 TO 15 AUGUST 2026,"Harga, pajak, dan availability final setelah admin cek manual ke hotel/OTA."
MADINAH,STANDARD,Hotel Rose Holiday I1,,Alharmain PDF 1 Jul - 15 Aug 2026,Triple Room,FB meal plan,2026-07-01,2026-08-15,1 Jul - 15 Aug 2026,per kamar per malam,SAR,365,2,2,1,WiFi/detail fasilitas dicek manual via WhatsApp,Ketersediaan akhir dan payment dilanjutkan manual via WhatsApp,807,2026-07-06,INACTIVE,Source: (Madina Hotel 2026) New Season Far East 15 June 20_260630_175141.pdf | Page: madina_page-26.png | Meal: FB | Source period text: 1 JULY 2026 TO 15 AUGUST 2026,"Harga, pajak, dan availability final setelah admin cek manual ke hotel/OTA."
MADINAH,STANDARD,Hotel Rose Holiday I1,,Alharmain PDF 1 Jul - 15 Aug 2026,Quad Room,FB meal plan,2026-07-01,2026-08-15,1 Jul - 15 Aug 2026,per kamar per malam,SAR,410,2,2,1,WiFi/detail fasilitas dicek manual via WhatsApp,Ketersediaan akhir dan payment dilanjutkan manual via WhatsApp,808,2026-07-06,INACTIVE,Source: (Madina Hotel 2026) New Season Far East 15 June 20_260630_175141.pdf | Page: madina_page-26.png | Meal: FB | Source period text: 1 JULY 2026 TO 15 AUGUST 2026,"Harga, pajak, dan availability final setelah admin cek manual ke hotel/OTA."
MADINAH,STANDARD,Hotel Rose Holiday I1,,Alharmain PDF 16 Aug - 30 Sep 2026,Double Room,FB meal plan,2026-08-16,2026-09-30,16 Aug - 30 Sep 2026,per kamar per malam,SAR,340,2,2,1,WiFi/detail fasilitas dicek manual via WhatsApp,Ketersediaan akhir dan payment dilanjutkan manual via WhatsApp,809,2026-07-06,INACTIVE,Source: (Madina Hotel 2026) New Season Far East 15 June 20_260630_175141.pdf | Page: madina_page-26.png | Meal: FB | Source period text: 16 AUGUST 2026 TO 30 SEP 2026,"Harga, pajak, dan availability final setelah admin cek manual ke hotel/OTA."
MADINAH,STANDARD,Hotel Rose Holiday I1,,Alharmain PDF 16 Aug - 30 Sep 2026,Triple Room,FB meal plan,2026-08-16,2026-09-30,16 Aug - 30 Sep 2026,per kamar per malam,SAR,385,2,2,1,WiFi/detail fasilitas dicek manual via WhatsApp,Ketersediaan akhir dan payment dilanjutkan manual via WhatsApp,810,2026-07-06,INACTIVE,Source: (Madina Hotel 2026) New Season Far East 15 June 20_260630_175141.pdf | Page: madina_page-26.png | Meal: FB | Source period text: 16 AUGUST 2026 TO 30 SEP 2026,"Harga, pajak, dan availability final setelah admin cek manual ke hotel/OTA."
MADINAH,STANDARD,Hotel Rose Holiday I1,,Alharmain PDF 16 Aug - 30 Sep 2026,Quad Room,FB meal plan,2026-08-16,2026-09-30,16 Aug - 30 Sep 2026,per kamar per malam,SAR,430,2,2,1,WiFi/detail fasilitas dicek manual via WhatsApp,Ketersediaan akhir dan payment dilanjutkan manual via WhatsApp,811,2026-07-06,INACTIVE,Source: (Madina Hotel 2026) New Season Far East 15 June 20_260630_175141.pdf | Page: madina_page-26.png | Meal: FB | Source period text: 16 AUGUST 2026 TO 30 SEP 2026,"Harga, pajak, dan availability final setelah admin cek manual ke hotel/OTA."
MADINAH,STANDARD,Sebal Hotel,,Alharmain PDF 1 Jul - 30 Jul 2026,Double Room,FB meal plan,2026-07-01,2026-07-30,1 Jul - 30 Jul 2026,per kamar per malam,SAR,370,2,2,1,WiFi/detail fasilitas dicek manual via WhatsApp,Ketersediaan akhir dan payment dilanjutkan manual via WhatsApp,812,2026-07-06,INACTIVE,Source: (Madina Hotel 2026) New Season Far East 15 June 20_260630_175141.pdf | Page: madina_page-26.png | Meal: FB | Source period text: 1 JULY 2026 TO 30 JULY 2026,"Harga, pajak, dan availability final setelah admin cek manual ke hotel/OTA."
MADINAH,STANDARD,Sebal Hotel,,Alharmain PDF 1 Jul - 30 Jul 2026,Triple Room,FB meal plan,2026-07-01,2026-07-30,1 Jul - 30 Jul 2026,per kamar per malam,SAR,415,2,2,1,WiFi/detail fasilitas dicek manual via WhatsApp,Ketersediaan akhir dan payment dilanjutkan manual via WhatsApp,813,2026-07-06,INACTIVE,Source: (Madina Hotel 2026) New Season Far East 15 June 20_260630_175141.pdf | Page: madina_page-26.png | Meal: FB | Source period text: 1 JULY 2026 TO 30 JULY 2026,"Harga, pajak, dan availability final setelah admin cek manual ke hotel/OTA."
MADINAH,STANDARD,Sebal Hotel,,Alharmain PDF 1 Jul - 30 Jul 2026,Quad Room,FB meal plan,2026-07-01,2026-07-30,1 Jul - 30 Jul 2026,per kamar per malam,SAR,460,2,2,1,WiFi/detail fasilitas dicek manual via WhatsApp,Ketersediaan akhir dan payment dilanjutkan manual via WhatsApp,814,2026-07-06,INACTIVE,Source: (Madina Hotel 2026) New Season Far East 15 June 20_260630_175141.pdf | Page: madina_page-26.png | Meal: FB | Source period text: 1 JULY 2026 TO 30 JULY 2026,"Harga, pajak, dan availability final setelah admin cek manual ke hotel/OTA."
MADINAH,STANDARD,Hotel Sebal Palace,,Alharmain PDF 1 Jul - 30 Jul 2026,Double Room,FB meal plan,2026-07-01,2026-07-30,1 Jul - 30 Jul 2026,per kamar per malam,SAR,370,2,2,1,WiFi/detail fasilitas dicek manual via WhatsApp,Ketersediaan akhir dan payment dilanjutkan manual via WhatsApp,815,2026-07-06,INACTIVE,Source: (Madina Hotel 2026) New Season Far East 15 June 20_260630_175141.pdf | Page: madina_page-26.png | Meal: FB | Source period text: 1 JULY 2026 TO 30 JULY 2026,"Harga, pajak, dan availability final setelah admin cek manual ke hotel/OTA."
MADINAH,STANDARD,Hotel Sebal Palace,,Alharmain PDF 1 Jul - 30 Jul 2026,Triple Room,FB meal plan,2026-07-01,2026-07-30,1 Jul - 30 Jul 2026,per kamar per malam,SAR,415,2,2,1,WiFi/detail fasilitas dicek manual via WhatsApp,Ketersediaan akhir dan payment dilanjutkan manual via WhatsApp,816,2026-07-06,INACTIVE,Source: (Madina Hotel 2026) New Season Far East 15 June 20_260630_175141.pdf | Page: madina_page-26.png | Meal: FB | Source period text: 1 JULY 2026 TO 30 JULY 2026,"Harga, pajak, dan availability final setelah admin cek manual ke hotel/OTA."
MADINAH,STANDARD,Hotel Sebal Palace,,Alharmain PDF 1 Jul - 30 Jul 2026,Quad Room,FB meal plan,2026-07-01,2026-07-30,1 Jul - 30 Jul 2026,per kamar per malam,SAR,460,2,2,1,WiFi/detail fasilitas dicek manual via WhatsApp,Ketersediaan akhir dan payment dilanjutkan manual via WhatsApp,817,2026-07-06,INACTIVE,Source: (Madina Hotel 2026) New Season Far East 15 June 20_260630_175141.pdf | Page: madina_page-26.png | Meal: FB | Source period text: 1 JULY 2026 TO 30 JULY 2026,"Harga, pajak, dan availability final setelah admin cek manual ke hotel/OTA."
MADINAH,STANDARD,Hotel Sebal Al Masi,,Alharmain PDF 1 Jul - 30 Jul 2026,Double Room,FB meal plan,2026-07-01,2026-07-30,1 Jul - 30 Jul 2026,per kamar per malam,SAR,480,2,2,1,WiFi/detail fasilitas dicek manual via WhatsApp,Ketersediaan akhir dan payment dilanjutkan manual via WhatsApp,818,2026-07-06,INACTIVE,Source: (Madina Hotel 2026) New Season Far East 15 June 20_260630_175141.pdf | Page: madina_page-26.png | Meal: FB | Source period text: 1 JULY 2026 TO 30 JULY 2026,"Harga, pajak, dan availability final setelah admin cek manual ke hotel/OTA."
MADINAH,STANDARD,Hotel Sebal Al Masi,,Alharmain PDF 1 Jul - 30 Jul 2026,Triple Room,FB meal plan,2026-07-01,2026-07-30,1 Jul - 30 Jul 2026,per kamar per malam,SAR,530,2,2,1,WiFi/detail fasilitas dicek manual via WhatsApp,Ketersediaan akhir dan payment dilanjutkan manual via WhatsApp,819,2026-07-06,INACTIVE,Source: (Madina Hotel 2026) New Season Far East 15 June 20_260630_175141.pdf | Page: madina_page-26.png | Meal: FB | Source period text: 1 JULY 2026 TO 30 JULY 2026,"Harga, pajak, dan availability final setelah admin cek manual ke hotel/OTA."
MADINAH,STANDARD,Hotel Sebal Al Masi,,Alharmain PDF 1 Jul - 30 Jul 2026,Quad Room,FB meal plan,2026-07-01,2026-07-30,1 Jul - 30 Jul 2026,per kamar per malam,SAR,580,2,2,1,WiFi/detail fasilitas dicek manual via WhatsApp,Ketersediaan akhir dan payment dilanjutkan manual via WhatsApp,820,2026-07-06,INACTIVE,Source: (Madina Hotel 2026) New Season Far East 15 June 20_260630_175141.pdf | Page: madina_page-26.png | Meal: FB | Source period text: 1 JULY 2026 TO 30 JULY 2026,"Harga, pajak, dan availability final setelah admin cek manual ke hotel/OTA."
MADINAH,STANDARD,Hotel Zowar International,,Alharmain PDF 30 Jun - 14 Aug 2026,Double Room,FB meal plan,2026-06-30,2026-08-14,30 Jun - 14 Aug 2026,per kamar per malam,SAR,470,2,2,1,WiFi/detail fasilitas dicek manual via WhatsApp,Ketersediaan akhir dan payment dilanjutkan manual via WhatsApp,821,2026-07-06,INACTIVE,Source: (Madina Hotel 2026) New Season Far East 15 June 20_260630_175141.pdf | Page: madina_page-27.png | Meal: FB | HOTEL ZOWAR INTERNATIONAL | Source period text: 30 JUNE 2026 TO 14 AUGUST 2026,"Harga, pajak, dan availability final setelah admin cek manual ke hotel/OTA."
MADINAH,STANDARD,Hotel Zowar International,,Alharmain PDF 30 Jun - 14 Aug 2026,Triple Room,FB meal plan,2026-06-30,2026-08-14,30 Jun - 14 Aug 2026,per kamar per malam,SAR,535,2,2,1,WiFi/detail fasilitas dicek manual via WhatsApp,Ketersediaan akhir dan payment dilanjutkan manual via WhatsApp,822,2026-07-06,INACTIVE,Source: (Madina Hotel 2026) New Season Far East 15 June 20_260630_175141.pdf | Page: madina_page-27.png | Meal: FB | HOTEL ZOWAR INTERNATIONAL | Source period text: 30 JUNE 2026 TO 14 AUGUST 2026,"Harga, pajak, dan availability final setelah admin cek manual ke hotel/OTA."
MADINAH,STANDARD,Hotel Zowar International,,Alharmain PDF 30 Jun - 14 Aug 2026,Quad Room,FB meal plan,2026-06-30,2026-08-14,30 Jun - 14 Aug 2026,per kamar per malam,SAR,600,2,2,1,WiFi/detail fasilitas dicek manual via WhatsApp,Ketersediaan akhir dan payment dilanjutkan manual via WhatsApp,823,2026-07-06,INACTIVE,Source: (Madina Hotel 2026) New Season Far East 15 June 20_260630_175141.pdf | Page: madina_page-27.png | Meal: FB | HOTEL ZOWAR INTERNATIONAL | Source period text: 30 JUNE 2026 TO 14 AUGUST 2026,"Harga, pajak, dan availability final setelah admin cek manual ke hotel/OTA."
MADINAH,STANDARD,Hotel Zowar International,,Alharmain PDF 30 Jun - 14 Aug 2026,Quint Room,FB meal plan,2026-06-30,2026-08-14,30 Jun - 14 Aug 2026,per kamar per malam,SAR,665,2,2,1,WiFi/detail fasilitas dicek manual via WhatsApp,Ketersediaan akhir dan payment dilanjutkan manual via WhatsApp,824,2026-07-06,INACTIVE,Source: (Madina Hotel 2026) New Season Far East 15 June 20_260630_175141.pdf | Page: madina_page-27.png | Meal: FB | HOTEL ZOWAR INTERNATIONAL | Source period text: 30 JUNE 2026 TO 14 AUGUST 2026,"Harga, pajak, dan availability final setelah admin cek manual ke hotel/OTA."
MADINAH,STANDARD,Hotel Zowar International,,Alharmain PDF 15 Aug - 20 Sep 2026,Double Room,FB meal plan,2026-08-15,2026-09-20,15 Aug - 20 Sep 2026,per kamar per malam,SAR,520,2,2,1,WiFi/detail fasilitas dicek manual via WhatsApp,Ketersediaan akhir dan payment dilanjutkan manual via WhatsApp,825,2026-07-06,INACTIVE,Source: (Madina Hotel 2026) New Season Far East 15 June 20_260630_175141.pdf | Page: madina_page-27.png | Meal: FB | HOTEL ZOWAR INTERNATIONAL | Source period text: 15 AUGUST 2026 TO 20 SEP 2026,"Harga, pajak, dan availability final setelah admin cek manual ke hotel/OTA."
MADINAH,STANDARD,Hotel Zowar International,,Alharmain PDF 15 Aug - 20 Sep 2026,Triple Room,FB meal plan,2026-08-15,2026-09-20,15 Aug - 20 Sep 2026,per kamar per malam,SAR,585,2,2,1,WiFi/detail fasilitas dicek manual via WhatsApp,Ketersediaan akhir dan payment dilanjutkan manual via WhatsApp,826,2026-07-06,INACTIVE,Source: (Madina Hotel 2026) New Season Far East 15 June 20_260630_175141.pdf | Page: madina_page-27.png | Meal: FB | HOTEL ZOWAR INTERNATIONAL | Source period text: 15 AUGUST 2026 TO 20 SEP 2026,"Harga, pajak, dan availability final setelah admin cek manual ke hotel/OTA."
MADINAH,STANDARD,Hotel Zowar International,,Alharmain PDF 15 Aug - 20 Sep 2026,Quad Room,FB meal plan,2026-08-15,2026-09-20,15 Aug - 20 Sep 2026,per kamar per malam,SAR,650,2,2,1,WiFi/detail fasilitas dicek manual via WhatsApp,Ketersediaan akhir dan payment dilanjutkan manual via WhatsApp,827,2026-07-06,INACTIVE,Source: (Madina Hotel 2026) New Season Far East 15 June 20_260630_175141.pdf | Page: madina_page-27.png | Meal: FB | HOTEL ZOWAR INTERNATIONAL | Source period text: 15 AUGUST 2026 TO 20 SEP 2026,"Harga, pajak, dan availability final setelah admin cek manual ke hotel/OTA."
MADINAH,STANDARD,Hotel Zowar International,,Alharmain PDF 15 Aug - 20 Sep 2026,Quint Room,FB meal plan,2026-08-15,2026-09-20,15 Aug - 20 Sep 2026,per kamar per malam,SAR,715,2,2,1,WiFi/detail fasilitas dicek manual via WhatsApp,Ketersediaan akhir dan payment dilanjutkan manual via WhatsApp,828,2026-07-06,INACTIVE,Source: (Madina Hotel 2026) New Season Far East 15 June 20_260630_175141.pdf | Page: madina_page-27.png | Meal: FB | HOTEL ZOWAR INTERNATIONAL | Source period text: 15 AUGUST 2026 TO 20 SEP 2026,"Harga, pajak, dan availability final setelah admin cek manual ke hotel/OTA."
MADINAH,STANDARD,Hotel Zowar International,,Alharmain PDF 21 Sep - 8 Dec 2026,Double Room,FB meal plan,2026-09-21,2026-12-08,21 Sep - 8 Dec 2026,per kamar per malam,SAR,600,2,2,1,WiFi/detail fasilitas dicek manual via WhatsApp,Ketersediaan akhir dan payment dilanjutkan manual via WhatsApp,829,2026-07-06,INACTIVE,Source: (Madina Hotel 2026) New Season Far East 15 June 20_260630_175141.pdf | Page: madina_page-27.png | Meal: FB | HOTEL ZOWAR INTERNATIONAL | Source period text: 21 SEP 2026 TO 8 DEC 2026,"Harga, pajak, dan availability final setelah admin cek manual ke hotel/OTA."
MADINAH,STANDARD,Hotel Zowar International,,Alharmain PDF 21 Sep - 8 Dec 2026,Triple Room,FB meal plan,2026-09-21,2026-12-08,21 Sep - 8 Dec 2026,per kamar per malam,SAR,665,2,2,1,WiFi/detail fasilitas dicek manual via WhatsApp,Ketersediaan akhir dan payment dilanjutkan manual via WhatsApp,830,2026-07-06,INACTIVE,Source: (Madina Hotel 2026) New Season Far East 15 June 20_260630_175141.pdf | Page: madina_page-27.png | Meal: FB | HOTEL ZOWAR INTERNATIONAL | Source period text: 21 SEP 2026 TO 8 DEC 2026,"Harga, pajak, dan availability final setelah admin cek manual ke hotel/OTA."
MADINAH,STANDARD,Hotel Zowar International,,Alharmain PDF 21 Sep - 8 Dec 2026,Quad Room,FB meal plan,2026-09-21,2026-12-08,21 Sep - 8 Dec 2026,per kamar per malam,SAR,730,2,2,1,WiFi/detail fasilitas dicek manual via WhatsApp,Ketersediaan akhir dan payment dilanjutkan manual via WhatsApp,831,2026-07-06,INACTIVE,Source: (Madina Hotel 2026) New Season Far East 15 June 20_260630_175141.pdf | Page: madina_page-27.png | Meal: FB | HOTEL ZOWAR INTERNATIONAL | Source period text: 21 SEP 2026 TO 8 DEC 2026,"Harga, pajak, dan availability final setelah admin cek manual ke hotel/OTA."
MADINAH,STANDARD,Hotel Zowar International,,Alharmain PDF 21 Sep - 8 Dec 2026,Quint Room,FB meal plan,2026-09-21,2026-12-08,21 Sep - 8 Dec 2026,per kamar per malam,SAR,795,2,2,1,WiFi/detail fasilitas dicek manual via WhatsApp,Ketersediaan akhir dan payment dilanjutkan manual via WhatsApp,832,2026-07-06,INACTIVE,Source: (Madina Hotel 2026) New Season Far East 15 June 20_260630_175141.pdf | Page: madina_page-27.png | Meal: FB | HOTEL ZOWAR INTERNATIONAL | Source period text: 21 SEP 2026 TO 8 DEC 2026,"Harga, pajak, dan availability final setelah admin cek manual ke hotel/OTA."
MADINAH,STANDARD,Hotel Zowar International,,Alharmain PDF 9 Dec 2026 - 1 Feb 2027,Double Room,FB meal plan,2026-12-09,2027-02-01,9 Dec 2026 - 1 Feb 2027,per kamar per malam,SAR,720,2,2,1,WiFi/detail fasilitas dicek manual via WhatsApp,Ketersediaan akhir dan payment dilanjutkan manual via WhatsApp,833,2026-07-06,INACTIVE,Source: (Madina Hotel 2026) New Season Far East 15 June 20_260630_175141.pdf | Page: madina_page-27.png | Meal: FB | HOTEL ZOWAR INTERNATIONAL | Source period text: 9 DEC 2026 TO 1 FEB 2027,"Harga, pajak, dan availability final setelah admin cek manual ke hotel/OTA."
MADINAH,STANDARD,Hotel Zowar International,,Alharmain PDF 9 Dec 2026 - 1 Feb 2027,Triple Room,FB meal plan,2026-12-09,2027-02-01,9 Dec 2026 - 1 Feb 2027,per kamar per malam,SAR,815,2,2,1,WiFi/detail fasilitas dicek manual via WhatsApp,Ketersediaan akhir dan payment dilanjutkan manual via WhatsApp,834,2026-07-06,INACTIVE,Source: (Madina Hotel 2026) New Season Far East 15 June 20_260630_175141.pdf | Page: madina_page-27.png | Meal: FB | HOTEL ZOWAR INTERNATIONAL | Source period text: 9 DEC 2026 TO 1 FEB 2027,"Harga, pajak, dan availability final setelah admin cek manual ke hotel/OTA."
MADINAH,STANDARD,Hotel Zowar International,,Alharmain PDF 9 Dec 2026 - 1 Feb 2027,Quad Room,FB meal plan,2026-12-09,2027-02-01,9 Dec 2026 - 1 Feb 2027,per kamar per malam,SAR,910,2,2,1,WiFi/detail fasilitas dicek manual via WhatsApp,Ketersediaan akhir dan payment dilanjutkan manual via WhatsApp,835,2026-07-06,INACTIVE,Source: (Madina Hotel 2026) New Season Far East 15 June 20_260630_175141.pdf | Page: madina_page-27.png | Meal: FB | HOTEL ZOWAR INTERNATIONAL | Source period text: 9 DEC 2026 TO 1 FEB 2027,"Harga, pajak, dan availability final setelah admin cek manual ke hotel/OTA."
MADINAH,STANDARD,Hotel Zowar International,,Alharmain PDF 9 Dec 2026 - 1 Feb 2027,Quint Room,FB meal plan,2026-12-09,2027-02-01,9 Dec 2026 - 1 Feb 2027,per kamar per malam,SAR,1005,2,2,1,WiFi/detail fasilitas dicek manual via WhatsApp,Ketersediaan akhir dan payment dilanjutkan manual via WhatsApp,836,2026-07-06,INACTIVE,Source: (Madina Hotel 2026) New Season Far East 15 June 20_260630_175141.pdf | Page: madina_page-27.png | Meal: FB | HOTEL ZOWAR INTERNATIONAL | Source period text: 9 DEC 2026 TO 1 FEB 2027,"Harga, pajak, dan availability final setelah admin cek manual ke hotel/OTA."
MADINAH,STANDARD,Hotel Odest Al Madina,,Alharmain PDF 30 Jun - 14 Aug 2026,Double Room,FB meal plan,2026-06-30,2026-08-14,30 Jun - 14 Aug 2026,per kamar per malam,SAR,470,2,2,1,WiFi/detail fasilitas dicek manual via WhatsApp,Ketersediaan akhir dan payment dilanjutkan manual via WhatsApp,837,2026-07-06,INACTIVE,Source: (Madina Hotel 2026) New Season Far East 15 June 20_260630_175141.pdf | Page: madina_page-27.png | Meal: FB | Source period text: 30 JUNE 2026 TO 14 AUGUST 2026,"Harga, pajak, dan availability final setelah admin cek manual ke hotel/OTA."
MADINAH,STANDARD,Hotel Odest Al Madina,,Alharmain PDF 30 Jun - 14 Aug 2026,Triple Room,FB meal plan,2026-06-30,2026-08-14,30 Jun - 14 Aug 2026,per kamar per malam,SAR,535,2,2,1,WiFi/detail fasilitas dicek manual via WhatsApp,Ketersediaan akhir dan payment dilanjutkan manual via WhatsApp,838,2026-07-06,INACTIVE,Source: (Madina Hotel 2026) New Season Far East 15 June 20_260630_175141.pdf | Page: madina_page-27.png | Meal: FB | Source period text: 30 JUNE 2026 TO 14 AUGUST 2026,"Harga, pajak, dan availability final setelah admin cek manual ke hotel/OTA."
MADINAH,STANDARD,Hotel Odest Al Madina,,Alharmain PDF 30 Jun - 14 Aug 2026,Quad Room,FB meal plan,2026-06-30,2026-08-14,30 Jun - 14 Aug 2026,per kamar per malam,SAR,600,2,2,1,WiFi/detail fasilitas dicek manual via WhatsApp,Ketersediaan akhir dan payment dilanjutkan manual via WhatsApp,839,2026-07-06,INACTIVE,Source: (Madina Hotel 2026) New Season Far East 15 June 20_260630_175141.pdf | Page: madina_page-27.png | Meal: FB | Source period text: 30 JUNE 2026 TO 14 AUGUST 2026,"Harga, pajak, dan availability final setelah admin cek manual ke hotel/OTA."
MADINAH,STANDARD,Hotel Odest Al Madina,,Alharmain PDF 30 Jun - 14 Aug 2026,Quint Room,FB meal plan,2026-06-30,2026-08-14,30 Jun - 14 Aug 2026,per kamar per malam,SAR,665,2,2,1,WiFi/detail fasilitas dicek manual via WhatsApp,Ketersediaan akhir dan payment dilanjutkan manual via WhatsApp,840,2026-07-06,INACTIVE,Source: (Madina Hotel 2026) New Season Far East 15 June 20_260630_175141.pdf | Page: madina_page-27.png | Meal: FB | Source period text: 30 JUNE 2026 TO 14 AUGUST 2026,"Harga, pajak, dan availability final setelah admin cek manual ke hotel/OTA."
MADINAH,STANDARD,Hotel Odest Al Madina,,Alharmain PDF 15 Aug - 20 Sep 2026,Double Room,FB meal plan,2026-08-15,2026-09-20,15 Aug - 20 Sep 2026,per kamar per malam,SAR,520,2,2,1,WiFi/detail fasilitas dicek manual via WhatsApp,Ketersediaan akhir dan payment dilanjutkan manual via WhatsApp,841,2026-07-06,INACTIVE,Source: (Madina Hotel 2026) New Season Far East 15 June 20_260630_175141.pdf | Page: madina_page-27.png | Meal: FB | Source period text: 15 AUGUST 2026 TO 20 SEP 2026,"Harga, pajak, dan availability final setelah admin cek manual ke hotel/OTA."
MADINAH,STANDARD,Hotel Odest Al Madina,,Alharmain PDF 15 Aug - 20 Sep 2026,Triple Room,FB meal plan,2026-08-15,2026-09-20,15 Aug - 20 Sep 2026,per kamar per malam,SAR,585,2,2,1,WiFi/detail fasilitas dicek manual via WhatsApp,Ketersediaan akhir dan payment dilanjutkan manual via WhatsApp,842,2026-07-06,INACTIVE,Source: (Madina Hotel 2026) New Season Far East 15 June 20_260630_175141.pdf | Page: madina_page-27.png | Meal: FB | Source period text: 15 AUGUST 2026 TO 20 SEP 2026,"Harga, pajak, dan availability final setelah admin cek manual ke hotel/OTA."
MADINAH,STANDARD,Hotel Odest Al Madina,,Alharmain PDF 15 Aug - 20 Sep 2026,Quad Room,FB meal plan,2026-08-15,2026-09-20,15 Aug - 20 Sep 2026,per kamar per malam,SAR,650,2,2,1,WiFi/detail fasilitas dicek manual via WhatsApp,Ketersediaan akhir dan payment dilanjutkan manual via WhatsApp,843,2026-07-06,INACTIVE,Source: (Madina Hotel 2026) New Season Far East 15 June 20_260630_175141.pdf | Page: madina_page-27.png | Meal: FB | Source period text: 15 AUGUST 2026 TO 20 SEP 2026,"Harga, pajak, dan availability final setelah admin cek manual ke hotel/OTA."
MADINAH,STANDARD,Hotel Odest Al Madina,,Alharmain PDF 15 Aug - 20 Sep 2026,Quint Room,FB meal plan,2026-08-15,2026-09-20,15 Aug - 20 Sep 2026,per kamar per malam,SAR,715,2,2,1,WiFi/detail fasilitas dicek manual via WhatsApp,Ketersediaan akhir dan payment dilanjutkan manual via WhatsApp,844,2026-07-06,INACTIVE,Source: (Madina Hotel 2026) New Season Far East 15 June 20_260630_175141.pdf | Page: madina_page-27.png | Meal: FB | Source period text: 15 AUGUST 2026 TO 20 SEP 2026,"Harga, pajak, dan availability final setelah admin cek manual ke hotel/OTA."
MADINAH,STANDARD,Hotel Odest Al Madina,,Alharmain PDF 21 Sep - 8 Dec 2026,Double Room,FB meal plan,2026-09-21,2026-12-08,21 Sep - 8 Dec 2026,per kamar per malam,SAR,600,2,2,1,WiFi/detail fasilitas dicek manual via WhatsApp,Ketersediaan akhir dan payment dilanjutkan manual via WhatsApp,845,2026-07-06,INACTIVE,Source: (Madina Hotel 2026) New Season Far East 15 June 20_260630_175141.pdf | Page: madina_page-27.png | Meal: FB | Source period text: 21 SEP 2026 TO 8 DEC 2026,"Harga, pajak, dan availability final setelah admin cek manual ke hotel/OTA."
MADINAH,STANDARD,Hotel Odest Al Madina,,Alharmain PDF 21 Sep - 8 Dec 2026,Triple Room,FB meal plan,2026-09-21,2026-12-08,21 Sep - 8 Dec 2026,per kamar per malam,SAR,665,2,2,1,WiFi/detail fasilitas dicek manual via WhatsApp,Ketersediaan akhir dan payment dilanjutkan manual via WhatsApp,846,2026-07-06,INACTIVE,Source: (Madina Hotel 2026) New Season Far East 15 June 20_260630_175141.pdf | Page: madina_page-27.png | Meal: FB | Source period text: 21 SEP 2026 TO 8 DEC 2026,"Harga, pajak, dan availability final setelah admin cek manual ke hotel/OTA."
MADINAH,STANDARD,Hotel Odest Al Madina,,Alharmain PDF 21 Sep - 8 Dec 2026,Quad Room,FB meal plan,2026-09-21,2026-12-08,21 Sep - 8 Dec 2026,per kamar per malam,SAR,730,2,2,1,WiFi/detail fasilitas dicek manual via WhatsApp,Ketersediaan akhir dan payment dilanjutkan manual via WhatsApp,847,2026-07-06,INACTIVE,Source: (Madina Hotel 2026) New Season Far East 15 June 20_260630_175141.pdf | Page: madina_page-27.png | Meal: FB | Source period text: 21 SEP 2026 TO 8 DEC 2026,"Harga, pajak, dan availability final setelah admin cek manual ke hotel/OTA."
MADINAH,STANDARD,Hotel Odest Al Madina,,Alharmain PDF 21 Sep - 8 Dec 2026,Quint Room,FB meal plan,2026-09-21,2026-12-08,21 Sep - 8 Dec 2026,per kamar per malam,SAR,795,2,2,1,WiFi/detail fasilitas dicek manual via WhatsApp,Ketersediaan akhir dan payment dilanjutkan manual via WhatsApp,848,2026-07-06,INACTIVE,Source: (Madina Hotel 2026) New Season Far East 15 June 20_260630_175141.pdf | Page: madina_page-27.png | Meal: FB | Source period text: 21 SEP 2026 TO 8 DEC 2026,"Harga, pajak, dan availability final setelah admin cek manual ke hotel/OTA."
MADINAH,STANDARD,Hotel Odest Al Madina,,Alharmain PDF 9 Dec 2026 - 1 Feb 2027,Double Room,FB meal plan,2026-12-09,2027-02-01,9 Dec 2026 - 1 Feb 2027,per kamar per malam,SAR,720,2,2,1,WiFi/detail fasilitas dicek manual via WhatsApp,Ketersediaan akhir dan payment dilanjutkan manual via WhatsApp,849,2026-07-06,INACTIVE,Source: (Madina Hotel 2026) New Season Far East 15 June 20_260630_175141.pdf | Page: madina_page-27.png | Meal: FB | Source period text: 9 DEC 2026 TO 1 FEB 2027,"Harga, pajak, dan availability final setelah admin cek manual ke hotel/OTA."
MADINAH,STANDARD,Hotel Odest Al Madina,,Alharmain PDF 9 Dec 2026 - 1 Feb 2027,Triple Room,FB meal plan,2026-12-09,2027-02-01,9 Dec 2026 - 1 Feb 2027,per kamar per malam,SAR,815,2,2,1,WiFi/detail fasilitas dicek manual via WhatsApp,Ketersediaan akhir dan payment dilanjutkan manual via WhatsApp,850,2026-07-06,INACTIVE,Source: (Madina Hotel 2026) New Season Far East 15 June 20_260630_175141.pdf | Page: madina_page-27.png | Meal: FB | Source period text: 9 DEC 2026 TO 1 FEB 2027,"Harga, pajak, dan availability final setelah admin cek manual ke hotel/OTA."
MADINAH,STANDARD,Hotel Odest Al Madina,,Alharmain PDF 9 Dec 2026 - 1 Feb 2027,Quad Room,FB meal plan,2026-12-09,2027-02-01,9 Dec 2026 - 1 Feb 2027,per kamar per malam,SAR,910,2,2,1,WiFi/detail fasilitas dicek manual via WhatsApp,Ketersediaan akhir dan payment dilanjutkan manual via WhatsApp,851,2026-07-06,INACTIVE,Source: (Madina Hotel 2026) New Season Far East 15 June 20_260630_175141.pdf | Page: madina_page-27.png | Meal: FB | Source period text: 9 DEC 2026 TO 1 FEB 2027,"Harga, pajak, dan availability final setelah admin cek manual ke hotel/OTA."
MADINAH,STANDARD,Hotel Odest Al Madina,,Alharmain PDF 9 Dec 2026 - 1 Feb 2027,Quint Room,FB meal plan,2026-12-09,2027-02-01,9 Dec 2026 - 1 Feb 2027,per kamar per malam,SAR,1005,2,2,1,WiFi/detail fasilitas dicek manual via WhatsApp,Ketersediaan akhir dan payment dilanjutkan manual via WhatsApp,852,2026-07-06,INACTIVE,Source: (Madina Hotel 2026) New Season Far East 15 June 20_260630_175141.pdf | Page: madina_page-27.png | Meal: FB | Source period text: 9 DEC 2026 TO 1 FEB 2027,"Harga, pajak, dan availability final setelah admin cek manual ke hotel/OTA."
MADINAH,STANDARD,Hotel Al Mokhtara International,,Alharmain PDF 30 Jun - 14 Aug 2026,Double Room,FB meal plan,2026-06-30,2026-08-14,30 Jun - 14 Aug 2026,per kamar per malam,SAR,450,2,2,1,WiFi/detail fasilitas dicek manual via WhatsApp,Ketersediaan akhir dan payment dilanjutkan manual via WhatsApp,853,2026-07-06,INACTIVE,Source: (Madina Hotel 2026) New Season Far East 15 June 20_260630_175141.pdf | Page: madina_page-27.png | Meal: FB | HOTEL AL MOKHTARA INTERNATIONAL | Source period text: 30 JUNE 2026 TO 14 AUGUST 2026,"Harga, pajak, dan availability final setelah admin cek manual ke hotel/OTA."
MADINAH,STANDARD,Hotel Al Mokhtara International,,Alharmain PDF 30 Jun - 14 Aug 2026,Triple Room,FB meal plan,2026-06-30,2026-08-14,30 Jun - 14 Aug 2026,per kamar per malam,SAR,515,2,2,1,WiFi/detail fasilitas dicek manual via WhatsApp,Ketersediaan akhir dan payment dilanjutkan manual via WhatsApp,854,2026-07-06,INACTIVE,Source: (Madina Hotel 2026) New Season Far East 15 June 20_260630_175141.pdf | Page: madina_page-27.png | Meal: FB | HOTEL AL MOKHTARA INTERNATIONAL | Source period text: 30 JUNE 2026 TO 14 AUGUST 2026,"Harga, pajak, dan availability final setelah admin cek manual ke hotel/OTA."
MADINAH,STANDARD,Hotel Al Mokhtara International,,Alharmain PDF 30 Jun - 14 Aug 2026,Quad Room,FB meal plan,2026-06-30,2026-08-14,30 Jun - 14 Aug 2026,per kamar per malam,SAR,580,2,2,1,WiFi/detail fasilitas dicek manual via WhatsApp,Ketersediaan akhir dan payment dilanjutkan manual via WhatsApp,855,2026-07-06,INACTIVE,Source: (Madina Hotel 2026) New Season Far East 15 June 20_260630_175141.pdf | Page: madina_page-27.png | Meal: FB | HOTEL AL MOKHTARA INTERNATIONAL | Source period text: 30 JUNE 2026 TO 14 AUGUST 2026,"Harga, pajak, dan availability final setelah admin cek manual ke hotel/OTA."
MADINAH,STANDARD,Hotel Al Mokhtara International,,Alharmain PDF 30 Jun - 14 Aug 2026,Quint Room,FB meal plan,2026-06-30,2026-08-14,30 Jun - 14 Aug 2026,per kamar per malam,SAR,645,2,2,1,WiFi/detail fasilitas dicek manual via WhatsApp,Ketersediaan akhir dan payment dilanjutkan manual via WhatsApp,856,2026-07-06,INACTIVE,Source: (Madina Hotel 2026) New Season Far East 15 June 20_260630_175141.pdf | Page: madina_page-27.png | Meal: FB | HOTEL AL MOKHTARA INTERNATIONAL | Source period text: 30 JUNE 2026 TO 14 AUGUST 2026,"Harga, pajak, dan availability final setelah admin cek manual ke hotel/OTA."
MADINAH,STANDARD,Hotel Al Mokhtara International,,Alharmain PDF 15 Aug - 20 Sep 2026,Double Room,FB meal plan,2026-08-15,2026-09-20,15 Aug - 20 Sep 2026,per kamar per malam,SAR,500,2,2,1,WiFi/detail fasilitas dicek manual via WhatsApp,Ketersediaan akhir dan payment dilanjutkan manual via WhatsApp,857,2026-07-06,INACTIVE,Source: (Madina Hotel 2026) New Season Far East 15 June 20_260630_175141.pdf | Page: madina_page-27.png | Meal: FB | HOTEL AL MOKHTARA INTERNATIONAL | Source period text: 15 AUGUST 2026 TO 20 SEP 2026,"Harga, pajak, dan availability final setelah admin cek manual ke hotel/OTA."
MADINAH,STANDARD,Hotel Al Mokhtara International,,Alharmain PDF 15 Aug - 20 Sep 2026,Triple Room,FB meal plan,2026-08-15,2026-09-20,15 Aug - 20 Sep 2026,per kamar per malam,SAR,565,2,2,1,WiFi/detail fasilitas dicek manual via WhatsApp,Ketersediaan akhir dan payment dilanjutkan manual via WhatsApp,858,2026-07-06,INACTIVE,Source: (Madina Hotel 2026) New Season Far East 15 June 20_260630_175141.pdf | Page: madina_page-27.png | Meal: FB | HOTEL AL MOKHTARA INTERNATIONAL | Source period text: 15 AUGUST 2026 TO 20 SEP 2026,"Harga, pajak, dan availability final setelah admin cek manual ke hotel/OTA."
MADINAH,STANDARD,Hotel Al Mokhtara International,,Alharmain PDF 15 Aug - 20 Sep 2026,Quad Room,FB meal plan,2026-08-15,2026-09-20,15 Aug - 20 Sep 2026,per kamar per malam,SAR,630,2,2,1,WiFi/detail fasilitas dicek manual via WhatsApp,Ketersediaan akhir dan payment dilanjutkan manual via WhatsApp,859,2026-07-06,INACTIVE,Source: (Madina Hotel 2026) New Season Far East 15 June 20_260630_175141.pdf | Page: madina_page-27.png | Meal: FB | HOTEL AL MOKHTARA INTERNATIONAL | Source period text: 15 AUGUST 2026 TO 20 SEP 2026,"Harga, pajak, dan availability final setelah admin cek manual ke hotel/OTA."
MADINAH,STANDARD,Hotel Al Mokhtara International,,Alharmain PDF 15 Aug - 20 Sep 2026,Quint Room,FB meal plan,2026-08-15,2026-09-20,15 Aug - 20 Sep 2026,per kamar per malam,SAR,695,2,2,1,WiFi/detail fasilitas dicek manual via WhatsApp,Ketersediaan akhir dan payment dilanjutkan manual via WhatsApp,860,2026-07-06,INACTIVE,Source: (Madina Hotel 2026) New Season Far East 15 June 20_260630_175141.pdf | Page: madina_page-27.png | Meal: FB | HOTEL AL MOKHTARA INTERNATIONAL | Source period text: 15 AUGUST 2026 TO 20 SEP 2026,"Harga, pajak, dan availability final setelah admin cek manual ke hotel/OTA."
MADINAH,STANDARD,Hotel Al Mokhtara International,,Alharmain PDF 21 Sep - 8 Dec 2026,Double Room,FB meal plan,2026-09-21,2026-12-08,21 Sep - 8 Dec 2026,per kamar per malam,SAR,580,2,2,1,WiFi/detail fasilitas dicek manual via WhatsApp,Ketersediaan akhir dan payment dilanjutkan manual via WhatsApp,861,2026-07-06,INACTIVE,Source: (Madina Hotel 2026) New Season Far East 15 June 20_260630_175141.pdf | Page: madina_page-27.png | Meal: FB | HOTEL AL MOKHTARA INTERNATIONAL | Source period text: 21 SEP 2026 TO 8 DEC 2026,"Harga, pajak, dan availability final setelah admin cek manual ke hotel/OTA."
MADINAH,STANDARD,Hotel Al Mokhtara International,,Alharmain PDF 21 Sep - 8 Dec 2026,Triple Room,FB meal plan,2026-09-21,2026-12-08,21 Sep - 8 Dec 2026,per kamar per malam,SAR,645,2,2,1,WiFi/detail fasilitas dicek manual via WhatsApp,Ketersediaan akhir dan payment dilanjutkan manual via WhatsApp,862,2026-07-06,INACTIVE,Source: (Madina Hotel 2026) New Season Far East 15 June 20_260630_175141.pdf | Page: madina_page-27.png | Meal: FB | HOTEL AL MOKHTARA INTERNATIONAL | Source period text: 21 SEP 2026 TO 8 DEC 2026,"Harga, pajak, dan availability final setelah admin cek manual ke hotel/OTA."
MADINAH,STANDARD,Hotel Al Mokhtara International,,Alharmain PDF 21 Sep - 8 Dec 2026,Quad Room,FB meal plan,2026-09-21,2026-12-08,21 Sep - 8 Dec 2026,per kamar per malam,SAR,710,2,2,1,WiFi/detail fasilitas dicek manual via WhatsApp,Ketersediaan akhir dan payment dilanjutkan manual via WhatsApp,863,2026-07-06,INACTIVE,Source: (Madina Hotel 2026) New Season Far East 15 June 20_260630_175141.pdf | Page: madina_page-27.png | Meal: FB | HOTEL AL MOKHTARA INTERNATIONAL | Source period text: 21 SEP 2026 TO 8 DEC 2026,"Harga, pajak, dan availability final setelah admin cek manual ke hotel/OTA."
MADINAH,STANDARD,Hotel Al Mokhtara International,,Alharmain PDF 21 Sep - 8 Dec 2026,Quint Room,FB meal plan,2026-09-21,2026-12-08,21 Sep - 8 Dec 2026,per kamar per malam,SAR,775,2,2,1,WiFi/detail fasilitas dicek manual via WhatsApp,Ketersediaan akhir dan payment dilanjutkan manual via WhatsApp,864,2026-07-06,INACTIVE,Source: (Madina Hotel 2026) New Season Far East 15 June 20_260630_175141.pdf | Page: madina_page-27.png | Meal: FB | HOTEL AL MOKHTARA INTERNATIONAL | Source period text: 21 SEP 2026 TO 8 DEC 2026,"Harga, pajak, dan availability final setelah admin cek manual ke hotel/OTA."
MADINAH,STANDARD,Hotel Al Mokhtara International,,Alharmain PDF 9 Dec 2026 - 1 Feb 2027,Double Room,FB meal plan,2026-12-09,2027-02-01,9 Dec 2026 - 1 Feb 2027,per kamar per malam,SAR,700,2,2,1,WiFi/detail fasilitas dicek manual via WhatsApp,Ketersediaan akhir dan payment dilanjutkan manual via WhatsApp,865,2026-07-06,INACTIVE,Source: (Madina Hotel 2026) New Season Far East 15 June 20_260630_175141.pdf | Page: madina_page-27.png | Meal: FB | HOTEL AL MOKHTARA INTERNATIONAL | Source period text: 9 DEC 2026 TO 1 FEB 2027,"Harga, pajak, dan availability final setelah admin cek manual ke hotel/OTA."
MADINAH,STANDARD,Hotel Al Mokhtara International,,Alharmain PDF 9 Dec 2026 - 1 Feb 2027,Triple Room,FB meal plan,2026-12-09,2027-02-01,9 Dec 2026 - 1 Feb 2027,per kamar per malam,SAR,795,2,2,1,WiFi/detail fasilitas dicek manual via WhatsApp,Ketersediaan akhir dan payment dilanjutkan manual via WhatsApp,866,2026-07-06,INACTIVE,Source: (Madina Hotel 2026) New Season Far East 15 June 20_260630_175141.pdf | Page: madina_page-27.png | Meal: FB | HOTEL AL MOKHTARA INTERNATIONAL | Source period text: 9 DEC 2026 TO 1 FEB 2027,"Harga, pajak, dan availability final setelah admin cek manual ke hotel/OTA."
MADINAH,STANDARD,Hotel Al Mokhtara International,,Alharmain PDF 9 Dec 2026 - 1 Feb 2027,Quad Room,FB meal plan,2026-12-09,2027-02-01,9 Dec 2026 - 1 Feb 2027,per kamar per malam,SAR,890,2,2,1,WiFi/detail fasilitas dicek manual via WhatsApp,Ketersediaan akhir dan payment dilanjutkan manual via WhatsApp,867,2026-07-06,INACTIVE,Source: (Madina Hotel 2026) New Season Far East 15 June 20_260630_175141.pdf | Page: madina_page-27.png | Meal: FB | HOTEL AL MOKHTARA INTERNATIONAL | Source period text: 9 DEC 2026 TO 1 FEB 2027,"Harga, pajak, dan availability final setelah admin cek manual ke hotel/OTA."
MADINAH,STANDARD,Hotel Al Mokhtara International,,Alharmain PDF 9 Dec 2026 - 1 Feb 2027,Quint Room,FB meal plan,2026-12-09,2027-02-01,9 Dec 2026 - 1 Feb 2027,per kamar per malam,SAR,985,2,2,1,WiFi/detail fasilitas dicek manual via WhatsApp,Ketersediaan akhir dan payment dilanjutkan manual via WhatsApp,868,2026-07-06,INACTIVE,Source: (Madina Hotel 2026) New Season Far East 15 June 20_260630_175141.pdf | Page: madina_page-27.png | Meal: FB | HOTEL AL MOKHTARA INTERNATIONAL | Source period text: 9 DEC 2026 TO 1 FEB 2027,"Harga, pajak, dan availability final setelah admin cek manual ke hotel/OTA."
MADINAH,STANDARD,Hotel Al Mokhtara Al Gharbi,,Alharmain PDF 30 Jun - 14 Aug 2026,Double Room,FB meal plan,2026-06-30,2026-08-14,30 Jun - 14 Aug 2026,per kamar per malam,SAR,410,2,2,1,WiFi/detail fasilitas dicek manual via WhatsApp,Ketersediaan akhir dan payment dilanjutkan manual via WhatsApp,869,2026-07-06,INACTIVE,Source: (Madina Hotel 2026) New Season Far East 15 June 20_260630_175141.pdf | Page: madina_page-28.png | Meal: FB | Source period text: 30 JUNE 2026 TO 14 AUGUST 2026,"Harga, pajak, dan availability final setelah admin cek manual ke hotel/OTA."
MADINAH,STANDARD,Hotel Al Mokhtara Al Gharbi,,Alharmain PDF 30 Jun - 14 Aug 2026,Triple Room,FB meal plan,2026-06-30,2026-08-14,30 Jun - 14 Aug 2026,per kamar per malam,SAR,460,2,2,1,WiFi/detail fasilitas dicek manual via WhatsApp,Ketersediaan akhir dan payment dilanjutkan manual via WhatsApp,870,2026-07-06,INACTIVE,Source: (Madina Hotel 2026) New Season Far East 15 June 20_260630_175141.pdf | Page: madina_page-28.png | Meal: FB | Source period text: 30 JUNE 2026 TO 14 AUGUST 2026,"Harga, pajak, dan availability final setelah admin cek manual ke hotel/OTA."
MADINAH,STANDARD,Hotel Al Mokhtara Al Gharbi,,Alharmain PDF 30 Jun - 14 Aug 2026,Quad Room,FB meal plan,2026-06-30,2026-08-14,30 Jun - 14 Aug 2026,per kamar per malam,SAR,510,2,2,1,WiFi/detail fasilitas dicek manual via WhatsApp,Ketersediaan akhir dan payment dilanjutkan manual via WhatsApp,871,2026-07-06,INACTIVE,Source: (Madina Hotel 2026) New Season Far East 15 June 20_260630_175141.pdf | Page: madina_page-28.png | Meal: FB | Source period text: 30 JUNE 2026 TO 14 AUGUST 2026,"Harga, pajak, dan availability final setelah admin cek manual ke hotel/OTA."
MADINAH,STANDARD,Hotel Al Mokhtara Al Gharbi,,Alharmain PDF 30 Jun - 14 Aug 2026,Quint Room,FB meal plan,2026-06-30,2026-08-14,30 Jun - 14 Aug 2026,per kamar per malam,SAR,560,2,2,1,WiFi/detail fasilitas dicek manual via WhatsApp,Ketersediaan akhir dan payment dilanjutkan manual via WhatsApp,872,2026-07-06,INACTIVE,Source: (Madina Hotel 2026) New Season Far East 15 June 20_260630_175141.pdf | Page: madina_page-28.png | Meal: FB | Source period text: 30 JUNE 2026 TO 14 AUGUST 2026,"Harga, pajak, dan availability final setelah admin cek manual ke hotel/OTA."
MADINAH,STANDARD,Hotel Al Mokhtara Al Gharbi,,Alharmain PDF 15 Aug - 20 Sep 2026,Double Room,FB meal plan,2026-08-15,2026-09-20,15 Aug - 20 Sep 2026,per kamar per malam,SAR,440,2,2,1,WiFi/detail fasilitas dicek manual via WhatsApp,Ketersediaan akhir dan payment dilanjutkan manual via WhatsApp,873,2026-07-06,INACTIVE,Source: (Madina Hotel 2026) New Season Far East 15 June 20_260630_175141.pdf | Page: madina_page-28.png | Meal: FB | Source period text: 15 AUGUST 2026 TO 20 SEP 2026,"Harga, pajak, dan availability final setelah admin cek manual ke hotel/OTA."
MADINAH,STANDARD,Hotel Al Mokhtara Al Gharbi,,Alharmain PDF 15 Aug - 20 Sep 2026,Triple Room,FB meal plan,2026-08-15,2026-09-20,15 Aug - 20 Sep 2026,per kamar per malam,SAR,490,2,2,1,WiFi/detail fasilitas dicek manual via WhatsApp,Ketersediaan akhir dan payment dilanjutkan manual via WhatsApp,874,2026-07-06,INACTIVE,Source: (Madina Hotel 2026) New Season Far East 15 June 20_260630_175141.pdf | Page: madina_page-28.png | Meal: FB | Source period text: 15 AUGUST 2026 TO 20 SEP 2026,"Harga, pajak, dan availability final setelah admin cek manual ke hotel/OTA."
MADINAH,STANDARD,Hotel Al Mokhtara Al Gharbi,,Alharmain PDF 15 Aug - 20 Sep 2026,Quad Room,FB meal plan,2026-08-15,2026-09-20,15 Aug - 20 Sep 2026,per kamar per malam,SAR,540,2,2,1,WiFi/detail fasilitas dicek manual via WhatsApp,Ketersediaan akhir dan payment dilanjutkan manual via WhatsApp,875,2026-07-06,INACTIVE,Source: (Madina Hotel 2026) New Season Far East 15 June 20_260630_175141.pdf | Page: madina_page-28.png | Meal: FB | Source period text: 15 AUGUST 2026 TO 20 SEP 2026,"Harga, pajak, dan availability final setelah admin cek manual ke hotel/OTA."
MADINAH,STANDARD,Hotel Al Mokhtara Al Gharbi,,Alharmain PDF 15 Aug - 20 Sep 2026,Quint Room,FB meal plan,2026-08-15,2026-09-20,15 Aug - 20 Sep 2026,per kamar per malam,SAR,590,2,2,1,WiFi/detail fasilitas dicek manual via WhatsApp,Ketersediaan akhir dan payment dilanjutkan manual via WhatsApp,876,2026-07-06,INACTIVE,Source: (Madina Hotel 2026) New Season Far East 15 June 20_260630_175141.pdf | Page: madina_page-28.png | Meal: FB | Source period text: 15 AUGUST 2026 TO 20 SEP 2026,"Harga, pajak, dan availability final setelah admin cek manual ke hotel/OTA."
MADINAH,STANDARD,Hotel Al Mokhtara Al Gharbi,,Alharmain PDF 21 Sep - 8 Dec 2026,Double Room,FB meal plan,2026-09-21,2026-12-08,21 Sep - 8 Dec 2026,per kamar per malam,SAR,470,2,2,1,WiFi/detail fasilitas dicek manual via WhatsApp,Ketersediaan akhir dan payment dilanjutkan manual via WhatsApp,877,2026-07-06,INACTIVE,Source: (Madina Hotel 2026) New Season Far East 15 June 20_260630_175141.pdf | Page: madina_page-28.png | Meal: FB | Source period text: 21 SEP 2026 TO 8 DEC 2026,"Harga, pajak, dan availability final setelah admin cek manual ke hotel/OTA."
MADINAH,STANDARD,Hotel Al Mokhtara Al Gharbi,,Alharmain PDF 21 Sep - 8 Dec 2026,Triple Room,FB meal plan,2026-09-21,2026-12-08,21 Sep - 8 Dec 2026,per kamar per malam,SAR,520,2,2,1,WiFi/detail fasilitas dicek manual via WhatsApp,Ketersediaan akhir dan payment dilanjutkan manual via WhatsApp,878,2026-07-06,INACTIVE,Source: (Madina Hotel 2026) New Season Far East 15 June 20_260630_175141.pdf | Page: madina_page-28.png | Meal: FB | Source period text: 21 SEP 2026 TO 8 DEC 2026,"Harga, pajak, dan availability final setelah admin cek manual ke hotel/OTA."
MADINAH,STANDARD,Hotel Al Mokhtara Al Gharbi,,Alharmain PDF 21 Sep - 8 Dec 2026,Quad Room,FB meal plan,2026-09-21,2026-12-08,21 Sep - 8 Dec 2026,per kamar per malam,SAR,570,2,2,1,WiFi/detail fasilitas dicek manual via WhatsApp,Ketersediaan akhir dan payment dilanjutkan manual via WhatsApp,879,2026-07-06,INACTIVE,Source: (Madina Hotel 2026) New Season Far East 15 June 20_260630_175141.pdf | Page: madina_page-28.png | Meal: FB | Source period text: 21 SEP 2026 TO 8 DEC 2026,"Harga, pajak, dan availability final setelah admin cek manual ke hotel/OTA."
MADINAH,STANDARD,Hotel Al Mokhtara Al Gharbi,,Alharmain PDF 21 Sep - 8 Dec 2026,Quint Room,FB meal plan,2026-09-21,2026-12-08,21 Sep - 8 Dec 2026,per kamar per malam,SAR,620,2,2,1,WiFi/detail fasilitas dicek manual via WhatsApp,Ketersediaan akhir dan payment dilanjutkan manual via WhatsApp,880,2026-07-06,INACTIVE,Source: (Madina Hotel 2026) New Season Far East 15 June 20_260630_175141.pdf | Page: madina_page-28.png | Meal: FB | Source period text: 21 SEP 2026 TO 8 DEC 2026,"Harga, pajak, dan availability final setelah admin cek manual ke hotel/OTA."
MADINAH,STANDARD,Hotel Al Mokhtara Al Gharbi,,Alharmain PDF 9 Dec 2026 - 1 Feb 2027,Double Room,FB meal plan,2026-12-09,2027-02-01,9 Dec 2026 - 1 Feb 2027,per kamar per malam,SAR,610,2,2,1,WiFi/detail fasilitas dicek manual via WhatsApp,Ketersediaan akhir dan payment dilanjutkan manual via WhatsApp,881,2026-07-06,INACTIVE,Source: (Madina Hotel 2026) New Season Far East 15 June 20_260630_175141.pdf | Page: madina_page-28.png | Meal: FB | Source period text: 9 DEC 2026 TO 1 FEB 2027,"Harga, pajak, dan availability final setelah admin cek manual ke hotel/OTA."
MADINAH,STANDARD,Hotel Al Mokhtara Al Gharbi,,Alharmain PDF 9 Dec 2026 - 1 Feb 2027,Triple Room,FB meal plan,2026-12-09,2027-02-01,9 Dec 2026 - 1 Feb 2027,per kamar per malam,SAR,660,2,2,1,WiFi/detail fasilitas dicek manual via WhatsApp,Ketersediaan akhir dan payment dilanjutkan manual via WhatsApp,882,2026-07-06,INACTIVE,Source: (Madina Hotel 2026) New Season Far East 15 June 20_260630_175141.pdf | Page: madina_page-28.png | Meal: FB | Source period text: 9 DEC 2026 TO 1 FEB 2027,"Harga, pajak, dan availability final setelah admin cek manual ke hotel/OTA."
MADINAH,STANDARD,Hotel Al Mokhtara Al Gharbi,,Alharmain PDF 9 Dec 2026 - 1 Feb 2027,Quad Room,FB meal plan,2026-12-09,2027-02-01,9 Dec 2026 - 1 Feb 2027,per kamar per malam,SAR,710,2,2,1,WiFi/detail fasilitas dicek manual via WhatsApp,Ketersediaan akhir dan payment dilanjutkan manual via WhatsApp,883,2026-07-06,INACTIVE,Source: (Madina Hotel 2026) New Season Far East 15 June 20_260630_175141.pdf | Page: madina_page-28.png | Meal: FB | Source period text: 9 DEC 2026 TO 1 FEB 2027,"Harga, pajak, dan availability final setelah admin cek manual ke hotel/OTA."
MADINAH,STANDARD,Hotel Al Mokhtara Al Gharbi,,Alharmain PDF 9 Dec 2026 - 1 Feb 2027,Quint Room,FB meal plan,2026-12-09,2027-02-01,9 Dec 2026 - 1 Feb 2027,per kamar per malam,SAR,760,2,2,1,WiFi/detail fasilitas dicek manual via WhatsApp,Ketersediaan akhir dan payment dilanjutkan manual via WhatsApp,884,2026-07-06,INACTIVE,Source: (Madina Hotel 2026) New Season Far East 15 June 20_260630_175141.pdf | Page: madina_page-28.png | Meal: FB | Source period text: 9 DEC 2026 TO 1 FEB 2027,"Harga, pajak, dan availability final setelah admin cek manual ke hotel/OTA."
MADINAH,STANDARD,Hotel Grand Zowar,,Alharmain PDF 30 Jun - 14 Aug 2026,Triple Room,FB meal plan,2026-06-30,2026-08-14,30 Jun - 14 Aug 2026,per kamar per malam,SAR,450,2,2,1,WiFi/detail fasilitas dicek manual via WhatsApp,Ketersediaan akhir dan payment dilanjutkan manual via WhatsApp,885,2026-07-06,INACTIVE,Source: (Madina Hotel 2026) New Season Far East 15 June 20_260630_175141.pdf | Page: madina_page-28.png | Meal: FB | Source period text: 30 JUNE 2026 TO 14 AUGUST 2026,"Harga, pajak, dan availability final setelah admin cek manual ke hotel/OTA."
MADINAH,STANDARD,Hotel Grand Zowar,,Alharmain PDF 30 Jun - 14 Aug 2026,Quad Room,FB meal plan,2026-06-30,2026-08-14,30 Jun - 14 Aug 2026,per kamar per malam,SAR,500,2,2,1,WiFi/detail fasilitas dicek manual via WhatsApp,Ketersediaan akhir dan payment dilanjutkan manual via WhatsApp,886,2026-07-06,INACTIVE,Source: (Madina Hotel 2026) New Season Far East 15 June 20_260630_175141.pdf | Page: madina_page-28.png | Meal: FB | Source period text: 30 JUNE 2026 TO 14 AUGUST 2026,"Harga, pajak, dan availability final setelah admin cek manual ke hotel/OTA."
MADINAH,STANDARD,Hotel Grand Zowar,,Alharmain PDF 30 Jun - 14 Aug 2026,Quint Room,FB meal plan,2026-06-30,2026-08-14,30 Jun - 14 Aug 2026,per kamar per malam,SAR,550,2,2,1,WiFi/detail fasilitas dicek manual via WhatsApp,Ketersediaan akhir dan payment dilanjutkan manual via WhatsApp,887,2026-07-06,INACTIVE,Source: (Madina Hotel 2026) New Season Far East 15 June 20_260630_175141.pdf | Page: madina_page-28.png | Meal: FB | Source period text: 30 JUNE 2026 TO 14 AUGUST 2026,"Harga, pajak, dan availability final setelah admin cek manual ke hotel/OTA."
MADINAH,STANDARD,Hotel Grand Zowar,,Alharmain PDF 15 Aug - 20 Sep 2026,Triple Room,FB meal plan,2026-08-15,2026-09-20,15 Aug - 20 Sep 2026,per kamar per malam,SAR,480,2,2,1,WiFi/detail fasilitas dicek manual via WhatsApp,Ketersediaan akhir dan payment dilanjutkan manual via WhatsApp,888,2026-07-06,INACTIVE,Source: (Madina Hotel 2026) New Season Far East 15 June 20_260630_175141.pdf | Page: madina_page-28.png | Meal: FB | Source period text: 15 AUGUST 2026 TO 20 SEP 2026,"Harga, pajak, dan availability final setelah admin cek manual ke hotel/OTA."
MADINAH,STANDARD,Hotel Grand Zowar,,Alharmain PDF 15 Aug - 20 Sep 2026,Quad Room,FB meal plan,2026-08-15,2026-09-20,15 Aug - 20 Sep 2026,per kamar per malam,SAR,530,2,2,1,WiFi/detail fasilitas dicek manual via WhatsApp,Ketersediaan akhir dan payment dilanjutkan manual via WhatsApp,889,2026-07-06,INACTIVE,Source: (Madina Hotel 2026) New Season Far East 15 June 20_260630_175141.pdf | Page: madina_page-28.png | Meal: FB | Source period text: 15 AUGUST 2026 TO 20 SEP 2026,"Harga, pajak, dan availability final setelah admin cek manual ke hotel/OTA."
MADINAH,STANDARD,Hotel Grand Zowar,,Alharmain PDF 15 Aug - 20 Sep 2026,Quint Room,FB meal plan,2026-08-15,2026-09-20,15 Aug - 20 Sep 2026,per kamar per malam,SAR,580,2,2,1,WiFi/detail fasilitas dicek manual via WhatsApp,Ketersediaan akhir dan payment dilanjutkan manual via WhatsApp,890,2026-07-06,INACTIVE,Source: (Madina Hotel 2026) New Season Far East 15 June 20_260630_175141.pdf | Page: madina_page-28.png | Meal: FB | Source period text: 15 AUGUST 2026 TO 20 SEP 2026,"Harga, pajak, dan availability final setelah admin cek manual ke hotel/OTA."
MADINAH,STANDARD,Hotel Grand Zowar,,Alharmain PDF 21 Sep - 8 Dec 2026,Triple Room,FB meal plan,2026-09-21,2026-12-08,21 Sep - 8 Dec 2026,per kamar per malam,SAR,510,2,2,1,WiFi/detail fasilitas dicek manual via WhatsApp,Ketersediaan akhir dan payment dilanjutkan manual via WhatsApp,891,2026-07-06,INACTIVE,Source: (Madina Hotel 2026) New Season Far East 15 June 20_260630_175141.pdf | Page: madina_page-28.png | Meal: FB | Source period text: 21 SEP 2026 TO 8 DEC 2026,"Harga, pajak, dan availability final setelah admin cek manual ke hotel/OTA."
MADINAH,STANDARD,Hotel Grand Zowar,,Alharmain PDF 21 Sep - 8 Dec 2026,Quad Room,FB meal plan,2026-09-21,2026-12-08,21 Sep - 8 Dec 2026,per kamar per malam,SAR,560,2,2,1,WiFi/detail fasilitas dicek manual via WhatsApp,Ketersediaan akhir dan payment dilanjutkan manual via WhatsApp,892,2026-07-06,INACTIVE,Source: (Madina Hotel 2026) New Season Far East 15 June 20_260630_175141.pdf | Page: madina_page-28.png | Meal: FB | Source period text: 21 SEP 2026 TO 8 DEC 2026,"Harga, pajak, dan availability final setelah admin cek manual ke hotel/OTA."
MADINAH,STANDARD,Hotel Grand Zowar,,Alharmain PDF 21 Sep - 8 Dec 2026,Quint Room,FB meal plan,2026-09-21,2026-12-08,21 Sep - 8 Dec 2026,per kamar per malam,SAR,610,2,2,1,WiFi/detail fasilitas dicek manual via WhatsApp,Ketersediaan akhir dan payment dilanjutkan manual via WhatsApp,893,2026-07-06,INACTIVE,Source: (Madina Hotel 2026) New Season Far East 15 June 20_260630_175141.pdf | Page: madina_page-28.png | Meal: FB | Source period text: 21 SEP 2026 TO 8 DEC 2026,"Harga, pajak, dan availability final setelah admin cek manual ke hotel/OTA."
MADINAH,STANDARD,Hotel Grand Zowar,,Alharmain PDF 9 Dec 2026 - 1 Feb 2027,Triple Room,FB meal plan,2026-12-09,2027-02-01,9 Dec 2026 - 1 Feb 2027,per kamar per malam,SAR,650,2,2,1,WiFi/detail fasilitas dicek manual via WhatsApp,Ketersediaan akhir dan payment dilanjutkan manual via WhatsApp,894,2026-07-06,INACTIVE,Source: (Madina Hotel 2026) New Season Far East 15 June 20_260630_175141.pdf | Page: madina_page-28.png | Meal: FB | Source period text: 9 DEC 2026 TO 1 FEB 2027,"Harga, pajak, dan availability final setelah admin cek manual ke hotel/OTA."
MADINAH,STANDARD,Hotel Grand Zowar,,Alharmain PDF 9 Dec 2026 - 1 Feb 2027,Quad Room,FB meal plan,2026-12-09,2027-02-01,9 Dec 2026 - 1 Feb 2027,per kamar per malam,SAR,700,2,2,1,WiFi/detail fasilitas dicek manual via WhatsApp,Ketersediaan akhir dan payment dilanjutkan manual via WhatsApp,895,2026-07-06,INACTIVE,Source: (Madina Hotel 2026) New Season Far East 15 June 20_260630_175141.pdf | Page: madina_page-28.png | Meal: FB | Source period text: 9 DEC 2026 TO 1 FEB 2027,"Harga, pajak, dan availability final setelah admin cek manual ke hotel/OTA."
MADINAH,STANDARD,Hotel Grand Zowar,,Alharmain PDF 9 Dec 2026 - 1 Feb 2027,Quint Room,FB meal plan,2026-12-09,2027-02-01,9 Dec 2026 - 1 Feb 2027,per kamar per malam,SAR,750,2,2,1,WiFi/detail fasilitas dicek manual via WhatsApp,Ketersediaan akhir dan payment dilanjutkan manual via WhatsApp,896,2026-07-06,INACTIVE,Source: (Madina Hotel 2026) New Season Far East 15 June 20_260630_175141.pdf | Page: madina_page-28.png | Meal: FB | Source period text: 9 DEC 2026 TO 1 FEB 2027,"Harga, pajak, dan availability final setelah admin cek manual ke hotel/OTA."
MADINAH,STANDARD,Hotel Rawdat Al Mokhtara,,Alharmain PDF 30 Jun - 14 Aug 2026,Double Room,FB meal plan,2026-06-30,2026-08-14,30 Jun - 14 Aug 2026,per kamar per malam,SAR,410,2,2,1,WiFi/detail fasilitas dicek manual via WhatsApp,Ketersediaan akhir dan payment dilanjutkan manual via WhatsApp,897,2026-07-06,INACTIVE,Source: (Madina Hotel 2026) New Season Far East 15 June 20_260630_175141.pdf | Page: madina_page-28.png | Meal: FB | Source period text: 30 JUNE 2026 TO 14 AUGUST 2026,"Harga, pajak, dan availability final setelah admin cek manual ke hotel/OTA."
MADINAH,STANDARD,Hotel Rawdat Al Mokhtara,,Alharmain PDF 30 Jun - 14 Aug 2026,Triple Room,FB meal plan,2026-06-30,2026-08-14,30 Jun - 14 Aug 2026,per kamar per malam,SAR,460,2,2,1,WiFi/detail fasilitas dicek manual via WhatsApp,Ketersediaan akhir dan payment dilanjutkan manual via WhatsApp,898,2026-07-06,INACTIVE,Source: (Madina Hotel 2026) New Season Far East 15 June 20_260630_175141.pdf | Page: madina_page-28.png | Meal: FB | Source period text: 30 JUNE 2026 TO 14 AUGUST 2026,"Harga, pajak, dan availability final setelah admin cek manual ke hotel/OTA."
MADINAH,STANDARD,Hotel Rawdat Al Mokhtara,,Alharmain PDF 30 Jun - 14 Aug 2026,Quad Room,FB meal plan,2026-06-30,2026-08-14,30 Jun - 14 Aug 2026,per kamar per malam,SAR,510,2,2,1,WiFi/detail fasilitas dicek manual via WhatsApp,Ketersediaan akhir dan payment dilanjutkan manual via WhatsApp,899,2026-07-06,INACTIVE,Source: (Madina Hotel 2026) New Season Far East 15 June 20_260630_175141.pdf | Page: madina_page-28.png | Meal: FB | Source period text: 30 JUNE 2026 TO 14 AUGUST 2026,"Harga, pajak, dan availability final setelah admin cek manual ke hotel/OTA."
MADINAH,STANDARD,Hotel Rawdat Al Mokhtara,,Alharmain PDF 30 Jun - 14 Aug 2026,Quint Room,FB meal plan,2026-06-30,2026-08-14,30 Jun - 14 Aug 2026,per kamar per malam,SAR,560,2,2,1,WiFi/detail fasilitas dicek manual via WhatsApp,Ketersediaan akhir dan payment dilanjutkan manual via WhatsApp,900,2026-07-06,INACTIVE,Source: (Madina Hotel 2026) New Season Far East 15 June 20_260630_175141.pdf | Page: madina_page-28.png | Meal: FB | Source period text: 30 JUNE 2026 TO 14 AUGUST 2026,"Harga, pajak, dan availability final setelah admin cek manual ke hotel/OTA."
MADINAH,STANDARD,Hotel Rawdat Al Mokhtara,,Alharmain PDF 15 Aug - 20 Sep 2026,Double Room,FB meal plan,2026-08-15,2026-09-20,15 Aug - 20 Sep 2026,per kamar per malam,SAR,440,2,2,1,WiFi/detail fasilitas dicek manual via WhatsApp,Ketersediaan akhir dan payment dilanjutkan manual via WhatsApp,901,2026-07-06,INACTIVE,Source: (Madina Hotel 2026) New Season Far East 15 June 20_260630_175141.pdf | Page: madina_page-28.png | Meal: FB | Source period text: 15 AUGUST 2026 TO 20 SEP 2026,"Harga, pajak, dan availability final setelah admin cek manual ke hotel/OTA."
MADINAH,STANDARD,Hotel Rawdat Al Mokhtara,,Alharmain PDF 15 Aug - 20 Sep 2026,Triple Room,FB meal plan,2026-08-15,2026-09-20,15 Aug - 20 Sep 2026,per kamar per malam,SAR,490,2,2,1,WiFi/detail fasilitas dicek manual via WhatsApp,Ketersediaan akhir dan payment dilanjutkan manual via WhatsApp,902,2026-07-06,INACTIVE,Source: (Madina Hotel 2026) New Season Far East 15 June 20_260630_175141.pdf | Page: madina_page-28.png | Meal: FB | Source period text: 15 AUGUST 2026 TO 20 SEP 2026,"Harga, pajak, dan availability final setelah admin cek manual ke hotel/OTA."
MADINAH,STANDARD,Hotel Rawdat Al Mokhtara,,Alharmain PDF 15 Aug - 20 Sep 2026,Quad Room,FB meal plan,2026-08-15,2026-09-20,15 Aug - 20 Sep 2026,per kamar per malam,SAR,540,2,2,1,WiFi/detail fasilitas dicek manual via WhatsApp,Ketersediaan akhir dan payment dilanjutkan manual via WhatsApp,903,2026-07-06,INACTIVE,Source: (Madina Hotel 2026) New Season Far East 15 June 20_260630_175141.pdf | Page: madina_page-28.png | Meal: FB | Source period text: 15 AUGUST 2026 TO 20 SEP 2026,"Harga, pajak, dan availability final setelah admin cek manual ke hotel/OTA."
MADINAH,STANDARD,Hotel Rawdat Al Mokhtara,,Alharmain PDF 15 Aug - 20 Sep 2026,Quint Room,FB meal plan,2026-08-15,2026-09-20,15 Aug - 20 Sep 2026,per kamar per malam,SAR,590,2,2,1,WiFi/detail fasilitas dicek manual via WhatsApp,Ketersediaan akhir dan payment dilanjutkan manual via WhatsApp,904,2026-07-06,INACTIVE,Source: (Madina Hotel 2026) New Season Far East 15 June 20_260630_175141.pdf | Page: madina_page-28.png | Meal: FB | Source period text: 15 AUGUST 2026 TO 20 SEP 2026,"Harga, pajak, dan availability final setelah admin cek manual ke hotel/OTA."
MADINAH,STANDARD,Hotel Rawdat Al Mokhtara,,Alharmain PDF 21 Sep - 8 Dec 2026,Double Room,FB meal plan,2026-09-21,2026-12-08,21 Sep - 8 Dec 2026,per kamar per malam,SAR,470,2,2,1,WiFi/detail fasilitas dicek manual via WhatsApp,Ketersediaan akhir dan payment dilanjutkan manual via WhatsApp,905,2026-07-06,INACTIVE,Source: (Madina Hotel 2026) New Season Far East 15 June 20_260630_175141.pdf | Page: madina_page-28.png | Meal: FB | Source period text: 21 SEP 2026 TO 8 DEC 2026,"Harga, pajak, dan availability final setelah admin cek manual ke hotel/OTA."
MADINAH,STANDARD,Hotel Rawdat Al Mokhtara,,Alharmain PDF 21 Sep - 8 Dec 2026,Triple Room,FB meal plan,2026-09-21,2026-12-08,21 Sep - 8 Dec 2026,per kamar per malam,SAR,520,2,2,1,WiFi/detail fasilitas dicek manual via WhatsApp,Ketersediaan akhir dan payment dilanjutkan manual via WhatsApp,906,2026-07-06,INACTIVE,Source: (Madina Hotel 2026) New Season Far East 15 June 20_260630_175141.pdf | Page: madina_page-28.png | Meal: FB | Source period text: 21 SEP 2026 TO 8 DEC 2026,"Harga, pajak, dan availability final setelah admin cek manual ke hotel/OTA."
MADINAH,STANDARD,Hotel Rawdat Al Mokhtara,,Alharmain PDF 21 Sep - 8 Dec 2026,Quad Room,FB meal plan,2026-09-21,2026-12-08,21 Sep - 8 Dec 2026,per kamar per malam,SAR,570,2,2,1,WiFi/detail fasilitas dicek manual via WhatsApp,Ketersediaan akhir dan payment dilanjutkan manual via WhatsApp,907,2026-07-06,INACTIVE,Source: (Madina Hotel 2026) New Season Far East 15 June 20_260630_175141.pdf | Page: madina_page-28.png | Meal: FB | Source period text: 21 SEP 2026 TO 8 DEC 2026,"Harga, pajak, dan availability final setelah admin cek manual ke hotel/OTA."
MADINAH,STANDARD,Hotel Rawdat Al Mokhtara,,Alharmain PDF 21 Sep - 8 Dec 2026,Quint Room,FB meal plan,2026-09-21,2026-12-08,21 Sep - 8 Dec 2026,per kamar per malam,SAR,620,2,2,1,WiFi/detail fasilitas dicek manual via WhatsApp,Ketersediaan akhir dan payment dilanjutkan manual via WhatsApp,908,2026-07-06,INACTIVE,Source: (Madina Hotel 2026) New Season Far East 15 June 20_260630_175141.pdf | Page: madina_page-28.png | Meal: FB | Source period text: 21 SEP 2026 TO 8 DEC 2026,"Harga, pajak, dan availability final setelah admin cek manual ke hotel/OTA."
MADINAH,STANDARD,Hotel Rawdat Al Mokhtara,,Alharmain PDF 9 Dec 2026 - 1 Feb 2027,Double Room,FB meal plan,2026-12-09,2027-02-01,9 Dec 2026 - 1 Feb 2027,per kamar per malam,SAR,610,2,2,1,WiFi/detail fasilitas dicek manual via WhatsApp,Ketersediaan akhir dan payment dilanjutkan manual via WhatsApp,909,2026-07-06,INACTIVE,Source: (Madina Hotel 2026) New Season Far East 15 June 20_260630_175141.pdf | Page: madina_page-28.png | Meal: FB | Source period text: 9 DEC 2026 TO 1 FEB 2027,"Harga, pajak, dan availability final setelah admin cek manual ke hotel/OTA."
MADINAH,STANDARD,Hotel Rawdat Al Mokhtara,,Alharmain PDF 9 Dec 2026 - 1 Feb 2027,Triple Room,FB meal plan,2026-12-09,2027-02-01,9 Dec 2026 - 1 Feb 2027,per kamar per malam,SAR,660,2,2,1,WiFi/detail fasilitas dicek manual via WhatsApp,Ketersediaan akhir dan payment dilanjutkan manual via WhatsApp,910,2026-07-06,INACTIVE,Source: (Madina Hotel 2026) New Season Far East 15 June 20_260630_175141.pdf | Page: madina_page-28.png | Meal: FB | Source period text: 9 DEC 2026 TO 1 FEB 2027,"Harga, pajak, dan availability final setelah admin cek manual ke hotel/OTA."
MADINAH,STANDARD,Hotel Rawdat Al Mokhtara,,Alharmain PDF 9 Dec 2026 - 1 Feb 2027,Quad Room,FB meal plan,2026-12-09,2027-02-01,9 Dec 2026 - 1 Feb 2027,per kamar per malam,SAR,710,2,2,1,WiFi/detail fasilitas dicek manual via WhatsApp,Ketersediaan akhir dan payment dilanjutkan manual via WhatsApp,911,2026-07-06,INACTIVE,Source: (Madina Hotel 2026) New Season Far East 15 June 20_260630_175141.pdf | Page: madina_page-28.png | Meal: FB | Source period text: 9 DEC 2026 TO 1 FEB 2027,"Harga, pajak, dan availability final setelah admin cek manual ke hotel/OTA."
MADINAH,STANDARD,Hotel Rawdat Al Mokhtara,,Alharmain PDF 9 Dec 2026 - 1 Feb 2027,Quint Room,FB meal plan,2026-12-09,2027-02-01,9 Dec 2026 - 1 Feb 2027,per kamar per malam,SAR,760,2,2,1,WiFi/detail fasilitas dicek manual via WhatsApp,Ketersediaan akhir dan payment dilanjutkan manual via WhatsApp,912,2026-07-06,INACTIVE,Source: (Madina Hotel 2026) New Season Far East 15 June 20_260630_175141.pdf | Page: madina_page-28.png | Meal: FB | Source period text: 9 DEC 2026 TO 1 FEB 2027,"Harga, pajak, dan availability final setelah admin cek manual ke hotel/OTA."
MADINAH,STANDARD,Hotel Diyafat Al Mokhtara,,Alharmain PDF 30 Jun - 14 Aug 2026,Triple Room,FB meal plan,2026-06-30,2026-08-14,30 Jun - 14 Aug 2026,per kamar per malam,SAR,450,2,2,1,WiFi/detail fasilitas dicek manual via WhatsApp,Ketersediaan akhir dan payment dilanjutkan manual via WhatsApp,913,2026-07-06,INACTIVE,Source: (Madina Hotel 2026) New Season Far East 15 June 20_260630_175141.pdf | Page: madina_page-29.png | Meal: FB | Source period text: 30 JUNE 2026 TO 14 AUGUST 2026,"Harga, pajak, dan availability final setelah admin cek manual ke hotel/OTA."
MADINAH,STANDARD,Hotel Diyafat Al Mokhtara,,Alharmain PDF 30 Jun - 14 Aug 2026,Quad Room,FB meal plan,2026-06-30,2026-08-14,30 Jun - 14 Aug 2026,per kamar per malam,SAR,500,2,2,1,WiFi/detail fasilitas dicek manual via WhatsApp,Ketersediaan akhir dan payment dilanjutkan manual via WhatsApp,914,2026-07-06,INACTIVE,Source: (Madina Hotel 2026) New Season Far East 15 June 20_260630_175141.pdf | Page: madina_page-29.png | Meal: FB | Source period text: 30 JUNE 2026 TO 14 AUGUST 2026,"Harga, pajak, dan availability final setelah admin cek manual ke hotel/OTA."
MADINAH,STANDARD,Hotel Diyafat Al Mokhtara,,Alharmain PDF 15 Aug - 20 Sep 2026,Triple Room,FB meal plan,2026-08-15,2026-09-20,15 Aug - 20 Sep 2026,per kamar per malam,SAR,480,2,2,1,WiFi/detail fasilitas dicek manual via WhatsApp,Ketersediaan akhir dan payment dilanjutkan manual via WhatsApp,915,2026-07-06,INACTIVE,Source: (Madina Hotel 2026) New Season Far East 15 June 20_260630_175141.pdf | Page: madina_page-29.png | Meal: FB | Source period text: 15 AUGUST 2026 TO 20 SEP 2026,"Harga, pajak, dan availability final setelah admin cek manual ke hotel/OTA."
MADINAH,STANDARD,Hotel Diyafat Al Mokhtara,,Alharmain PDF 15 Aug - 20 Sep 2026,Quad Room,FB meal plan,2026-08-15,2026-09-20,15 Aug - 20 Sep 2026,per kamar per malam,SAR,530,2,2,1,WiFi/detail fasilitas dicek manual via WhatsApp,Ketersediaan akhir dan payment dilanjutkan manual via WhatsApp,916,2026-07-06,INACTIVE,Source: (Madina Hotel 2026) New Season Far East 15 June 20_260630_175141.pdf | Page: madina_page-29.png | Meal: FB | Source period text: 15 AUGUST 2026 TO 20 SEP 2026,"Harga, pajak, dan availability final setelah admin cek manual ke hotel/OTA."
MADINAH,STANDARD,Hotel Diyafat Al Mokhtara,,Alharmain PDF 21 Sep - 8 Dec 2026,Triple Room,FB meal plan,2026-09-21,2026-12-08,21 Sep - 8 Dec 2026,per kamar per malam,SAR,510,2,2,1,WiFi/detail fasilitas dicek manual via WhatsApp,Ketersediaan akhir dan payment dilanjutkan manual via WhatsApp,917,2026-07-06,INACTIVE,Source: (Madina Hotel 2026) New Season Far East 15 June 20_260630_175141.pdf | Page: madina_page-29.png | Meal: FB | Source period text: 21 SEP 2026 TO 8 DEC 2026,"Harga, pajak, dan availability final setelah admin cek manual ke hotel/OTA."
MADINAH,STANDARD,Hotel Diyafat Al Mokhtara,,Alharmain PDF 21 Sep - 8 Dec 2026,Quad Room,FB meal plan,2026-09-21,2026-12-08,21 Sep - 8 Dec 2026,per kamar per malam,SAR,560,2,2,1,WiFi/detail fasilitas dicek manual via WhatsApp,Ketersediaan akhir dan payment dilanjutkan manual via WhatsApp,918,2026-07-06,INACTIVE,Source: (Madina Hotel 2026) New Season Far East 15 June 20_260630_175141.pdf | Page: madina_page-29.png | Meal: FB | Source period text: 21 SEP 2026 TO 8 DEC 2026,"Harga, pajak, dan availability final setelah admin cek manual ke hotel/OTA."
MADINAH,STANDARD,Hotel Diyafat Al Mokhtara,,Alharmain PDF 9 Dec 2026 - 1 Feb 2027,Triple Room,FB meal plan,2026-12-09,2027-02-01,9 Dec 2026 - 1 Feb 2027,per kamar per malam,SAR,650,2,2,1,WiFi/detail fasilitas dicek manual via WhatsApp,Ketersediaan akhir dan payment dilanjutkan manual via WhatsApp,919,2026-07-06,INACTIVE,Source: (Madina Hotel 2026) New Season Far East 15 June 20_260630_175141.pdf | Page: madina_page-29.png | Meal: FB | Source period text: 9 DEC 2026 TO 1 FEB 2027,"Harga, pajak, dan availability final setelah admin cek manual ke hotel/OTA."
MADINAH,STANDARD,Hotel Diyafat Al Mokhtara,,Alharmain PDF 9 Dec 2026 - 1 Feb 2027,Quad Room,FB meal plan,2026-12-09,2027-02-01,9 Dec 2026 - 1 Feb 2027,per kamar per malam,SAR,700,2,2,1,WiFi/detail fasilitas dicek manual via WhatsApp,Ketersediaan akhir dan payment dilanjutkan manual via WhatsApp,920,2026-07-06,INACTIVE,Source: (Madina Hotel 2026) New Season Far East 15 June 20_260630_175141.pdf | Page: madina_page-29.png | Meal: FB | Source period text: 9 DEC 2026 TO 1 FEB 2027,"Harga, pajak, dan availability final setelah admin cek manual ke hotel/OTA."
MADINAH,STANDARD,Hotel Al Mokhtara Tower,,Alharmain PDF 30 Jun - 14 Aug 2026,Triple Room,FB meal plan,2026-06-30,2026-08-14,30 Jun - 14 Aug 2026,per kamar per malam,SAR,380,2,2,1,WiFi/detail fasilitas dicek manual via WhatsApp,Ketersediaan akhir dan payment dilanjutkan manual via WhatsApp,921,2026-07-06,INACTIVE,Source: (Madina Hotel 2026) New Season Far East 15 June 20_260630_175141.pdf | Page: madina_page-29.png | Meal: FB | Source period text: 30 JUNE 2026 TO 14 AUGUST 2026,"Harga, pajak, dan availability final setelah admin cek manual ke hotel/OTA."
MADINAH,STANDARD,Hotel Al Mokhtara Tower,,Alharmain PDF 30 Jun - 14 Aug 2026,Quad Room,FB meal plan,2026-06-30,2026-08-14,30 Jun - 14 Aug 2026,per kamar per malam,SAR,440,2,2,1,WiFi/detail fasilitas dicek manual via WhatsApp,Ketersediaan akhir dan payment dilanjutkan manual via WhatsApp,922,2026-07-06,INACTIVE,Source: (Madina Hotel 2026) New Season Far East 15 June 20_260630_175141.pdf | Page: madina_page-29.png | Meal: FB | Source period text: 30 JUNE 2026 TO 14 AUGUST 2026,"Harga, pajak, dan availability final setelah admin cek manual ke hotel/OTA."
MADINAH,STANDARD,Hotel Al Mokhtara Tower,,Alharmain PDF 15 Aug - 20 Sep 2026,Triple Room,FB meal plan,2026-08-15,2026-09-20,15 Aug - 20 Sep 2026,per kamar per malam,SAR,410,2,2,1,WiFi/detail fasilitas dicek manual via WhatsApp,Ketersediaan akhir dan payment dilanjutkan manual via WhatsApp,923,2026-07-06,INACTIVE,Source: (Madina Hotel 2026) New Season Far East 15 June 20_260630_175141.pdf | Page: madina_page-29.png | Meal: FB | Source period text: 15 AUGUST 2026 TO 20 SEP 2026,"Harga, pajak, dan availability final setelah admin cek manual ke hotel/OTA."
MADINAH,STANDARD,Hotel Al Mokhtara Tower,,Alharmain PDF 15 Aug - 20 Sep 2026,Quad Room,FB meal plan,2026-08-15,2026-09-20,15 Aug - 20 Sep 2026,per kamar per malam,SAR,470,2,2,1,WiFi/detail fasilitas dicek manual via WhatsApp,Ketersediaan akhir dan payment dilanjutkan manual via WhatsApp,924,2026-07-06,INACTIVE,Source: (Madina Hotel 2026) New Season Far East 15 June 20_260630_175141.pdf | Page: madina_page-29.png | Meal: FB | Source period text: 15 AUGUST 2026 TO 20 SEP 2026,"Harga, pajak, dan availability final setelah admin cek manual ke hotel/OTA."
MADINAH,STANDARD,Hotel Al Mokhtara Tower,,Alharmain PDF 21 Sep - 8 Dec 2026,Triple Room,FB meal plan,2026-09-21,2026-12-08,21 Sep - 8 Dec 2026,per kamar per malam,SAR,430,2,2,1,WiFi/detail fasilitas dicek manual via WhatsApp,Ketersediaan akhir dan payment dilanjutkan manual via WhatsApp,925,2026-07-06,INACTIVE,Source: (Madina Hotel 2026) New Season Far East 15 June 20_260630_175141.pdf | Page: madina_page-29.png | Meal: FB | Source period text: 21 SEP 2026 TO 8 DEC 2026,"Harga, pajak, dan availability final setelah admin cek manual ke hotel/OTA."
MADINAH,STANDARD,Hotel Al Mokhtara Tower,,Alharmain PDF 21 Sep - 8 Dec 2026,Quad Room,FB meal plan,2026-09-21,2026-12-08,21 Sep - 8 Dec 2026,per kamar per malam,SAR,490,2,2,1,WiFi/detail fasilitas dicek manual via WhatsApp,Ketersediaan akhir dan payment dilanjutkan manual via WhatsApp,926,2026-07-06,INACTIVE,Source: (Madina Hotel 2026) New Season Far East 15 June 20_260630_175141.pdf | Page: madina_page-29.png | Meal: FB | Source period text: 21 SEP 2026 TO 8 DEC 2026,"Harga, pajak, dan availability final setelah admin cek manual ke hotel/OTA."
MADINAH,STANDARD,Hotel Al Mokhtara Tower,,Alharmain PDF 9 Dec 2026 - 1 Feb 2027,Triple Room,FB meal plan,2026-12-09,2027-02-01,9 Dec 2026 - 1 Feb 2027,per kamar per malam,SAR,500,2,2,1,WiFi/detail fasilitas dicek manual via WhatsApp,Ketersediaan akhir dan payment dilanjutkan manual via WhatsApp,927,2026-07-06,INACTIVE,Source: (Madina Hotel 2026) New Season Far East 15 June 20_260630_175141.pdf | Page: madina_page-29.png | Meal: FB | Source period text: 9 DEC 2026 TO 1 FEB 2027,"Harga, pajak, dan availability final setelah admin cek manual ke hotel/OTA."
MADINAH,STANDARD,Hotel Al Mokhtara Tower,,Alharmain PDF 9 Dec 2026 - 1 Feb 2027,Quad Room,FB meal plan,2026-12-09,2027-02-01,9 Dec 2026 - 1 Feb 2027,per kamar per malam,SAR,560,2,2,1,WiFi/detail fasilitas dicek manual via WhatsApp,Ketersediaan akhir dan payment dilanjutkan manual via WhatsApp,928,2026-07-06,INACTIVE,Source: (Madina Hotel 2026) New Season Far East 15 June 20_260630_175141.pdf | Page: madina_page-29.png | Meal: FB | Source period text: 9 DEC 2026 TO 1 FEB 2027,"Harga, pajak, dan availability final setelah admin cek manual ke hotel/OTA."
MADINAH,STANDARD,Hotel Jadda Al Ghamama,,Alharmain PDF 30 Jun - 15 Jul 2026,Double Room,FB meal plan,2026-06-30,2026-07-15,30 Jun - 15 Jul 2026,per kamar per malam,SAR,240,2,2,1,WiFi/detail fasilitas dicek manual via WhatsApp,Ketersediaan akhir dan payment dilanjutkan manual via WhatsApp,929,2026-07-06,INACTIVE,Source: (Madina Hotel 2026) New Season Far East 15 June 20_260630_175141.pdf | Page: madina_page-30.png | Meal: FB | Source period text: 30 JUNE 2026 TO 15 JULY 2026,"Harga, pajak, dan availability final setelah admin cek manual ke hotel/OTA."
MADINAH,STANDARD,Hotel Jadda Al Ghamama,,Alharmain PDF 30 Jun - 15 Jul 2026,Triple Room,FB meal plan,2026-06-30,2026-07-15,30 Jun - 15 Jul 2026,per kamar per malam,SAR,280,2,2,1,WiFi/detail fasilitas dicek manual via WhatsApp,Ketersediaan akhir dan payment dilanjutkan manual via WhatsApp,930,2026-07-06,INACTIVE,Source: (Madina Hotel 2026) New Season Far East 15 June 20_260630_175141.pdf | Page: madina_page-30.png | Meal: FB | Source period text: 30 JUNE 2026 TO 15 JULY 2026,"Harga, pajak, dan availability final setelah admin cek manual ke hotel/OTA."
MADINAH,STANDARD,Hotel Jadda Al Ghamama,,Alharmain PDF 30 Jun - 15 Jul 2026,Quad Room,FB meal plan,2026-06-30,2026-07-15,30 Jun - 15 Jul 2026,per kamar per malam,SAR,320,2,2,1,WiFi/detail fasilitas dicek manual via WhatsApp,Ketersediaan akhir dan payment dilanjutkan manual via WhatsApp,931,2026-07-06,INACTIVE,Source: (Madina Hotel 2026) New Season Far East 15 June 20_260630_175141.pdf | Page: madina_page-30.png | Meal: FB | Source period text: 30 JUNE 2026 TO 15 JULY 2026,"Harga, pajak, dan availability final setelah admin cek manual ke hotel/OTA."
MADINAH,STANDARD,Hotel Jadda Al Ghamama,,Alharmain PDF 15 Jul - 15 Aug 2026,Double Room,FB meal plan,2026-07-15,2026-08-15,15 Jul - 15 Aug 2026,per kamar per malam,SAR,300,2,2,1,WiFi/detail fasilitas dicek manual via WhatsApp,Ketersediaan akhir dan payment dilanjutkan manual via WhatsApp,932,2026-07-06,INACTIVE,Source: (Madina Hotel 2026) New Season Far East 15 June 20_260630_175141.pdf | Page: madina_page-30.png | Meal: FB | Source period text: 15 JULY 2026 TO 15 AUGUST 2026,"Harga, pajak, dan availability final setelah admin cek manual ke hotel/OTA."
MADINAH,STANDARD,Hotel Jadda Al Ghamama,,Alharmain PDF 15 Jul - 15 Aug 2026,Triple Room,FB meal plan,2026-07-15,2026-08-15,15 Jul - 15 Aug 2026,per kamar per malam,SAR,340,2,2,1,WiFi/detail fasilitas dicek manual via WhatsApp,Ketersediaan akhir dan payment dilanjutkan manual via WhatsApp,933,2026-07-06,INACTIVE,Source: (Madina Hotel 2026) New Season Far East 15 June 20_260630_175141.pdf | Page: madina_page-30.png | Meal: FB | Source period text: 15 JULY 2026 TO 15 AUGUST 2026,"Harga, pajak, dan availability final setelah admin cek manual ke hotel/OTA."
MADINAH,STANDARD,Hotel Jadda Al Ghamama,,Alharmain PDF 15 Jul - 15 Aug 2026,Quad Room,FB meal plan,2026-07-15,2026-08-15,15 Jul - 15 Aug 2026,per kamar per malam,SAR,380,2,2,1,WiFi/detail fasilitas dicek manual via WhatsApp,Ketersediaan akhir dan payment dilanjutkan manual via WhatsApp,934,2026-07-06,INACTIVE,Source: (Madina Hotel 2026) New Season Far East 15 June 20_260630_175141.pdf | Page: madina_page-30.png | Meal: FB | Source period text: 15 JULY 2026 TO 15 AUGUST 2026,"Harga, pajak, dan availability final setelah admin cek manual ke hotel/OTA."
MADINAH,STANDARD,Hotel Jadda Al Ghamama,,Alharmain PDF 15 Aug - 21 Oct 2026,Double Room,FB meal plan,2026-08-15,2026-10-21,15 Aug - 21 Oct 2026,per kamar per malam,SAR,320,2,2,1,WiFi/detail fasilitas dicek manual via WhatsApp,Ketersediaan akhir dan payment dilanjutkan manual via WhatsApp,935,2026-07-06,INACTIVE,Source: (Madina Hotel 2026) New Season Far East 15 June 20_260630_175141.pdf | Page: madina_page-30.png | Meal: FB | Source period text: 15 AUGUST 2026 TO 21 OCT 2026,"Harga, pajak, dan availability final setelah admin cek manual ke hotel/OTA."
MADINAH,STANDARD,Hotel Jadda Al Ghamama,,Alharmain PDF 15 Aug - 21 Oct 2026,Triple Room,FB meal plan,2026-08-15,2026-10-21,15 Aug - 21 Oct 2026,per kamar per malam,SAR,360,2,2,1,WiFi/detail fasilitas dicek manual via WhatsApp,Ketersediaan akhir dan payment dilanjutkan manual via WhatsApp,936,2026-07-06,INACTIVE,Source: (Madina Hotel 2026) New Season Far East 15 June 20_260630_175141.pdf | Page: madina_page-30.png | Meal: FB | Source period text: 15 AUGUST 2026 TO 21 OCT 2026,"Harga, pajak, dan availability final setelah admin cek manual ke hotel/OTA."
MADINAH,STANDARD,Hotel Jadda Al Ghamama,,Alharmain PDF 15 Aug - 21 Oct 2026,Quad Room,FB meal plan,2026-08-15,2026-10-21,15 Aug - 21 Oct 2026,per kamar per malam,SAR,400,2,2,1,WiFi/detail fasilitas dicek manual via WhatsApp,Ketersediaan akhir dan payment dilanjutkan manual via WhatsApp,937,2026-07-06,INACTIVE,Source: (Madina Hotel 2026) New Season Far East 15 June 20_260630_175141.pdf | Page: madina_page-30.png | Meal: FB | Source period text: 15 AUGUST 2026 TO 21 OCT 2026,"Harga, pajak, dan availability final setelah admin cek manual ke hotel/OTA."
MADINAH,STANDARD,Hotel Al Saman Al Jadid,,Alharmain PDF 30 Jun - 15 Jul 2026,Double Room,FB meal plan,2026-06-30,2026-07-15,30 Jun - 15 Jul 2026,per kamar per malam,SAR,240,2,2,1,WiFi/detail fasilitas dicek manual via WhatsApp,Ketersediaan akhir dan payment dilanjutkan manual via WhatsApp,938,2026-07-06,INACTIVE,Source: (Madina Hotel 2026) New Season Far East 15 June 20_260630_175141.pdf | Page: madina_page-30.png | Meal: FB | Source period text: 30 JUNE 2026 TO 15 JULY 2026,"Harga, pajak, dan availability final setelah admin cek manual ke hotel/OTA."
MADINAH,STANDARD,Hotel Al Saman Al Jadid,,Alharmain PDF 30 Jun - 15 Jul 2026,Triple Room,FB meal plan,2026-06-30,2026-07-15,30 Jun - 15 Jul 2026,per kamar per malam,SAR,280,2,2,1,WiFi/detail fasilitas dicek manual via WhatsApp,Ketersediaan akhir dan payment dilanjutkan manual via WhatsApp,939,2026-07-06,INACTIVE,Source: (Madina Hotel 2026) New Season Far East 15 June 20_260630_175141.pdf | Page: madina_page-30.png | Meal: FB | Source period text: 30 JUNE 2026 TO 15 JULY 2026,"Harga, pajak, dan availability final setelah admin cek manual ke hotel/OTA."
MADINAH,STANDARD,Hotel Al Saman Al Jadid,,Alharmain PDF 30 Jun - 15 Jul 2026,Quad Room,FB meal plan,2026-06-30,2026-07-15,30 Jun - 15 Jul 2026,per kamar per malam,SAR,320,2,2,1,WiFi/detail fasilitas dicek manual via WhatsApp,Ketersediaan akhir dan payment dilanjutkan manual via WhatsApp,940,2026-07-06,INACTIVE,Source: (Madina Hotel 2026) New Season Far East 15 June 20_260630_175141.pdf | Page: madina_page-30.png | Meal: FB | Source period text: 30 JUNE 2026 TO 15 JULY 2026,"Harga, pajak, dan availability final setelah admin cek manual ke hotel/OTA."
MADINAH,STANDARD,Hotel Al Saman Al Jadid,,Alharmain PDF 15 Jul - 15 Aug 2026,Double Room,FB meal plan,2026-07-15,2026-08-15,15 Jul - 15 Aug 2026,per kamar per malam,SAR,300,2,2,1,WiFi/detail fasilitas dicek manual via WhatsApp,Ketersediaan akhir dan payment dilanjutkan manual via WhatsApp,941,2026-07-06,INACTIVE,Source: (Madina Hotel 2026) New Season Far East 15 June 20_260630_175141.pdf | Page: madina_page-30.png | Meal: FB | Source period text: 15 JULY 2026 TO 15 AUGUST 2026,"Harga, pajak, dan availability final setelah admin cek manual ke hotel/OTA."
MADINAH,STANDARD,Hotel Al Saman Al Jadid,,Alharmain PDF 15 Jul - 15 Aug 2026,Triple Room,FB meal plan,2026-07-15,2026-08-15,15 Jul - 15 Aug 2026,per kamar per malam,SAR,340,2,2,1,WiFi/detail fasilitas dicek manual via WhatsApp,Ketersediaan akhir dan payment dilanjutkan manual via WhatsApp,942,2026-07-06,INACTIVE,Source: (Madina Hotel 2026) New Season Far East 15 June 20_260630_175141.pdf | Page: madina_page-30.png | Meal: FB | Source period text: 15 JULY 2026 TO 15 AUGUST 2026,"Harga, pajak, dan availability final setelah admin cek manual ke hotel/OTA."
MADINAH,STANDARD,Hotel Al Saman Al Jadid,,Alharmain PDF 15 Jul - 15 Aug 2026,Quad Room,FB meal plan,2026-07-15,2026-08-15,15 Jul - 15 Aug 2026,per kamar per malam,SAR,380,2,2,1,WiFi/detail fasilitas dicek manual via WhatsApp,Ketersediaan akhir dan payment dilanjutkan manual via WhatsApp,943,2026-07-06,INACTIVE,Source: (Madina Hotel 2026) New Season Far East 15 June 20_260630_175141.pdf | Page: madina_page-30.png | Meal: FB | Source period text: 15 JULY 2026 TO 15 AUGUST 2026,"Harga, pajak, dan availability final setelah admin cek manual ke hotel/OTA."
MADINAH,STANDARD,Hotel Al Saman Al Jadid,,Alharmain PDF Aug 2026,Double Room,FB meal plan,2026-08-01,2026-08-31,Aug 2026,per kamar per malam,SAR,320,2,2,1,WiFi/detail fasilitas dicek manual via WhatsApp,Ketersediaan akhir dan payment dilanjutkan manual via WhatsApp,944,2026-07-06,INACTIVE,Source: (Madina Hotel 2026) New Season Far East 15 June 20_260630_175141.pdf | Page: madina_page-30.png | Meal: FB | Source period text: 15 AUGUST 2026 TO,"Harga, pajak, dan availability final setelah admin cek manual ke hotel/OTA."
MADINAH,STANDARD,Hotel Al Saman Al Jadid,,Alharmain PDF Aug 2026,Triple Room,FB meal plan,2026-08-01,2026-08-31,Aug 2026,per kamar per malam,SAR,360,2,2,1,WiFi/detail fasilitas dicek manual via WhatsApp,Ketersediaan akhir dan payment dilanjutkan manual via WhatsApp,945,2026-07-06,INACTIVE,Source: (Madina Hotel 2026) New Season Far East 15 June 20_260630_175141.pdf | Page: madina_page-30.png | Meal: FB | Source period text: 15 AUGUST 2026 TO,"Harga, pajak, dan availability final setelah admin cek manual ke hotel/OTA."
MADINAH,STANDARD,Hotel Al Saman Al Jadid,,Alharmain PDF Aug 2026,Quad Room,FB meal plan,2026-08-01,2026-08-31,Aug 2026,per kamar per malam,SAR,400,2,2,1,WiFi/detail fasilitas dicek manual via WhatsApp,Ketersediaan akhir dan payment dilanjutkan manual via WhatsApp,946,2026-07-06,INACTIVE,Source: (Madina Hotel 2026) New Season Far East 15 June 20_260630_175141.pdf | Page: madina_page-30.png | Meal: FB | Source period text: 15 AUGUST 2026 TO,"Harga, pajak, dan availability final setelah admin cek manual ke hotel/OTA."
MADINAH,STANDARD,Hotel Karam Taiba Al Masi,,Alharmain PDF 30 Jun - 14 Aug 2026,Double Room,FB meal plan,2026-06-30,2026-08-14,30 Jun - 14 Aug 2026,per kamar per malam,SAR,405,2,2,1,WiFi/detail fasilitas dicek manual via WhatsApp,Ketersediaan akhir dan payment dilanjutkan manual via WhatsApp,947,2026-07-06,INACTIVE,Source: (Madina Hotel 2026) New Season Far East 15 June 20_260630_175141.pdf | Page: madina_page-31.png | Meal: FB | Source period text: 30 JUNE 2026 TO 14 AUGUST 2026,"Harga, pajak, dan availability final setelah admin cek manual ke hotel/OTA."
MADINAH,STANDARD,Hotel Karam Taiba Al Masi,,Alharmain PDF 30 Jun - 14 Aug 2026,Triple Room,FB meal plan,2026-06-30,2026-08-14,30 Jun - 14 Aug 2026,per kamar per malam,SAR,450,2,2,1,WiFi/detail fasilitas dicek manual via WhatsApp,Ketersediaan akhir dan payment dilanjutkan manual via WhatsApp,948,2026-07-06,INACTIVE,Source: (Madina Hotel 2026) New Season Far East 15 June 20_260630_175141.pdf | Page: madina_page-31.png | Meal: FB | Source period text: 30 JUNE 2026 TO 14 AUGUST 2026,"Harga, pajak, dan availability final setelah admin cek manual ke hotel/OTA."
MADINAH,STANDARD,Hotel Karam Taiba Al Masi,,Alharmain PDF 30 Jun - 14 Aug 2026,Quad Room,FB meal plan,2026-06-30,2026-08-14,30 Jun - 14 Aug 2026,per kamar per malam,SAR,535,2,2,1,WiFi/detail fasilitas dicek manual via WhatsApp,Ketersediaan akhir dan payment dilanjutkan manual via WhatsApp,949,2026-07-06,INACTIVE,Source: (Madina Hotel 2026) New Season Far East 15 June 20_260630_175141.pdf | Page: madina_page-31.png | Meal: FB | Source period text: 30 JUNE 2026 TO 14 AUGUST 2026,"Harga, pajak, dan availability final setelah admin cek manual ke hotel/OTA."
MADINAH,STANDARD,Hotel Karam Taiba Al Masi,,Alharmain PDF 14 Aug - 31 Aug 2026,Double Room,FB meal plan,2026-08-14,2026-08-31,14 Aug - 31 Aug 2026,per kamar per malam,SAR,460,2,2,1,WiFi/detail fasilitas dicek manual via WhatsApp,Ketersediaan akhir dan payment dilanjutkan manual via WhatsApp,950,2026-07-06,INACTIVE,Source: (Madina Hotel 2026) New Season Far East 15 June 20_260630_175141.pdf | Page: madina_page-31.png | Meal: FB | Source period text: 14 AUGUST 2026 TO 31 AUGUST 2026,"Harga, pajak, dan availability final setelah admin cek manual ke hotel/OTA."
MADINAH,STANDARD,Hotel Karam Taiba Al Masi,,Alharmain PDF 14 Aug - 31 Aug 2026,Triple Room,FB meal plan,2026-08-14,2026-08-31,14 Aug - 31 Aug 2026,per kamar per malam,SAR,505,2,2,1,WiFi/detail fasilitas dicek manual via WhatsApp,Ketersediaan akhir dan payment dilanjutkan manual via WhatsApp,951,2026-07-06,INACTIVE,Source: (Madina Hotel 2026) New Season Far East 15 June 20_260630_175141.pdf | Page: madina_page-31.png | Meal: FB | Source period text: 14 AUGUST 2026 TO 31 AUGUST 2026,"Harga, pajak, dan availability final setelah admin cek manual ke hotel/OTA."
MADINAH,STANDARD,Hotel Karam Taiba Al Masi,,Alharmain PDF 14 Aug - 31 Aug 2026,Quad Room,FB meal plan,2026-08-14,2026-08-31,14 Aug - 31 Aug 2026,per kamar per malam,SAR,575,2,2,1,WiFi/detail fasilitas dicek manual via WhatsApp,Ketersediaan akhir dan payment dilanjutkan manual via WhatsApp,952,2026-07-06,INACTIVE,Source: (Madina Hotel 2026) New Season Far East 15 June 20_260630_175141.pdf | Page: madina_page-31.png | Meal: FB | Source period text: 14 AUGUST 2026 TO 31 AUGUST 2026,"Harga, pajak, dan availability final setelah admin cek manual ke hotel/OTA."
MADINAH,STANDARD,Hotel Karam Elite,,Alharmain PDF 30 Jun - 14 Aug 2026,Double Room,FB meal plan,2026-06-30,2026-08-14,30 Jun - 14 Aug 2026,per kamar per malam,SAR,480,2,2,1,WiFi/detail fasilitas dicek manual via WhatsApp,Ketersediaan akhir dan payment dilanjutkan manual via WhatsApp,953,2026-07-06,INACTIVE,Source: (Madina Hotel 2026) New Season Far East 15 June 20_260630_175141.pdf | Page: madina_page-31.png | Meal: FB | Source period text: 30 JUNE 2026 TO 14 AUGUST 2026,"Harga, pajak, dan availability final setelah admin cek manual ke hotel/OTA."
MADINAH,STANDARD,Hotel Karam Elite,,Alharmain PDF 30 Jun - 14 Aug 2026,Triple Room,FB meal plan,2026-06-30,2026-08-14,30 Jun - 14 Aug 2026,per kamar per malam,SAR,525,2,2,1,WiFi/detail fasilitas dicek manual via WhatsApp,Ketersediaan akhir dan payment dilanjutkan manual via WhatsApp,954,2026-07-06,INACTIVE,Source: (Madina Hotel 2026) New Season Far East 15 June 20_260630_175141.pdf | Page: madina_page-31.png | Meal: FB | Source period text: 30 JUNE 2026 TO 14 AUGUST 2026,"Harga, pajak, dan availability final setelah admin cek manual ke hotel/OTA."
MADINAH,STANDARD,Hotel Karam Elite,,Alharmain PDF 30 Jun - 14 Aug 2026,Quad Room,FB meal plan,2026-06-30,2026-08-14,30 Jun - 14 Aug 2026,per kamar per malam,SAR,595,2,2,1,WiFi/detail fasilitas dicek manual via WhatsApp,Ketersediaan akhir dan payment dilanjutkan manual via WhatsApp,955,2026-07-06,INACTIVE,Source: (Madina Hotel 2026) New Season Far East 15 June 20_260630_175141.pdf | Page: madina_page-31.png | Meal: FB | Source period text: 30 JUNE 2026 TO 14 AUGUST 2026,"Harga, pajak, dan availability final setelah admin cek manual ke hotel/OTA."
MADINAH,STANDARD,Hotel Karam Elite,,Alharmain PDF 14 Aug - 31 Aug 2026,Double Room,FB meal plan,2026-08-14,2026-08-31,14 Aug - 31 Aug 2026,per kamar per malam,SAR,505,2,2,1,WiFi/detail fasilitas dicek manual via WhatsApp,Ketersediaan akhir dan payment dilanjutkan manual via WhatsApp,956,2026-07-06,INACTIVE,Source: (Madina Hotel 2026) New Season Far East 15 June 20_260630_175141.pdf | Page: madina_page-31.png | Meal: FB | Source period text: 14 AUGUST 2026 TO 31 AUGUST 2026,"Harga, pajak, dan availability final setelah admin cek manual ke hotel/OTA."
MADINAH,STANDARD,Hotel Karam Elite,,Alharmain PDF 14 Aug - 31 Aug 2026,Triple Room,FB meal plan,2026-08-14,2026-08-31,14 Aug - 31 Aug 2026,per kamar per malam,SAR,550,2,2,1,WiFi/detail fasilitas dicek manual via WhatsApp,Ketersediaan akhir dan payment dilanjutkan manual via WhatsApp,957,2026-07-06,INACTIVE,Source: (Madina Hotel 2026) New Season Far East 15 June 20_260630_175141.pdf | Page: madina_page-31.png | Meal: FB | Source period text: 14 AUGUST 2026 TO 31 AUGUST 2026,"Harga, pajak, dan availability final setelah admin cek manual ke hotel/OTA."
MADINAH,STANDARD,Hotel Karam Elite,,Alharmain PDF 14 Aug - 31 Aug 2026,Quad Room,FB meal plan,2026-08-14,2026-08-31,14 Aug - 31 Aug 2026,per kamar per malam,SAR,610,2,2,1,WiFi/detail fasilitas dicek manual via WhatsApp,Ketersediaan akhir dan payment dilanjutkan manual via WhatsApp,958,2026-07-06,INACTIVE,Source: (Madina Hotel 2026) New Season Far East 15 June 20_260630_175141.pdf | Page: madina_page-31.png | Meal: FB | Source period text: 14 AUGUST 2026 TO 31 AUGUST 2026,"Harga, pajak, dan availability final setelah admin cek manual ke hotel/OTA."
MADINAH,STANDARD,Hotel Karam Al Madina,,Alharmain PDF 30 Jun - 14 Aug 2026,Double Room,FB meal plan,2026-06-30,2026-08-14,30 Jun - 14 Aug 2026,per kamar per malam,SAR,405,2,2,1,WiFi/detail fasilitas dicek manual via WhatsApp,Ketersediaan akhir dan payment dilanjutkan manual via WhatsApp,959,2026-07-06,INACTIVE,Source: (Madina Hotel 2026) New Season Far East 15 June 20_260630_175141.pdf | Page: madina_page-31.png | Meal: FB | Source period text: 30 JUNE 2026 TO 14 AUGUST 2026,"Harga, pajak, dan availability final setelah admin cek manual ke hotel/OTA."
MADINAH,STANDARD,Hotel Karam Al Madina,,Alharmain PDF 30 Jun - 14 Aug 2026,Triple Room,FB meal plan,2026-06-30,2026-08-14,30 Jun - 14 Aug 2026,per kamar per malam,SAR,450,2,2,1,WiFi/detail fasilitas dicek manual via WhatsApp,Ketersediaan akhir dan payment dilanjutkan manual via WhatsApp,960,2026-07-06,INACTIVE,Source: (Madina Hotel 2026) New Season Far East 15 June 20_260630_175141.pdf | Page: madina_page-31.png | Meal: FB | Source period text: 30 JUNE 2026 TO 14 AUGUST 2026,"Harga, pajak, dan availability final setelah admin cek manual ke hotel/OTA."
MADINAH,STANDARD,Hotel Karam Al Madina,,Alharmain PDF 30 Jun - 14 Aug 2026,Quad Room,FB meal plan,2026-06-30,2026-08-14,30 Jun - 14 Aug 2026,per kamar per malam,SAR,535,2,2,1,WiFi/detail fasilitas dicek manual via WhatsApp,Ketersediaan akhir dan payment dilanjutkan manual via WhatsApp,961,2026-07-06,INACTIVE,Source: (Madina Hotel 2026) New Season Far East 15 June 20_260630_175141.pdf | Page: madina_page-31.png | Meal: FB | Source period text: 30 JUNE 2026 TO 14 AUGUST 2026,"Harga, pajak, dan availability final setelah admin cek manual ke hotel/OTA."
MADINAH,STANDARD,Hotel Karam Al Madina,,Alharmain PDF 30 Jun - 14 Aug 2026,Quint Room,FB meal plan,2026-06-30,2026-08-14,30 Jun - 14 Aug 2026,per kamar per malam,SAR,605,2,2,1,WiFi/detail fasilitas dicek manual via WhatsApp,Ketersediaan akhir dan payment dilanjutkan manual via WhatsApp,962,2026-07-06,INACTIVE,Source: (Madina Hotel 2026) New Season Far East 15 June 20_260630_175141.pdf | Page: madina_page-31.png | Meal: FB | Source period text: 30 JUNE 2026 TO 14 AUGUST 2026,"Harga, pajak, dan availability final setelah admin cek manual ke hotel/OTA."
MADINAH,STANDARD,Hotel Karam Al Madina,,Alharmain PDF 14 Aug - 31 Aug 2026,Double Room,FB meal plan,2026-08-14,2026-08-31,14 Aug - 31 Aug 2026,per kamar per malam,SAR,460,2,2,1,WiFi/detail fasilitas dicek manual via WhatsApp,Ketersediaan akhir dan payment dilanjutkan manual via WhatsApp,963,2026-07-06,INACTIVE,Source: (Madina Hotel 2026) New Season Far East 15 June 20_260630_175141.pdf | Page: madina_page-31.png | Meal: FB | Source period text: 14 AUGUST 2026 TO 31 AUGUST 2026,"Harga, pajak, dan availability final setelah admin cek manual ke hotel/OTA."
MADINAH,STANDARD,Hotel Karam Al Madina,,Alharmain PDF 14 Aug - 31 Aug 2026,Triple Room,FB meal plan,2026-08-14,2026-08-31,14 Aug - 31 Aug 2026,per kamar per malam,SAR,505,2,2,1,WiFi/detail fasilitas dicek manual via WhatsApp,Ketersediaan akhir dan payment dilanjutkan manual via WhatsApp,964,2026-07-06,INACTIVE,Source: (Madina Hotel 2026) New Season Far East 15 June 20_260630_175141.pdf | Page: madina_page-31.png | Meal: FB | Source period text: 14 AUGUST 2026 TO 31 AUGUST 2026,"Harga, pajak, dan availability final setelah admin cek manual ke hotel/OTA."
MADINAH,STANDARD,Hotel Karam Al Madina,,Alharmain PDF 14 Aug - 31 Aug 2026,Quad Room,FB meal plan,2026-08-14,2026-08-31,14 Aug - 31 Aug 2026,per kamar per malam,SAR,575,2,2,1,WiFi/detail fasilitas dicek manual via WhatsApp,Ketersediaan akhir dan payment dilanjutkan manual via WhatsApp,965,2026-07-06,INACTIVE,Source: (Madina Hotel 2026) New Season Far East 15 June 20_260630_175141.pdf | Page: madina_page-31.png | Meal: FB | Source period text: 14 AUGUST 2026 TO 31 AUGUST 2026,"Harga, pajak, dan availability final setelah admin cek manual ke hotel/OTA."
MADINAH,STANDARD,Hotel Karam Al Madina,,Alharmain PDF 14 Aug - 31 Aug 2026,Quint Room,FB meal plan,2026-08-14,2026-08-31,14 Aug - 31 Aug 2026,per kamar per malam,SAR,630,2,2,1,WiFi/detail fasilitas dicek manual via WhatsApp,Ketersediaan akhir dan payment dilanjutkan manual via WhatsApp,966,2026-07-06,INACTIVE,Source: (Madina Hotel 2026) New Season Far East 15 June 20_260630_175141.pdf | Page: madina_page-31.png | Meal: FB | Source period text: 14 AUGUST 2026 TO 31 AUGUST 2026,"Harga, pajak, dan availability final setelah admin cek manual ke hotel/OTA."
MADINAH,STANDARD,Hotel Karam Al Hejaz,,Alharmain PDF 30 Jun - 14 Aug 2026,Double Room,FB meal plan,2026-06-30,2026-08-14,30 Jun - 14 Aug 2026,per kamar per malam,SAR,390,2,2,1,WiFi/detail fasilitas dicek manual via WhatsApp,Ketersediaan akhir dan payment dilanjutkan manual via WhatsApp,967,2026-07-06,INACTIVE,Source: (Madina Hotel 2026) New Season Far East 15 June 20_260630_175141.pdf | Page: madina_page-31.png | Meal: FB | Source period text: 30 JUNE 2026 TO 14 AUGUST 2026,"Harga, pajak, dan availability final setelah admin cek manual ke hotel/OTA."
MADINAH,STANDARD,Hotel Karam Al Hejaz,,Alharmain PDF 30 Jun - 14 Aug 2026,Triple Room,FB meal plan,2026-06-30,2026-08-14,30 Jun - 14 Aug 2026,per kamar per malam,SAR,435,2,2,1,WiFi/detail fasilitas dicek manual via WhatsApp,Ketersediaan akhir dan payment dilanjutkan manual via WhatsApp,968,2026-07-06,INACTIVE,Source: (Madina Hotel 2026) New Season Far East 15 June 20_260630_175141.pdf | Page: madina_page-31.png | Meal: FB | Source period text: 30 JUNE 2026 TO 14 AUGUST 2026,"Harga, pajak, dan availability final setelah admin cek manual ke hotel/OTA."
MADINAH,STANDARD,Hotel Karam Al Hejaz,,Alharmain PDF 30 Jun - 14 Aug 2026,Quad Room,FB meal plan,2026-06-30,2026-08-14,30 Jun - 14 Aug 2026,per kamar per malam,SAR,520,2,2,1,WiFi/detail fasilitas dicek manual via WhatsApp,Ketersediaan akhir dan payment dilanjutkan manual via WhatsApp,969,2026-07-06,INACTIVE,Source: (Madina Hotel 2026) New Season Far East 15 June 20_260630_175141.pdf | Page: madina_page-31.png | Meal: FB | Source period text: 30 JUNE 2026 TO 14 AUGUST 2026,"Harga, pajak, dan availability final setelah admin cek manual ke hotel/OTA."
MADINAH,STANDARD,Hotel Karam Al Hejaz,,Alharmain PDF 30 Jun - 14 Aug 2026,Quint Room,FB meal plan,2026-06-30,2026-08-14,30 Jun - 14 Aug 2026,per kamar per malam,SAR,595,2,2,1,WiFi/detail fasilitas dicek manual via WhatsApp,Ketersediaan akhir dan payment dilanjutkan manual via WhatsApp,970,2026-07-06,INACTIVE,Source: (Madina Hotel 2026) New Season Far East 15 June 20_260630_175141.pdf | Page: madina_page-31.png | Meal: FB | Source period text: 30 JUNE 2026 TO 14 AUGUST 2026,"Harga, pajak, dan availability final setelah admin cek manual ke hotel/OTA."
MADINAH,STANDARD,Hotel Karam Al Hejaz,,Alharmain PDF 14 Aug - 31 Aug 2026,Double Room,FB meal plan,2026-08-14,2026-08-31,14 Aug - 31 Aug 2026,per kamar per malam,SAR,445,2,2,1,WiFi/detail fasilitas dicek manual via WhatsApp,Ketersediaan akhir dan payment dilanjutkan manual via WhatsApp,971,2026-07-06,INACTIVE,Source: (Madina Hotel 2026) New Season Far East 15 June 20_260630_175141.pdf | Page: madina_page-31.png | Meal: FB | Source period text: 14 AUGUST 2026 TO 31 AUGUST 2026,"Harga, pajak, dan availability final setelah admin cek manual ke hotel/OTA."
MADINAH,STANDARD,Hotel Karam Al Hejaz,,Alharmain PDF 14 Aug - 31 Aug 2026,Triple Room,FB meal plan,2026-08-14,2026-08-31,14 Aug - 31 Aug 2026,per kamar per malam,SAR,490,2,2,1,WiFi/detail fasilitas dicek manual via WhatsApp,Ketersediaan akhir dan payment dilanjutkan manual via WhatsApp,972,2026-07-06,INACTIVE,Source: (Madina Hotel 2026) New Season Far East 15 June 20_260630_175141.pdf | Page: madina_page-31.png | Meal: FB | Source period text: 14 AUGUST 2026 TO 31 AUGUST 2026,"Harga, pajak, dan availability final setelah admin cek manual ke hotel/OTA."
MADINAH,STANDARD,Hotel Karam Al Hejaz,,Alharmain PDF 14 Aug - 31 Aug 2026,Quad Room,FB meal plan,2026-08-14,2026-08-31,14 Aug - 31 Aug 2026,per kamar per malam,SAR,560,2,2,1,WiFi/detail fasilitas dicek manual via WhatsApp,Ketersediaan akhir dan payment dilanjutkan manual via WhatsApp,973,2026-07-06,INACTIVE,Source: (Madina Hotel 2026) New Season Far East 15 June 20_260630_175141.pdf | Page: madina_page-31.png | Meal: FB | Source period text: 14 AUGUST 2026 TO 31 AUGUST 2026,"Harga, pajak, dan availability final setelah admin cek manual ke hotel/OTA."
MADINAH,STANDARD,Hotel Karam Al Hejaz,,Alharmain PDF 14 Aug - 31 Aug 2026,Quint Room,FB meal plan,2026-08-14,2026-08-31,14 Aug - 31 Aug 2026,per kamar per malam,SAR,615,2,2,1,WiFi/detail fasilitas dicek manual via WhatsApp,Ketersediaan akhir dan payment dilanjutkan manual via WhatsApp,974,2026-07-06,INACTIVE,Source: (Madina Hotel 2026) New Season Far East 15 June 20_260630_175141.pdf | Page: madina_page-31.png | Meal: FB | Source period text: 14 AUGUST 2026 TO 31 AUGUST 2026,"Harga, pajak, dan availability final setelah admin cek manual ke hotel/OTA."
MADINAH,STANDARD,Hotel Karam Al Khair,,Alharmain PDF 30 Jun - 14 Aug 2026,Double Room,FB meal plan,2026-06-30,2026-08-14,30 Jun - 14 Aug 2026,per kamar per malam,SAR,390,2,2,1,WiFi/detail fasilitas dicek manual via WhatsApp,Ketersediaan akhir dan payment dilanjutkan manual via WhatsApp,975,2026-07-06,INACTIVE,Source: (Madina Hotel 2026) New Season Far East 15 June 20_260630_175141.pdf | Page: madina_page-31.png | Meal: FB | Source period text: 30 JUNE 2026 TO 14 AUGUST 2026,"Harga, pajak, dan availability final setelah admin cek manual ke hotel/OTA."
MADINAH,STANDARD,Hotel Karam Al Khair,,Alharmain PDF 30 Jun - 14 Aug 2026,Triple Room,FB meal plan,2026-06-30,2026-08-14,30 Jun - 14 Aug 2026,per kamar per malam,SAR,435,2,2,1,WiFi/detail fasilitas dicek manual via WhatsApp,Ketersediaan akhir dan payment dilanjutkan manual via WhatsApp,976,2026-07-06,INACTIVE,Source: (Madina Hotel 2026) New Season Far East 15 June 20_260630_175141.pdf | Page: madina_page-31.png | Meal: FB | Source period text: 30 JUNE 2026 TO 14 AUGUST 2026,"Harga, pajak, dan availability final setelah admin cek manual ke hotel/OTA."
MADINAH,STANDARD,Hotel Karam Al Khair,,Alharmain PDF 30 Jun - 14 Aug 2026,Quad Room,FB meal plan,2026-06-30,2026-08-14,30 Jun - 14 Aug 2026,per kamar per malam,SAR,520,2,2,1,WiFi/detail fasilitas dicek manual via WhatsApp,Ketersediaan akhir dan payment dilanjutkan manual via WhatsApp,977,2026-07-06,INACTIVE,Source: (Madina Hotel 2026) New Season Far East 15 June 20_260630_175141.pdf | Page: madina_page-31.png | Meal: FB | Source period text: 30 JUNE 2026 TO 14 AUGUST 2026,"Harga, pajak, dan availability final setelah admin cek manual ke hotel/OTA."
MADINAH,STANDARD,Hotel Karam Al Khair,,Alharmain PDF 30 Jun - 14 Aug 2026,Quint Room,FB meal plan,2026-06-30,2026-08-14,30 Jun - 14 Aug 2026,per kamar per malam,SAR,595,2,2,1,WiFi/detail fasilitas dicek manual via WhatsApp,Ketersediaan akhir dan payment dilanjutkan manual via WhatsApp,978,2026-07-06,INACTIVE,Source: (Madina Hotel 2026) New Season Far East 15 June 20_260630_175141.pdf | Page: madina_page-31.png | Meal: FB | Source period text: 30 JUNE 2026 TO 14 AUGUST 2026,"Harga, pajak, dan availability final setelah admin cek manual ke hotel/OTA."
MADINAH,STANDARD,Hotel Karam Al Khair,,Alharmain PDF 14 Aug - 31 Aug 2026,Double Room,FB meal plan,2026-08-14,2026-08-31,14 Aug - 31 Aug 2026,per kamar per malam,SAR,445,2,2,1,WiFi/detail fasilitas dicek manual via WhatsApp,Ketersediaan akhir dan payment dilanjutkan manual via WhatsApp,979,2026-07-06,INACTIVE,Source: (Madina Hotel 2026) New Season Far East 15 June 20_260630_175141.pdf | Page: madina_page-31.png | Meal: FB | Source period text: 14 AUGUST 2026 TO 31 AUGUST 2026,"Harga, pajak, dan availability final setelah admin cek manual ke hotel/OTA."
MADINAH,STANDARD,Hotel Karam Al Khair,,Alharmain PDF 14 Aug - 31 Aug 2026,Triple Room,FB meal plan,2026-08-14,2026-08-31,14 Aug - 31 Aug 2026,per kamar per malam,SAR,490,2,2,1,WiFi/detail fasilitas dicek manual via WhatsApp,Ketersediaan akhir dan payment dilanjutkan manual via WhatsApp,980,2026-07-06,INACTIVE,Source: (Madina Hotel 2026) New Season Far East 15 June 20_260630_175141.pdf | Page: madina_page-31.png | Meal: FB | Source period text: 14 AUGUST 2026 TO 31 AUGUST 2026,"Harga, pajak, dan availability final setelah admin cek manual ke hotel/OTA."
MADINAH,STANDARD,Hotel Karam Al Khair,,Alharmain PDF 14 Aug - 31 Aug 2026,Quad Room,FB meal plan,2026-08-14,2026-08-31,14 Aug - 31 Aug 2026,per kamar per malam,SAR,560,2,2,1,WiFi/detail fasilitas dicek manual via WhatsApp,Ketersediaan akhir dan payment dilanjutkan manual via WhatsApp,981,2026-07-06,INACTIVE,Source: (Madina Hotel 2026) New Season Far East 15 June 20_260630_175141.pdf | Page: madina_page-31.png | Meal: FB | Source period text: 14 AUGUST 2026 TO 31 AUGUST 2026,"Harga, pajak, dan availability final setelah admin cek manual ke hotel/OTA."
MADINAH,STANDARD,Hotel Karam Al Khair,,Alharmain PDF 14 Aug - 31 Aug 2026,Quint Room,FB meal plan,2026-08-14,2026-08-31,14 Aug - 31 Aug 2026,per kamar per malam,SAR,615,2,2,1,WiFi/detail fasilitas dicek manual via WhatsApp,Ketersediaan akhir dan payment dilanjutkan manual via WhatsApp,982,2026-07-06,INACTIVE,Source: (Madina Hotel 2026) New Season Far East 15 June 20_260630_175141.pdf | Page: madina_page-31.png | Meal: FB | Source period text: 14 AUGUST 2026 TO 31 AUGUST 2026,"Harga, pajak, dan availability final setelah admin cek manual ke hotel/OTA."
MAKKAH,STANDARD,Conrad Makkah Hotel,,Alharmain PDF 6 Jun - 30 Sep 2026,Double Room,FB meal plan,2026-06-06,2026-09-30,6 Jun - 30 Sep 2026,per kamar per malam,SAR,1829,2,2,1,WiFi/detail fasilitas dicek manual via WhatsApp,Ketersediaan akhir dan payment dilanjutkan manual via WhatsApp,983,2026-07-06,INACTIVE,Source: (Makka Hotel 2026) New Season Far East 15 June 202_260630_174549.pdf | Page: makka_page-02.png | Meal: FB | International | Source period text: 6 JUNE 2026 TO 30 SEP 2026,"Harga, pajak, dan availability final setelah admin cek manual ke hotel/OTA."
MAKKAH,STANDARD,Conrad Makkah Hotel,,Alharmain PDF 6 Jun - 30 Sep 2026,Triple Room,FB meal plan,2026-06-06,2026-09-30,6 Jun - 30 Sep 2026,per kamar per malam,SAR,2306,2,2,1,WiFi/detail fasilitas dicek manual via WhatsApp,Ketersediaan akhir dan payment dilanjutkan manual via WhatsApp,984,2026-07-06,INACTIVE,Source: (Makka Hotel 2026) New Season Far East 15 June 202_260630_174549.pdf | Page: makka_page-02.png | Meal: FB | International | Source period text: 6 JUNE 2026 TO 30 SEP 2026,"Harga, pajak, dan availability final setelah admin cek manual ke hotel/OTA."
MAKKAH,STANDARD,Conrad Makkah Hotel,,Alharmain PDF 6 Jun - 30 Sep 2026,Quad Room,FB meal plan,2026-06-06,2026-09-30,6 Jun - 30 Sep 2026,per kamar per malam,SAR,2783,2,2,1,WiFi/detail fasilitas dicek manual via WhatsApp,Ketersediaan akhir dan payment dilanjutkan manual via WhatsApp,985,2026-07-06,INACTIVE,Source: (Makka Hotel 2026) New Season Far East 15 June 202_260630_174549.pdf | Page: makka_page-02.png | Meal: FB | International | Source period text: 6 JUNE 2026 TO 30 SEP 2026,"Harga, pajak, dan availability final setelah admin cek manual ke hotel/OTA."
MAKKAH,STANDARD,Conrad Makkah Hotel,,Alharmain PDF 1 Oct - 11 Nov 2026,Double Room,FB meal plan,2026-10-01,2026-11-11,1 Oct - 11 Nov 2026,per kamar per malam,SAR,1989,2,2,1,WiFi/detail fasilitas dicek manual via WhatsApp,Ketersediaan akhir dan payment dilanjutkan manual via WhatsApp,986,2026-07-06,INACTIVE,Source: (Makka Hotel 2026) New Season Far East 15 June 202_260630_174549.pdf | Page: makka_page-02.png | Meal: FB | International | Source period text: 1 OCT 2026 TO 11 NOV 2026,"Harga, pajak, dan availability final setelah admin cek manual ke hotel/OTA."
MAKKAH,STANDARD,Conrad Makkah Hotel,,Alharmain PDF 1 Oct - 11 Nov 2026,Triple Room,FB meal plan,2026-10-01,2026-11-11,1 Oct - 11 Nov 2026,per kamar per malam,SAR,2496,2,2,1,WiFi/detail fasilitas dicek manual via WhatsApp,Ketersediaan akhir dan payment dilanjutkan manual via WhatsApp,987,2026-07-06,INACTIVE,Source: (Makka Hotel 2026) New Season Far East 15 June 202_260630_174549.pdf | Page: makka_page-02.png | Meal: FB | International | Source period text: 1 OCT 2026 TO 11 NOV 2026,"Harga, pajak, dan availability final setelah admin cek manual ke hotel/OTA."
MAKKAH,STANDARD,Conrad Makkah Hotel,,Alharmain PDF 1 Oct - 11 Nov 2026,Quad Room,FB meal plan,2026-10-01,2026-11-11,1 Oct - 11 Nov 2026,per kamar per malam,SAR,3003,2,2,1,WiFi/detail fasilitas dicek manual via WhatsApp,Ketersediaan akhir dan payment dilanjutkan manual via WhatsApp,988,2026-07-06,INACTIVE,Source: (Makka Hotel 2026) New Season Far East 15 June 202_260630_174549.pdf | Page: makka_page-02.png | Meal: FB | International | Source period text: 1 OCT 2026 TO 11 NOV 2026,"Harga, pajak, dan availability final setelah admin cek manual ke hotel/OTA."
MAKKAH,STANDARD,Conrad Makkah Hotel,,Alharmain PDF 12 Nov - 16 Dec 2026,Double Room,FB meal plan,2026-11-12,2026-12-16,12 Nov - 16 Dec 2026,per kamar per malam,SAR,2089,2,2,1,WiFi/detail fasilitas dicek manual via WhatsApp,Ketersediaan akhir dan payment dilanjutkan manual via WhatsApp,989,2026-07-06,INACTIVE,Source: (Makka Hotel 2026) New Season Far East 15 June 202_260630_174549.pdf | Page: makka_page-02.png | Meal: FB | International | Source period text: 12 NOV 2026 TO 16 DEC 2026,"Harga, pajak, dan availability final setelah admin cek manual ke hotel/OTA."
MAKKAH,STANDARD,Conrad Makkah Hotel,,Alharmain PDF 12 Nov - 16 Dec 2026,Triple Room,FB meal plan,2026-11-12,2026-12-16,12 Nov - 16 Dec 2026,per kamar per malam,SAR,2596,2,2,1,WiFi/detail fasilitas dicek manual via WhatsApp,Ketersediaan akhir dan payment dilanjutkan manual via WhatsApp,990,2026-07-06,INACTIVE,Source: (Makka Hotel 2026) New Season Far East 15 June 202_260630_174549.pdf | Page: makka_page-02.png | Meal: FB | International | Source period text: 12 NOV 2026 TO 16 DEC 2026,"Harga, pajak, dan availability final setelah admin cek manual ke hotel/OTA."
MAKKAH,STANDARD,Conrad Makkah Hotel,,Alharmain PDF 12 Nov - 16 Dec 2026,Quad Room,FB meal plan,2026-11-12,2026-12-16,12 Nov - 16 Dec 2026,per kamar per malam,SAR,3103,2,2,1,WiFi/detail fasilitas dicek manual via WhatsApp,Ketersediaan akhir dan payment dilanjutkan manual via WhatsApp,991,2026-07-06,INACTIVE,Source: (Makka Hotel 2026) New Season Far East 15 June 202_260630_174549.pdf | Page: makka_page-02.png | Meal: FB | International | Source period text: 12 NOV 2026 TO 16 DEC 2026,"Harga, pajak, dan availability final setelah admin cek manual ke hotel/OTA."
MAKKAH,STANDARD,Conrad Makkah Hotel,,Alharmain PDF 17 Dec 2026 - 9 Jan 2027,Double Room,FB meal plan,2026-12-17,2027-01-09,17 Dec 2026 - 9 Jan 2027,per kamar per malam,SAR,2669,2,2,1,WiFi/detail fasilitas dicek manual via WhatsApp,Ketersediaan akhir dan payment dilanjutkan manual via WhatsApp,992,2026-07-06,INACTIVE,Source: (Makka Hotel 2026) New Season Far East 15 June 202_260630_174549.pdf | Page: makka_page-02.png | Meal: FB | International | Source period text: 17 DEC 2026 TO 9 JAN 2027,"Harga, pajak, dan availability final setelah admin cek manual ke hotel/OTA."
MAKKAH,STANDARD,Conrad Makkah Hotel,,Alharmain PDF 17 Dec 2026 - 9 Jan 2027,Triple Room,FB meal plan,2026-12-17,2027-01-09,17 Dec 2026 - 9 Jan 2027,per kamar per malam,SAR,3271,2,2,1,WiFi/detail fasilitas dicek manual via WhatsApp,Ketersediaan akhir dan payment dilanjutkan manual via WhatsApp,993,2026-07-06,INACTIVE,Source: (Makka Hotel 2026) New Season Far East 15 June 202_260630_174549.pdf | Page: makka_page-02.png | Meal: FB | International | Source period text: 17 DEC 2026 TO 9 JAN 2027,"Harga, pajak, dan availability final setelah admin cek manual ke hotel/OTA."
MAKKAH,STANDARD,Conrad Makkah Hotel,,Alharmain PDF 17 Dec 2026 - 9 Jan 2027,Quad Room,FB meal plan,2026-12-17,2027-01-09,17 Dec 2026 - 9 Jan 2027,per kamar per malam,SAR,3873,2,2,1,WiFi/detail fasilitas dicek manual via WhatsApp,Ketersediaan akhir dan payment dilanjutkan manual via WhatsApp,994,2026-07-06,INACTIVE,Source: (Makka Hotel 2026) New Season Far East 15 June 202_260630_174549.pdf | Page: makka_page-02.png | Meal: FB | International | Source period text: 17 DEC 2026 TO 9 JAN 2027,"Harga, pajak, dan availability final setelah admin cek manual ke hotel/OTA."
MAKKAH,STANDARD,Hilton Suites Hotel,,Alharmain PDF 6 Jun - 30 Sep 2026,Double Room,FB meal plan,2026-06-06,2026-09-30,6 Jun - 30 Sep 2026,per kamar per malam,SAR,1744,2,2,1,WiFi/detail fasilitas dicek manual via WhatsApp,Ketersediaan akhir dan payment dilanjutkan manual via WhatsApp,995,2026-07-06,INACTIVE,Source: (Makka Hotel 2026) New Season Far East 15 June 202_260630_174549.pdf | Page: makka_page-02.png | Meal: FB | International | Source period text: 6 JUNE 2026 TO 30 SEP 2026,"Harga, pajak, dan availability final setelah admin cek manual ke hotel/OTA."
MAKKAH,STANDARD,Hilton Suites Hotel,,Alharmain PDF 6 Jun - 30 Sep 2026,Triple Room,FB meal plan,2026-06-06,2026-09-30,6 Jun - 30 Sep 2026,per kamar per malam,SAR,2221,2,2,1,WiFi/detail fasilitas dicek manual via WhatsApp,Ketersediaan akhir dan payment dilanjutkan manual via WhatsApp,996,2026-07-06,INACTIVE,Source: (Makka Hotel 2026) New Season Far East 15 June 202_260630_174549.pdf | Page: makka_page-02.png | Meal: FB | International | Source period text: 6 JUNE 2026 TO 30 SEP 2026,"Harga, pajak, dan availability final setelah admin cek manual ke hotel/OTA."
MAKKAH,STANDARD,Hilton Suites Hotel,,Alharmain PDF 6 Jun - 30 Sep 2026,Quad Room,FB meal plan,2026-06-06,2026-09-30,6 Jun - 30 Sep 2026,per kamar per malam,SAR,2698,2,2,1,WiFi/detail fasilitas dicek manual via WhatsApp,Ketersediaan akhir dan payment dilanjutkan manual via WhatsApp,997,2026-07-06,INACTIVE,Source: (Makka Hotel 2026) New Season Far East 15 June 202_260630_174549.pdf | Page: makka_page-02.png | Meal: FB | International | Source period text: 6 JUNE 2026 TO 30 SEP 2026,"Harga, pajak, dan availability final setelah admin cek manual ke hotel/OTA."
MAKKAH,STANDARD,Hilton Suites Hotel,,Alharmain PDF 1 Oct - 11 Nov 2026,Double Room,FB meal plan,2026-10-01,2026-11-11,1 Oct - 11 Nov 2026,per kamar per malam,SAR,1924,2,2,1,WiFi/detail fasilitas dicek manual via WhatsApp,Ketersediaan akhir dan payment dilanjutkan manual via WhatsApp,998,2026-07-06,INACTIVE,Source: (Makka Hotel 2026) New Season Far East 15 June 202_260630_174549.pdf | Page: makka_page-02.png | Meal: FB | International | Source period text: 1 OCT 2026 TO 11 NOV 2026,"Harga, pajak, dan availability final setelah admin cek manual ke hotel/OTA."
MAKKAH,STANDARD,Hilton Suites Hotel,,Alharmain PDF 1 Oct - 11 Nov 2026,Triple Room,FB meal plan,2026-10-01,2026-11-11,1 Oct - 11 Nov 2026,per kamar per malam,SAR,2431,2,2,1,WiFi/detail fasilitas dicek manual via WhatsApp,Ketersediaan akhir dan payment dilanjutkan manual via WhatsApp,999,2026-07-06,INACTIVE,Source: (Makka Hotel 2026) New Season Far East 15 June 202_260630_174549.pdf | Page: makka_page-02.png | Meal: FB | International | Source period text: 1 OCT 2026 TO 11 NOV 2026,"Harga, pajak, dan availability final setelah admin cek manual ke hotel/OTA."
MAKKAH,STANDARD,Hilton Suites Hotel,,Alharmain PDF 1 Oct - 11 Nov 2026,Quad Room,FB meal plan,2026-10-01,2026-11-11,1 Oct - 11 Nov 2026,per kamar per malam,SAR,2938,2,2,1,WiFi/detail fasilitas dicek manual via WhatsApp,Ketersediaan akhir dan payment dilanjutkan manual via WhatsApp,1000,2026-07-06,INACTIVE,Source: (Makka Hotel 2026) New Season Far East 15 June 202_260630_174549.pdf | Page: makka_page-02.png | Meal: FB | International | Source period text: 1 OCT 2026 TO 11 NOV 2026,"Harga, pajak, dan availability final setelah admin cek manual ke hotel/OTA."
MAKKAH,STANDARD,Hilton Suites Hotel,,Alharmain PDF 12 Nov - 16 Dec 2026,Double Room,FB meal plan,2026-11-12,2026-12-16,12 Nov - 16 Dec 2026,per kamar per malam,SAR,2024,2,2,1,WiFi/detail fasilitas dicek manual via WhatsApp,Ketersediaan akhir dan payment dilanjutkan manual via WhatsApp,1001,2026-07-06,INACTIVE,Source: (Makka Hotel 2026) New Season Far East 15 June 202_260630_174549.pdf | Page: makka_page-02.png | Meal: FB | International | Source period text: 12 NOV 2026 TO 16 DEC 2026,"Harga, pajak, dan availability final setelah admin cek manual ke hotel/OTA."
MAKKAH,STANDARD,Hilton Suites Hotel,,Alharmain PDF 12 Nov - 16 Dec 2026,Triple Room,FB meal plan,2026-11-12,2026-12-16,12 Nov - 16 Dec 2026,per kamar per malam,SAR,2531,2,2,1,WiFi/detail fasilitas dicek manual via WhatsApp,Ketersediaan akhir dan payment dilanjutkan manual via WhatsApp,1002,2026-07-06,INACTIVE,Source: (Makka Hotel 2026) New Season Far East 15 June 202_260630_174549.pdf | Page: makka_page-02.png | Meal: FB | International | Source period text: 12 NOV 2026 TO 16 DEC 2026,"Harga, pajak, dan availability final setelah admin cek manual ke hotel/OTA."
MAKKAH,STANDARD,Hilton Suites Hotel,,Alharmain PDF 12 Nov - 16 Dec 2026,Quad Room,FB meal plan,2026-11-12,2026-12-16,12 Nov - 16 Dec 2026,per kamar per malam,SAR,3038,2,2,1,WiFi/detail fasilitas dicek manual via WhatsApp,Ketersediaan akhir dan payment dilanjutkan manual via WhatsApp,1003,2026-07-06,INACTIVE,Source: (Makka Hotel 2026) New Season Far East 15 June 202_260630_174549.pdf | Page: makka_page-02.png | Meal: FB | International | Source period text: 12 NOV 2026 TO 16 DEC 2026,"Harga, pajak, dan availability final setelah admin cek manual ke hotel/OTA."
MAKKAH,STANDARD,Hilton Suites Hotel,,Alharmain PDF 17 Dec 2026 - 9 Jan 2027,Double Room,FB meal plan,2026-12-17,2027-01-09,17 Dec 2026 - 9 Jan 2027,per kamar per malam,SAR,2599,2,2,1,WiFi/detail fasilitas dicek manual via WhatsApp,Ketersediaan akhir dan payment dilanjutkan manual via WhatsApp,1004,2026-07-06,INACTIVE,Source: (Makka Hotel 2026) New Season Far East 15 June 202_260630_174549.pdf | Page: makka_page-02.png | Meal: FB | International | Source period text: 17 DEC 2026 TO 9 JAN 2027,"Harga, pajak, dan availability final setelah admin cek manual ke hotel/OTA."
MAKKAH,STANDARD,Hilton Suites Hotel,,Alharmain PDF 17 Dec 2026 - 9 Jan 2027,Triple Room,FB meal plan,2026-12-17,2027-01-09,17 Dec 2026 - 9 Jan 2027,per kamar per malam,SAR,3201,2,2,1,WiFi/detail fasilitas dicek manual via WhatsApp,Ketersediaan akhir dan payment dilanjutkan manual via WhatsApp,1005,2026-07-06,INACTIVE,Source: (Makka Hotel 2026) New Season Far East 15 June 202_260630_174549.pdf | Page: makka_page-02.png | Meal: FB | International | Source period text: 17 DEC 2026 TO 9 JAN 2027,"Harga, pajak, dan availability final setelah admin cek manual ke hotel/OTA."
MAKKAH,STANDARD,Hilton Suites Hotel,,Alharmain PDF 17 Dec 2026 - 9 Jan 2027,Quad Room,FB meal plan,2026-12-17,2027-01-09,17 Dec 2026 - 9 Jan 2027,per kamar per malam,SAR,3803,2,2,1,WiFi/detail fasilitas dicek manual via WhatsApp,Ketersediaan akhir dan payment dilanjutkan manual via WhatsApp,1006,2026-07-06,INACTIVE,Source: (Makka Hotel 2026) New Season Far East 15 June 202_260630_174549.pdf | Page: makka_page-02.png | Meal: FB | International | Source period text: 17 DEC 2026 TO 9 JAN 2027,"Harga, pajak, dan availability final setelah admin cek manual ke hotel/OTA."
MAKKAH,STANDARD,Hilton Convention Hotel,,Alharmain PDF 6 Jun - 30 Sep 2026,Double Room,FB meal plan,2026-06-06,2026-09-30,6 Jun - 30 Sep 2026,per kamar per malam,SAR,1475,2,2,1,WiFi/detail fasilitas dicek manual via WhatsApp,Ketersediaan akhir dan payment dilanjutkan manual via WhatsApp,1007,2026-07-06,INACTIVE,Source: (Makka Hotel 2026) New Season Far East 15 June 202_260630_174549.pdf | Page: makka_page-02.png | Meal: FB | International | Source period text: 6 JUNE 2026 TO 30 SEP 2026,"Harga, pajak, dan availability final setelah admin cek manual ke hotel/OTA."
MAKKAH,STANDARD,Hilton Convention Hotel,,Alharmain PDF 6 Jun - 30 Sep 2026,Triple Room,FB meal plan,2026-06-06,2026-09-30,6 Jun - 30 Sep 2026,per kamar per malam,SAR,1898,2,2,1,WiFi/detail fasilitas dicek manual via WhatsApp,Ketersediaan akhir dan payment dilanjutkan manual via WhatsApp,1008,2026-07-06,INACTIVE,Source: (Makka Hotel 2026) New Season Far East 15 June 202_260630_174549.pdf | Page: makka_page-02.png | Meal: FB | International | Source period text: 6 JUNE 2026 TO 30 SEP 2026,"Harga, pajak, dan availability final setelah admin cek manual ke hotel/OTA."
MAKKAH,STANDARD,Hilton Convention Hotel,,Alharmain PDF 6 Jun - 30 Sep 2026,Quad Room,FB meal plan,2026-06-06,2026-09-30,6 Jun - 30 Sep 2026,per kamar per malam,SAR,2321,2,2,1,WiFi/detail fasilitas dicek manual via WhatsApp,Ketersediaan akhir dan payment dilanjutkan manual via WhatsApp,1009,2026-07-06,INACTIVE,Source: (Makka Hotel 2026) New Season Far East 15 June 202_260630_174549.pdf | Page: makka_page-02.png | Meal: FB | International | Source period text: 6 JUNE 2026 TO 30 SEP 2026,"Harga, pajak, dan availability final setelah admin cek manual ke hotel/OTA."
MAKKAH,STANDARD,Hilton Convention Hotel,,Alharmain PDF 1 Oct - 11 Nov 2026,Double Room,FB meal plan,2026-10-01,2026-11-11,1 Oct - 11 Nov 2026,per kamar per malam,SAR,1595,2,2,1,WiFi/detail fasilitas dicek manual via WhatsApp,Ketersediaan akhir dan payment dilanjutkan manual via WhatsApp,1010,2026-07-06,INACTIVE,Source: (Makka Hotel 2026) New Season Far East 15 June 202_260630_174549.pdf | Page: makka_page-02.png | Meal: FB | International | Source period text: 1 OCT 2026 TO 11 NOV 2026,"Harga, pajak, dan availability final setelah admin cek manual ke hotel/OTA."
MAKKAH,STANDARD,Hilton Convention Hotel,,Alharmain PDF 1 Oct - 11 Nov 2026,Triple Room,FB meal plan,2026-10-01,2026-11-11,1 Oct - 11 Nov 2026,per kamar per malam,SAR,2018,2,2,1,WiFi/detail fasilitas dicek manual via WhatsApp,Ketersediaan akhir dan payment dilanjutkan manual via WhatsApp,1011,2026-07-06,INACTIVE,Source: (Makka Hotel 2026) New Season Far East 15 June 202_260630_174549.pdf | Page: makka_page-02.png | Meal: FB | International | Source period text: 1 OCT 2026 TO 11 NOV 2026,"Harga, pajak, dan availability final setelah admin cek manual ke hotel/OTA."
MAKKAH,STANDARD,Hilton Convention Hotel,,Alharmain PDF 1 Oct - 11 Nov 2026,Quad Room,FB meal plan,2026-10-01,2026-11-11,1 Oct - 11 Nov 2026,per kamar per malam,SAR,2441,2,2,1,WiFi/detail fasilitas dicek manual via WhatsApp,Ketersediaan akhir dan payment dilanjutkan manual via WhatsApp,1012,2026-07-06,INACTIVE,Source: (Makka Hotel 2026) New Season Far East 15 June 202_260630_174549.pdf | Page: makka_page-02.png | Meal: FB | International | Source period text: 1 OCT 2026 TO 11 NOV 2026,"Harga, pajak, dan availability final setelah admin cek manual ke hotel/OTA."
MAKKAH,STANDARD,Hilton Convention Hotel,,Alharmain PDF 12 Nov - 16 Dec 2026,Double Room,FB meal plan,2026-11-12,2026-12-16,12 Nov - 16 Dec 2026,per kamar per malam,SAR,1675,2,2,1,WiFi/detail fasilitas dicek manual via WhatsApp,Ketersediaan akhir dan payment dilanjutkan manual via WhatsApp,1013,2026-07-06,INACTIVE,Source: (Makka Hotel 2026) New Season Far East 15 June 202_260630_174549.pdf | Page: makka_page-02.png | Meal: FB | International | Source period text: 12 NOV 2026 TO 16 DEC 2026,"Harga, pajak, dan availability final setelah admin cek manual ke hotel/OTA."
MAKKAH,STANDARD,Hilton Convention Hotel,,Alharmain PDF 12 Nov - 16 Dec 2026,Triple Room,FB meal plan,2026-11-12,2026-12-16,12 Nov - 16 Dec 2026,per kamar per malam,SAR,2098,2,2,1,WiFi/detail fasilitas dicek manual via WhatsApp,Ketersediaan akhir dan payment dilanjutkan manual via WhatsApp,1014,2026-07-06,INACTIVE,Source: (Makka Hotel 2026) New Season Far East 15 June 202_260630_174549.pdf | Page: makka_page-02.png | Meal: FB | International | Source period text: 12 NOV 2026 TO 16 DEC 2026,"Harga, pajak, dan availability final setelah admin cek manual ke hotel/OTA."
MAKKAH,STANDARD,Hilton Convention Hotel,,Alharmain PDF 12 Nov - 16 Dec 2026,Quad Room,FB meal plan,2026-11-12,2026-12-16,12 Nov - 16 Dec 2026,per kamar per malam,SAR,2521,2,2,1,WiFi/detail fasilitas dicek manual via WhatsApp,Ketersediaan akhir dan payment dilanjutkan manual via WhatsApp,1015,2026-07-06,INACTIVE,Source: (Makka Hotel 2026) New Season Far East 15 June 202_260630_174549.pdf | Page: makka_page-02.png | Meal: FB | International | Source period text: 12 NOV 2026 TO 16 DEC 2026,"Harga, pajak, dan availability final setelah admin cek manual ke hotel/OTA."
MAKKAH,STANDARD,Hilton Convention Hotel,,Alharmain PDF 17 Dec 2026 - 9 Jan 2027,Double Room,FB meal plan,2026-12-17,2027-01-09,17 Dec 2026 - 9 Jan 2027,per kamar per malam,SAR,2170,2,2,1,WiFi/detail fasilitas dicek manual via WhatsApp,Ketersediaan akhir dan payment dilanjutkan manual via WhatsApp,1016,2026-07-06,INACTIVE,Source: (Makka Hotel 2026) New Season Far East 15 June 202_260630_174549.pdf | Page: makka_page-02.png | Meal: FB | International | Source period text: 17 DEC 2026 TO 9 JAN 2027,"Harga, pajak, dan availability final setelah admin cek manual ke hotel/OTA."
MAKKAH,STANDARD,Hilton Convention Hotel,,Alharmain PDF 17 Dec 2026 - 9 Jan 2027,Triple Room,FB meal plan,2026-12-17,2027-01-09,17 Dec 2026 - 9 Jan 2027,per kamar per malam,SAR,2655,2,2,1,WiFi/detail fasilitas dicek manual via WhatsApp,Ketersediaan akhir dan payment dilanjutkan manual via WhatsApp,1017,2026-07-06,INACTIVE,Source: (Makka Hotel 2026) New Season Far East 15 June 202_260630_174549.pdf | Page: makka_page-02.png | Meal: FB | International | Source period text: 17 DEC 2026 TO 9 JAN 2027,"Harga, pajak, dan availability final setelah admin cek manual ke hotel/OTA."
MAKKAH,STANDARD,Hilton Convention Hotel,,Alharmain PDF 17 Dec 2026 - 9 Jan 2027,Quad Room,FB meal plan,2026-12-17,2027-01-09,17 Dec 2026 - 9 Jan 2027,per kamar per malam,SAR,3140,2,2,1,WiFi/detail fasilitas dicek manual via WhatsApp,Ketersediaan akhir dan payment dilanjutkan manual via WhatsApp,1018,2026-07-06,INACTIVE,Source: (Makka Hotel 2026) New Season Far East 15 June 202_260630_174549.pdf | Page: makka_page-02.png | Meal: FB | International | Source period text: 17 DEC 2026 TO 9 JAN 2027,"Harga, pajak, dan availability final setelah admin cek manual ke hotel/OTA."
MAKKAH,STANDARD,Prestige Ajyad Hotel,,Alharmain PDF 16 Jun - 19 Jul 2026,Double Room,FB meal plan,2026-06-16,2026-07-19,16 Jun - 19 Jul 2026,per kamar per malam,SAR,610,2,2,1,WiFi/detail fasilitas dicek manual via WhatsApp,Ketersediaan akhir dan payment dilanjutkan manual via WhatsApp,1019,2026-07-06,INACTIVE,Source: (Makka Hotel 2026) New Season Far East 15 June 202_260630_174549.pdf | Page: makka_page-02.png | Meal: FB | Source period text: 16 JUNE 2026 TO 19 JULY 2026,"Harga, pajak, dan availability final setelah admin cek manual ke hotel/OTA."
MAKKAH,STANDARD,Prestige Ajyad Hotel,,Alharmain PDF 16 Jun - 19 Jul 2026,Triple Room,FB meal plan,2026-06-16,2026-07-19,16 Jun - 19 Jul 2026,per kamar per malam,SAR,710,2,2,1,WiFi/detail fasilitas dicek manual via WhatsApp,Ketersediaan akhir dan payment dilanjutkan manual via WhatsApp,1020,2026-07-06,INACTIVE,Source: (Makka Hotel 2026) New Season Far East 15 June 202_260630_174549.pdf | Page: makka_page-02.png | Meal: FB | Source period text: 16 JUNE 2026 TO 19 JULY 2026,"Harga, pajak, dan availability final setelah admin cek manual ke hotel/OTA."
MAKKAH,STANDARD,Prestige Ajyad Hotel,,Alharmain PDF 16 Jun - 19 Jul 2026,Quad Room,FB meal plan,2026-06-16,2026-07-19,16 Jun - 19 Jul 2026,per kamar per malam,SAR,810,2,2,1,WiFi/detail fasilitas dicek manual via WhatsApp,Ketersediaan akhir dan payment dilanjutkan manual via WhatsApp,1021,2026-07-06,INACTIVE,Source: (Makka Hotel 2026) New Season Far East 15 June 202_260630_174549.pdf | Page: makka_page-02.png | Meal: FB | Source period text: 16 JUNE 2026 TO 19 JULY 2026,"Harga, pajak, dan availability final setelah admin cek manual ke hotel/OTA."
MAKKAH,STANDARD,Elaf Kinda Hotel,,Alharmain PDF 16 Jun - 14 Aug 2026,Double Room,FB meal plan,2026-06-16,2026-08-14,16 Jun - 14 Aug 2026,per kamar per malam,SAR,840,2,2,1,WiFi/detail fasilitas dicek manual via WhatsApp,Ketersediaan akhir dan payment dilanjutkan manual via WhatsApp,1022,2026-07-06,INACTIVE,Source: (Makka Hotel 2026) New Season Far East 15 June 202_260630_174549.pdf | Page: makka_page-03.png | Meal: FB | Source period text: 16 JUNE 2026 TO 14 AUGUST 2026,"Harga, pajak, dan availability final setelah admin cek manual ke hotel/OTA."
MAKKAH,STANDARD,Elaf Kinda Hotel,,Alharmain PDF 16 Jun - 14 Aug 2026,Triple Room,FB meal plan,2026-06-16,2026-08-14,16 Jun - 14 Aug 2026,per kamar per malam,SAR,1000,2,2,1,WiFi/detail fasilitas dicek manual via WhatsApp,Ketersediaan akhir dan payment dilanjutkan manual via WhatsApp,1023,2026-07-06,INACTIVE,Source: (Makka Hotel 2026) New Season Far East 15 June 202_260630_174549.pdf | Page: makka_page-03.png | Meal: FB | Source period text: 16 JUNE 2026 TO 14 AUGUST 2026,"Harga, pajak, dan availability final setelah admin cek manual ke hotel/OTA."
MAKKAH,STANDARD,Elaf Kinda Hotel,,Alharmain PDF 16 Jun - 14 Aug 2026,Quad Room,FB meal plan,2026-06-16,2026-08-14,16 Jun - 14 Aug 2026,per kamar per malam,SAR,1160,2,2,1,WiFi/detail fasilitas dicek manual via WhatsApp,Ketersediaan akhir dan payment dilanjutkan manual via WhatsApp,1024,2026-07-06,INACTIVE,Source: (Makka Hotel 2026) New Season Far East 15 June 202_260630_174549.pdf | Page: makka_page-03.png | Meal: FB | Source period text: 16 JUNE 2026 TO 14 AUGUST 2026,"Harga, pajak, dan availability final setelah admin cek manual ke hotel/OTA."
MAKKAH,STANDARD,Elaf Kinda Hotel,,Alharmain PDF 14 Aug - 21 Dec 2026,Double Room,FB meal plan,2026-08-14,2026-12-21,14 Aug - 21 Dec 2026,per kamar per malam,SAR,900,2,2,1,WiFi/detail fasilitas dicek manual via WhatsApp,Ketersediaan akhir dan payment dilanjutkan manual via WhatsApp,1025,2026-07-06,INACTIVE,Source: (Makka Hotel 2026) New Season Far East 15 June 202_260630_174549.pdf | Page: makka_page-03.png | Meal: FB | Source period text: 14 AUGUST 2026 TO 21 DEC 2026,"Harga, pajak, dan availability final setelah admin cek manual ke hotel/OTA."
MAKKAH,STANDARD,Elaf Kinda Hotel,,Alharmain PDF 14 Aug - 21 Dec 2026,Triple Room,FB meal plan,2026-08-14,2026-12-21,14 Aug - 21 Dec 2026,per kamar per malam,SAR,1060,2,2,1,WiFi/detail fasilitas dicek manual via WhatsApp,Ketersediaan akhir dan payment dilanjutkan manual via WhatsApp,1026,2026-07-06,INACTIVE,Source: (Makka Hotel 2026) New Season Far East 15 June 202_260630_174549.pdf | Page: makka_page-03.png | Meal: FB | Source period text: 14 AUGUST 2026 TO 21 DEC 2026,"Harga, pajak, dan availability final setelah admin cek manual ke hotel/OTA."
MAKKAH,STANDARD,Elaf Kinda Hotel,,Alharmain PDF 14 Aug - 21 Dec 2026,Quad Room,FB meal plan,2026-08-14,2026-12-21,14 Aug - 21 Dec 2026,per kamar per malam,SAR,1220,2,2,1,WiFi/detail fasilitas dicek manual via WhatsApp,Ketersediaan akhir dan payment dilanjutkan manual via WhatsApp,1027,2026-07-06,INACTIVE,Source: (Makka Hotel 2026) New Season Far East 15 June 202_260630_174549.pdf | Page: makka_page-03.png | Meal: FB | Source period text: 14 AUGUST 2026 TO 21 DEC 2026,"Harga, pajak, dan availability final setelah admin cek manual ke hotel/OTA."
MAKKAH,STANDARD,Elaf Kinda Hotel,,Alharmain PDF 21 Dec 2026 - 4 Jan 2027,Double Room,FB meal plan,2026-12-21,2027-01-04,21 Dec 2026 - 4 Jan 2027,per kamar per malam,SAR,1280,2,2,1,WiFi/detail fasilitas dicek manual via WhatsApp,Ketersediaan akhir dan payment dilanjutkan manual via WhatsApp,1028,2026-07-06,INACTIVE,Source: (Makka Hotel 2026) New Season Far East 15 June 202_260630_174549.pdf | Page: makka_page-03.png | Meal: FB | Source period text: 21 DEC 2026 TO 4 JAN 2027,"Harga, pajak, dan availability final setelah admin cek manual ke hotel/OTA."
MAKKAH,STANDARD,Elaf Kinda Hotel,,Alharmain PDF 21 Dec 2026 - 4 Jan 2027,Triple Room,FB meal plan,2026-12-21,2027-01-04,21 Dec 2026 - 4 Jan 2027,per kamar per malam,SAR,1440,2,2,1,WiFi/detail fasilitas dicek manual via WhatsApp,Ketersediaan akhir dan payment dilanjutkan manual via WhatsApp,1029,2026-07-06,INACTIVE,Source: (Makka Hotel 2026) New Season Far East 15 June 202_260630_174549.pdf | Page: makka_page-03.png | Meal: FB | Source period text: 21 DEC 2026 TO 4 JAN 2027,"Harga, pajak, dan availability final setelah admin cek manual ke hotel/OTA."
MAKKAH,STANDARD,Elaf Kinda Hotel,,Alharmain PDF 21 Dec 2026 - 4 Jan 2027,Quad Room,FB meal plan,2026-12-21,2027-01-04,21 Dec 2026 - 4 Jan 2027,per kamar per malam,SAR,1600,2,2,1,WiFi/detail fasilitas dicek manual via WhatsApp,Ketersediaan akhir dan payment dilanjutkan manual via WhatsApp,1030,2026-07-06,INACTIVE,Source: (Makka Hotel 2026) New Season Far East 15 June 202_260630_174549.pdf | Page: makka_page-03.png | Meal: FB | Source period text: 21 DEC 2026 TO 4 JAN 2027,"Harga, pajak, dan availability final setelah admin cek manual ke hotel/OTA."
MAKKAH,STANDARD,Elaf Kinda Hotel,,Alharmain PDF 4 Jan - 8 Feb 2027,Double Room,FB meal plan,2027-01-04,2027-02-08,4 Jan - 8 Feb 2027,per kamar per malam,SAR,940,2,2,1,WiFi/detail fasilitas dicek manual via WhatsApp,Ketersediaan akhir dan payment dilanjutkan manual via WhatsApp,1031,2026-07-06,INACTIVE,Source: (Makka Hotel 2026) New Season Far East 15 June 202_260630_174549.pdf | Page: makka_page-03.png | Meal: FB | Source period text: 4 JAN 2027 TO 8 FEB 2027,"Harga, pajak, dan availability final setelah admin cek manual ke hotel/OTA."
MAKKAH,STANDARD,Elaf Kinda Hotel,,Alharmain PDF 4 Jan - 8 Feb 2027,Triple Room,FB meal plan,2027-01-04,2027-02-08,4 Jan - 8 Feb 2027,per kamar per malam,SAR,1100,2,2,1,WiFi/detail fasilitas dicek manual via WhatsApp,Ketersediaan akhir dan payment dilanjutkan manual via WhatsApp,1032,2026-07-06,INACTIVE,Source: (Makka Hotel 2026) New Season Far East 15 June 202_260630_174549.pdf | Page: makka_page-03.png | Meal: FB | Source period text: 4 JAN 2027 TO 8 FEB 2027,"Harga, pajak, dan availability final setelah admin cek manual ke hotel/OTA."
MAKKAH,STANDARD,Elaf Kinda Hotel,,Alharmain PDF 4 Jan - 8 Feb 2027,Quad Room,FB meal plan,2027-01-04,2027-02-08,4 Jan - 8 Feb 2027,per kamar per malam,SAR,1260,2,2,1,WiFi/detail fasilitas dicek manual via WhatsApp,Ketersediaan akhir dan payment dilanjutkan manual via WhatsApp,1033,2026-07-06,INACTIVE,Source: (Makka Hotel 2026) New Season Far East 15 June 202_260630_174549.pdf | Page: makka_page-03.png | Meal: FB | Source period text: 4 JAN 2027 TO 8 FEB 2027,"Harga, pajak, dan availability final setelah admin cek manual ke hotel/OTA."
MAKKAH,STANDARD,Elaf Kinda Hotel,,Alharmain PDF 9 Mar - 8 Apr 2027,Double Room,FB meal plan,2027-03-09,2027-04-08,9 Mar - 8 Apr 2027,per kamar per malam,SAR,940,2,2,1,WiFi/detail fasilitas dicek manual via WhatsApp,Ketersediaan akhir dan payment dilanjutkan manual via WhatsApp,1034,2026-07-06,INACTIVE,Source: (Makka Hotel 2026) New Season Far East 15 June 202_260630_174549.pdf | Page: makka_page-03.png | Meal: FB | Source period text: 9 MAR 2027 TO 8 APR 2027,"Harga, pajak, dan availability final setelah admin cek manual ke hotel/OTA."
MAKKAH,STANDARD,Elaf Kinda Hotel,,Alharmain PDF 9 Mar - 8 Apr 2027,Triple Room,FB meal plan,2027-03-09,2027-04-08,9 Mar - 8 Apr 2027,per kamar per malam,SAR,1100,2,2,1,WiFi/detail fasilitas dicek manual via WhatsApp,Ketersediaan akhir dan payment dilanjutkan manual via WhatsApp,1035,2026-07-06,INACTIVE,Source: (Makka Hotel 2026) New Season Far East 15 June 202_260630_174549.pdf | Page: makka_page-03.png | Meal: FB | Source period text: 9 MAR 2027 TO 8 APR 2027,"Harga, pajak, dan availability final setelah admin cek manual ke hotel/OTA."
MAKKAH,STANDARD,Elaf Kinda Hotel,,Alharmain PDF 9 Mar - 8 Apr 2027,Quad Room,FB meal plan,2027-03-09,2027-04-08,9 Mar - 8 Apr 2027,per kamar per malam,SAR,1260,2,2,1,WiFi/detail fasilitas dicek manual via WhatsApp,Ketersediaan akhir dan payment dilanjutkan manual via WhatsApp,1036,2026-07-06,INACTIVE,Source: (Makka Hotel 2026) New Season Far East 15 June 202_260630_174549.pdf | Page: makka_page-03.png | Meal: FB | Source period text: 9 MAR 2027 TO 8 APR 2027,"Harga, pajak, dan availability final setelah admin cek manual ke hotel/OTA."
MAKKAH,STANDARD,Movenpick Makkah Hotel,,Alharmain PDF 16 Jun - 14 Aug 2026,Double Room,FB meal plan,2026-06-16,2026-08-14,16 Jun - 14 Aug 2026,per kamar per malam,SAR,1100,2,2,1,WiFi/detail fasilitas dicek manual via WhatsApp,Ketersediaan akhir dan payment dilanjutkan manual via WhatsApp,1037,2026-07-06,INACTIVE,Source: (Makka Hotel 2026) New Season Far East 15 June 202_260630_174549.pdf | Page: makka_page-03.png | Meal: FB | Source period text: 16 JUNE 2026 TO 14 AUGUST 2026,"Harga, pajak, dan availability final setelah admin cek manual ke hotel/OTA."
MAKKAH,STANDARD,Movenpick Makkah Hotel,,Alharmain PDF 16 Jun - 14 Aug 2026,Triple Room,FB meal plan,2026-06-16,2026-08-14,16 Jun - 14 Aug 2026,per kamar per malam,SAR,1300,2,2,1,WiFi/detail fasilitas dicek manual via WhatsApp,Ketersediaan akhir dan payment dilanjutkan manual via WhatsApp,1038,2026-07-06,INACTIVE,Source: (Makka Hotel 2026) New Season Far East 15 June 202_260630_174549.pdf | Page: makka_page-03.png | Meal: FB | Source period text: 16 JUNE 2026 TO 14 AUGUST 2026,"Harga, pajak, dan availability final setelah admin cek manual ke hotel/OTA."
MAKKAH,STANDARD,Movenpick Makkah Hotel,,Alharmain PDF 16 Jun - 14 Aug 2026,Quad Room,FB meal plan,2026-06-16,2026-08-14,16 Jun - 14 Aug 2026,per kamar per malam,SAR,1500,2,2,1,WiFi/detail fasilitas dicek manual via WhatsApp,Ketersediaan akhir dan payment dilanjutkan manual via WhatsApp,1039,2026-07-06,INACTIVE,Source: (Makka Hotel 2026) New Season Far East 15 June 202_260630_174549.pdf | Page: makka_page-03.png | Meal: FB | Source period text: 16 JUNE 2026 TO 14 AUGUST 2026,"Harga, pajak, dan availability final setelah admin cek manual ke hotel/OTA."
MAKKAH,STANDARD,Movenpick Makkah Hotel,,Alharmain PDF 14 Aug - 12 Oct 2026,Double Room,FB meal plan,2026-08-14,2026-10-12,14 Aug - 12 Oct 2026,per kamar per malam,SAR,1150,2,2,1,WiFi/detail fasilitas dicek manual via WhatsApp,Ketersediaan akhir dan payment dilanjutkan manual via WhatsApp,1040,2026-07-06,INACTIVE,Source: (Makka Hotel 2026) New Season Far East 15 June 202_260630_174549.pdf | Page: makka_page-03.png | Meal: FB | Source period text: 14 AUGUST 2026 TO 12 OCT 2026,"Harga, pajak, dan availability final setelah admin cek manual ke hotel/OTA."
MAKKAH,STANDARD,Movenpick Makkah Hotel,,Alharmain PDF 14 Aug - 12 Oct 2026,Triple Room,FB meal plan,2026-08-14,2026-10-12,14 Aug - 12 Oct 2026,per kamar per malam,SAR,1350,2,2,1,WiFi/detail fasilitas dicek manual via WhatsApp,Ketersediaan akhir dan payment dilanjutkan manual via WhatsApp,1041,2026-07-06,INACTIVE,Source: (Makka Hotel 2026) New Season Far East 15 June 202_260630_174549.pdf | Page: makka_page-03.png | Meal: FB | Source period text: 14 AUGUST 2026 TO 12 OCT 2026,"Harga, pajak, dan availability final setelah admin cek manual ke hotel/OTA."
MAKKAH,STANDARD,Movenpick Makkah Hotel,,Alharmain PDF 14 Aug - 12 Oct 2026,Quad Room,FB meal plan,2026-08-14,2026-10-12,14 Aug - 12 Oct 2026,per kamar per malam,SAR,1550,2,2,1,WiFi/detail fasilitas dicek manual via WhatsApp,Ketersediaan akhir dan payment dilanjutkan manual via WhatsApp,1042,2026-07-06,INACTIVE,Source: (Makka Hotel 2026) New Season Far East 15 June 202_260630_174549.pdf | Page: makka_page-03.png | Meal: FB | Source period text: 14 AUGUST 2026 TO 12 OCT 2026,"Harga, pajak, dan availability final setelah admin cek manual ke hotel/OTA."
MAKKAH,STANDARD,Movenpick Makkah Hotel,,Alharmain PDF 12 Oct - 20 Dec 2026,Double Room,FB meal plan,2026-10-12,2026-12-20,12 Oct - 20 Dec 2026,per kamar per malam,SAR,1300,2,2,1,WiFi/detail fasilitas dicek manual via WhatsApp,Ketersediaan akhir dan payment dilanjutkan manual via WhatsApp,1043,2026-07-06,INACTIVE,Source: (Makka Hotel 2026) New Season Far East 15 June 202_260630_174549.pdf | Page: makka_page-03.png | Meal: FB | Source period text: 12 OCT 2026 TO 20 DEC 2026,"Harga, pajak, dan availability final setelah admin cek manual ke hotel/OTA."
MAKKAH,STANDARD,Movenpick Makkah Hotel,,Alharmain PDF 12 Oct - 20 Dec 2026,Triple Room,FB meal plan,2026-10-12,2026-12-20,12 Oct - 20 Dec 2026,per kamar per malam,SAR,1500,2,2,1,WiFi/detail fasilitas dicek manual via WhatsApp,Ketersediaan akhir dan payment dilanjutkan manual via WhatsApp,1044,2026-07-06,INACTIVE,Source: (Makka Hotel 2026) New Season Far East 15 June 202_260630_174549.pdf | Page: makka_page-03.png | Meal: FB | Source period text: 12 OCT 2026 TO 20 DEC 2026,"Harga, pajak, dan availability final setelah admin cek manual ke hotel/OTA."
MAKKAH,STANDARD,Movenpick Makkah Hotel,,Alharmain PDF 12 Oct - 20 Dec 2026,Quad Room,FB meal plan,2026-10-12,2026-12-20,12 Oct - 20 Dec 2026,per kamar per malam,SAR,1700,2,2,1,WiFi/detail fasilitas dicek manual via WhatsApp,Ketersediaan akhir dan payment dilanjutkan manual via WhatsApp,1045,2026-07-06,INACTIVE,Source: (Makka Hotel 2026) New Season Far East 15 June 202_260630_174549.pdf | Page: makka_page-03.png | Meal: FB | Source period text: 12 OCT 2026 TO 20 DEC 2026,"Harga, pajak, dan availability final setelah admin cek manual ke hotel/OTA."
MAKKAH,STANDARD,Movenpick Makkah Hotel,,Alharmain PDF 20 Dec 2026 - 9 Jan 2027,Double Room,FB meal plan,2026-12-20,2027-01-09,20 Dec 2026 - 9 Jan 2027,per kamar per malam,SAR,2000,2,2,1,WiFi/detail fasilitas dicek manual via WhatsApp,Ketersediaan akhir dan payment dilanjutkan manual via WhatsApp,1046,2026-07-06,INACTIVE,Source: (Makka Hotel 2026) New Season Far East 15 June 202_260630_174549.pdf | Page: makka_page-03.png | Meal: FB | Source period text: 20 DEC 2026 TO 9 JAN 2027,"Harga, pajak, dan availability final setelah admin cek manual ke hotel/OTA."
MAKKAH,STANDARD,Movenpick Makkah Hotel,,Alharmain PDF 20 Dec 2026 - 9 Jan 2027,Triple Room,FB meal plan,2026-12-20,2027-01-09,20 Dec 2026 - 9 Jan 2027,per kamar per malam,SAR,2225,2,2,1,WiFi/detail fasilitas dicek manual via WhatsApp,Ketersediaan akhir dan payment dilanjutkan manual via WhatsApp,1047,2026-07-06,INACTIVE,Source: (Makka Hotel 2026) New Season Far East 15 June 202_260630_174549.pdf | Page: makka_page-03.png | Meal: FB | Source period text: 20 DEC 2026 TO 9 JAN 2027,"Harga, pajak, dan availability final setelah admin cek manual ke hotel/OTA."
MAKKAH,STANDARD,Movenpick Makkah Hotel,,Alharmain PDF 20 Dec 2026 - 9 Jan 2027,Quad Room,FB meal plan,2026-12-20,2027-01-09,20 Dec 2026 - 9 Jan 2027,per kamar per malam,SAR,2450,2,2,1,WiFi/detail fasilitas dicek manual via WhatsApp,Ketersediaan akhir dan payment dilanjutkan manual via WhatsApp,1048,2026-07-06,INACTIVE,Source: (Makka Hotel 2026) New Season Far East 15 June 202_260630_174549.pdf | Page: makka_page-03.png | Meal: FB | Source period text: 20 DEC 2026 TO 9 JAN 2027,"Harga, pajak, dan availability final setelah admin cek manual ke hotel/OTA."
MAKKAH,STANDARD,Movenpick Makkah Hotel,,Alharmain PDF 9 Jan - 8 Feb 2027,Double Room,FB meal plan,2027-01-09,2027-02-08,9 Jan - 8 Feb 2027,per kamar per malam,SAR,1300,2,2,1,WiFi/detail fasilitas dicek manual via WhatsApp,Ketersediaan akhir dan payment dilanjutkan manual via WhatsApp,1049,2026-07-06,INACTIVE,Source: (Makka Hotel 2026) New Season Far East 15 June 202_260630_174549.pdf | Page: makka_page-03.png | Meal: FB | Source period text: 9 JAN 2027 TO 8 FEB 2027,"Harga, pajak, dan availability final setelah admin cek manual ke hotel/OTA."
MAKKAH,STANDARD,Movenpick Makkah Hotel,,Alharmain PDF 9 Jan - 8 Feb 2027,Triple Room,FB meal plan,2027-01-09,2027-02-08,9 Jan - 8 Feb 2027,per kamar per malam,SAR,1525,2,2,1,WiFi/detail fasilitas dicek manual via WhatsApp,Ketersediaan akhir dan payment dilanjutkan manual via WhatsApp,1050,2026-07-06,INACTIVE,Source: (Makka Hotel 2026) New Season Far East 15 June 202_260630_174549.pdf | Page: makka_page-03.png | Meal: FB | Source period text: 9 JAN 2027 TO 8 FEB 2027,"Harga, pajak, dan availability final setelah admin cek manual ke hotel/OTA."
MAKKAH,STANDARD,Movenpick Makkah Hotel,,Alharmain PDF 9 Jan - 8 Feb 2027,Quad Room,FB meal plan,2027-01-09,2027-02-08,9 Jan - 8 Feb 2027,per kamar per malam,SAR,1750,2,2,1,WiFi/detail fasilitas dicek manual via WhatsApp,Ketersediaan akhir dan payment dilanjutkan manual via WhatsApp,1051,2026-07-06,INACTIVE,Source: (Makka Hotel 2026) New Season Far East 15 June 202_260630_174549.pdf | Page: makka_page-03.png | Meal: FB | Source period text: 9 JAN 2027 TO 8 FEB 2027,"Harga, pajak, dan availability final setelah admin cek manual ke hotel/OTA."
MAKKAH,STANDARD,Fairmont Маккан Hotel,,Alharmain PDF 16 Jun - 8 Jul 2026,Double Room,FB meal plan,2026-06-16,2026-07-08,16 Jun - 8 Jul 2026,per kamar per malam,SAR,1425,2,2,1,WiFi/detail fasilitas dicek manual via WhatsApp,Ketersediaan akhir dan payment dilanjutkan manual via WhatsApp,1052,2026-07-06,INACTIVE,Source: (Makka Hotel 2026) New Season Far East 15 June 202_260630_174549.pdf | Page: makka_page-03.png | Meal: FB | Source period text: 16 JUNE 2026 TO 8 JULY 2026,"Harga, pajak, dan availability final setelah admin cek manual ke hotel/OTA."
MAKKAH,STANDARD,Fairmont Маккан Hotel,,Alharmain PDF 16 Jun - 8 Jul 2026,Triple Room,FB meal plan,2026-06-16,2026-07-08,16 Jun - 8 Jul 2026,per kamar per malam,SAR,1760,2,2,1,WiFi/detail fasilitas dicek manual via WhatsApp,Ketersediaan akhir dan payment dilanjutkan manual via WhatsApp,1053,2026-07-06,INACTIVE,Source: (Makka Hotel 2026) New Season Far East 15 June 202_260630_174549.pdf | Page: makka_page-03.png | Meal: FB | Source period text: 16 JUNE 2026 TO 8 JULY 2026,"Harga, pajak, dan availability final setelah admin cek manual ke hotel/OTA."
MAKKAH,STANDARD,Fairmont Маккан Hotel,,Alharmain PDF 16 Jun - 8 Jul 2026,Quad Room,FB meal plan,2026-06-16,2026-07-08,16 Jun - 8 Jul 2026,per kamar per malam,SAR,2090,2,2,1,WiFi/detail fasilitas dicek manual via WhatsApp,Ketersediaan akhir dan payment dilanjutkan manual via WhatsApp,1054,2026-07-06,INACTIVE,Source: (Makka Hotel 2026) New Season Far East 15 June 202_260630_174549.pdf | Page: makka_page-03.png | Meal: FB | Source period text: 16 JUNE 2026 TO 8 JULY 2026,"Harga, pajak, dan availability final setelah admin cek manual ke hotel/OTA."
MAKKAH,STANDARD,Fairmont Маккан Hotel,,Alharmain PDF 9 Jul - 16 Dec 2026,Double Room,FB meal plan,2026-07-09,2026-12-16,9 Jul - 16 Dec 2026,per kamar per malam,SAR,1550,2,2,1,WiFi/detail fasilitas dicek manual via WhatsApp,Ketersediaan akhir dan payment dilanjutkan manual via WhatsApp,1055,2026-07-06,INACTIVE,Source: (Makka Hotel 2026) New Season Far East 15 June 202_260630_174549.pdf | Page: makka_page-03.png | Meal: FB | Source period text: 9 JULY 2026 TO 16 DEC 2026,"Harga, pajak, dan availability final setelah admin cek manual ke hotel/OTA."
MAKKAH,STANDARD,Fairmont Маккан Hotel,,Alharmain PDF 9 Jul - 16 Dec 2026,Triple Room,FB meal plan,2026-07-09,2026-12-16,9 Jul - 16 Dec 2026,per kamar per malam,SAR,1880,2,2,1,WiFi/detail fasilitas dicek manual via WhatsApp,Ketersediaan akhir dan payment dilanjutkan manual via WhatsApp,1056,2026-07-06,INACTIVE,Source: (Makka Hotel 2026) New Season Far East 15 June 202_260630_174549.pdf | Page: makka_page-03.png | Meal: FB | Source period text: 9 JULY 2026 TO 16 DEC 2026,"Harga, pajak, dan availability final setelah admin cek manual ke hotel/OTA."
MAKKAH,STANDARD,Fairmont Маккан Hotel,,Alharmain PDF 9 Jul - 16 Dec 2026,Quad Room,FB meal plan,2026-07-09,2026-12-16,9 Jul - 16 Dec 2026,per kamar per malam,SAR,2210,2,2,1,WiFi/detail fasilitas dicek manual via WhatsApp,Ketersediaan akhir dan payment dilanjutkan manual via WhatsApp,1057,2026-07-06,INACTIVE,Source: (Makka Hotel 2026) New Season Far East 15 June 202_260630_174549.pdf | Page: makka_page-03.png | Meal: FB | Source period text: 9 JULY 2026 TO 16 DEC 2026,"Harga, pajak, dan availability final setelah admin cek manual ke hotel/OTA."
MAKKAH,STANDARD,Pulman Zam Zam Hotel,,Alharmain PDF 16 Jun - 8 Jul 2026,Double Room,FB meal plan,2026-06-16,2026-07-08,16 Jun - 8 Jul 2026,per kamar per malam,SAR,1080,2,2,1,WiFi/detail fasilitas dicek manual via WhatsApp,Ketersediaan akhir dan payment dilanjutkan manual via WhatsApp,1058,2026-07-06,INACTIVE,Source: (Makka Hotel 2026) New Season Far East 15 June 202_260630_174549.pdf | Page: makka_page-03.png | Meal: FB | Source period text: 16 JUNE 2026 TO 8 JULY 2026,"Harga, pajak, dan availability final setelah admin cek manual ke hotel/OTA."
MAKKAH,STANDARD,Pulman Zam Zam Hotel,,Alharmain PDF 16 Jun - 8 Jul 2026,Triple Room,FB meal plan,2026-06-16,2026-07-08,16 Jun - 8 Jul 2026,per kamar per malam,SAR,1280,2,2,1,WiFi/detail fasilitas dicek manual via WhatsApp,Ketersediaan akhir dan payment dilanjutkan manual via WhatsApp,1059,2026-07-06,INACTIVE,Source: (Makka Hotel 2026) New Season Far East 15 June 202_260630_174549.pdf | Page: makka_page-03.png | Meal: FB | Source period text: 16 JUNE 2026 TO 8 JULY 2026,"Harga, pajak, dan availability final setelah admin cek manual ke hotel/OTA."
MAKKAH,STANDARD,Pulman Zam Zam Hotel,,Alharmain PDF 16 Jun - 8 Jul 2026,Quad Room,FB meal plan,2026-06-16,2026-07-08,16 Jun - 8 Jul 2026,per kamar per malam,SAR,1480,2,2,1,WiFi/detail fasilitas dicek manual via WhatsApp,Ketersediaan akhir dan payment dilanjutkan manual via WhatsApp,1060,2026-07-06,INACTIVE,Source: (Makka Hotel 2026) New Season Far East 15 June 202_260630_174549.pdf | Page: makka_page-03.png | Meal: FB | Source period text: 16 JUNE 2026 TO 8 JULY 2026,"Harga, pajak, dan availability final setelah admin cek manual ke hotel/OTA."
MAKKAH,STANDARD,Pulman Zam Zam Hotel,,Alharmain PDF 14 Oct - 16 Dec 2026,Double Room,FB meal plan,2026-10-14,2026-12-16,14 Oct - 16 Dec 2026,per kamar per malam,SAR,1225,2,2,1,WiFi/detail fasilitas dicek manual via WhatsApp,Ketersediaan akhir dan payment dilanjutkan manual via WhatsApp,1061,2026-07-06,INACTIVE,Source: (Makka Hotel 2026) New Season Far East 15 June 202_260630_174549.pdf | Page: makka_page-03.png | Meal: FB | Source period text: 14 OCT 2026 TO 16 DEC 2026,"Harga, pajak, dan availability final setelah admin cek manual ke hotel/OTA."
MAKKAH,STANDARD,Pulman Zam Zam Hotel,,Alharmain PDF 14 Oct - 16 Dec 2026,Triple Room,FB meal plan,2026-10-14,2026-12-16,14 Oct - 16 Dec 2026,per kamar per malam,SAR,1425,2,2,1,WiFi/detail fasilitas dicek manual via WhatsApp,Ketersediaan akhir dan payment dilanjutkan manual via WhatsApp,1062,2026-07-06,INACTIVE,Source: (Makka Hotel 2026) New Season Far East 15 June 202_260630_174549.pdf | Page: makka_page-03.png | Meal: FB | Source period text: 14 OCT 2026 TO 16 DEC 2026,"Harga, pajak, dan availability final setelah admin cek manual ke hotel/OTA."
MAKKAH,STANDARD,Pulman Zam Zam Hotel,,Alharmain PDF 14 Oct - 16 Dec 2026,Quad Room,FB meal plan,2026-10-14,2026-12-16,14 Oct - 16 Dec 2026,per kamar per malam,SAR,1625,2,2,1,WiFi/detail fasilitas dicek manual via WhatsApp,Ketersediaan akhir dan payment dilanjutkan manual via WhatsApp,1063,2026-07-06,INACTIVE,Source: (Makka Hotel 2026) New Season Far East 15 June 202_260630_174549.pdf | Page: makka_page-03.png | Meal: FB | Source period text: 14 OCT 2026 TO 16 DEC 2026,"Harga, pajak, dan availability final setelah admin cek manual ke hotel/OTA."
MAKKAH,STANDARD,Ghufran Safwah Hotel,,Alharmain PDF 16 Jun - 14 Oct 2026,Double Room,FB meal plan,2026-06-16,2026-10-14,16 Jun - 14 Oct 2026,per kamar per malam,SAR,1180,2,2,1,WiFi/detail fasilitas dicek manual via WhatsApp,Ketersediaan akhir dan payment dilanjutkan manual via WhatsApp,1064,2026-07-06,INACTIVE,Source: (Makka Hotel 2026) New Season Far East 15 June 202_260630_174549.pdf | Page: makka_page-04.png | Meal: FB | Source period text: 16 JUNE 2026 TO 14 OCT 2026,"Harga, pajak, dan availability final setelah admin cek manual ke hotel/OTA."
MAKKAH,STANDARD,Ghufran Safwah Hotel,,Alharmain PDF 16 Jun - 14 Oct 2026,Triple Room,FB meal plan,2026-06-16,2026-10-14,16 Jun - 14 Oct 2026,per kamar per malam,SAR,1530,2,2,1,WiFi/detail fasilitas dicek manual via WhatsApp,Ketersediaan akhir dan payment dilanjutkan manual via WhatsApp,1065,2026-07-06,INACTIVE,Source: (Makka Hotel 2026) New Season Far East 15 June 202_260630_174549.pdf | Page: makka_page-04.png | Meal: FB | Source period text: 16 JUNE 2026 TO 14 OCT 2026,"Harga, pajak, dan availability final setelah admin cek manual ke hotel/OTA."
MAKKAH,STANDARD,Ghufran Safwah Hotel,,Alharmain PDF 16 Jun - 14 Oct 2026,Quad Room,FB meal plan,2026-06-16,2026-10-14,16 Jun - 14 Oct 2026,per kamar per malam,SAR,1880,2,2,1,WiFi/detail fasilitas dicek manual via WhatsApp,Ketersediaan akhir dan payment dilanjutkan manual via WhatsApp,1066,2026-07-06,INACTIVE,Source: (Makka Hotel 2026) New Season Far East 15 June 202_260630_174549.pdf | Page: makka_page-04.png | Meal: FB | Source period text: 16 JUNE 2026 TO 14 OCT 2026,"Harga, pajak, dan availability final setelah admin cek manual ke hotel/OTA."
MAKKAH,STANDARD,Ghufran Safwah Hotel,,Alharmain PDF 15 Oct - 16 Dec 2026,Double Room,FB meal plan,2026-10-15,2026-12-16,15 Oct - 16 Dec 2026,per kamar per malam,SAR,1420,2,2,1,WiFi/detail fasilitas dicek manual via WhatsApp,Ketersediaan akhir dan payment dilanjutkan manual via WhatsApp,1067,2026-07-06,INACTIVE,Source: (Makka Hotel 2026) New Season Far East 15 June 202_260630_174549.pdf | Page: makka_page-04.png | Meal: FB | Source period text: 15 OCT 2026 TO 16 DEC 2026,"Harga, pajak, dan availability final setelah admin cek manual ke hotel/OTA."
MAKKAH,STANDARD,Ghufran Safwah Hotel,,Alharmain PDF 15 Oct - 16 Dec 2026,Triple Room,FB meal plan,2026-10-15,2026-12-16,15 Oct - 16 Dec 2026,per kamar per malam,SAR,1770,2,2,1,WiFi/detail fasilitas dicek manual via WhatsApp,Ketersediaan akhir dan payment dilanjutkan manual via WhatsApp,1068,2026-07-06,INACTIVE,Source: (Makka Hotel 2026) New Season Far East 15 June 202_260630_174549.pdf | Page: makka_page-04.png | Meal: FB | Source period text: 15 OCT 2026 TO 16 DEC 2026,"Harga, pajak, dan availability final setelah admin cek manual ke hotel/OTA."
MAKKAH,STANDARD,Ghufran Safwah Hotel,,Alharmain PDF 15 Oct - 16 Dec 2026,Quad Room,FB meal plan,2026-10-15,2026-12-16,15 Oct - 16 Dec 2026,per kamar per malam,SAR,2120,2,2,1,WiFi/detail fasilitas dicek manual via WhatsApp,Ketersediaan akhir dan payment dilanjutkan manual via WhatsApp,1069,2026-07-06,INACTIVE,Source: (Makka Hotel 2026) New Season Far East 15 June 202_260630_174549.pdf | Page: makka_page-04.png | Meal: FB | Source period text: 15 OCT 2026 TO 16 DEC 2026,"Harga, pajak, dan availability final setelah admin cek manual ke hotel/OTA."
MAKKAH,STANDARD,Ghufran Safwah Hotel,,Alharmain PDF 17 Dec 2026 - 5 Jan 2027,Double Room,FB meal plan,2026-12-17,2027-01-05,17 Dec 2026 - 5 Jan 2027,per kamar per malam,SAR,1880,2,2,1,WiFi/detail fasilitas dicek manual via WhatsApp,Ketersediaan akhir dan payment dilanjutkan manual via WhatsApp,1070,2026-07-06,INACTIVE,Source: (Makka Hotel 2026) New Season Far East 15 June 202_260630_174549.pdf | Page: makka_page-04.png | Meal: FB | Source period text: 17 DEC 2026 TO 5 JAN 2027,"Harga, pajak, dan availability final setelah admin cek manual ke hotel/OTA."
MAKKAH,STANDARD,Ghufran Safwah Hotel,,Alharmain PDF 17 Dec 2026 - 5 Jan 2027,Triple Room,FB meal plan,2026-12-17,2027-01-05,17 Dec 2026 - 5 Jan 2027,per kamar per malam,SAR,2230,2,2,1,WiFi/detail fasilitas dicek manual via WhatsApp,Ketersediaan akhir dan payment dilanjutkan manual via WhatsApp,1071,2026-07-06,INACTIVE,Source: (Makka Hotel 2026) New Season Far East 15 June 202_260630_174549.pdf | Page: makka_page-04.png | Meal: FB | Source period text: 17 DEC 2026 TO 5 JAN 2027,"Harga, pajak, dan availability final setelah admin cek manual ke hotel/OTA."
MAKKAH,STANDARD,Ghufran Safwah Hotel,,Alharmain PDF 17 Dec 2026 - 5 Jan 2027,Quad Room,FB meal plan,2026-12-17,2027-01-05,17 Dec 2026 - 5 Jan 2027,per kamar per malam,SAR,2580,2,2,1,WiFi/detail fasilitas dicek manual via WhatsApp,Ketersediaan akhir dan payment dilanjutkan manual via WhatsApp,1072,2026-07-06,INACTIVE,Source: (Makka Hotel 2026) New Season Far East 15 June 202_260630_174549.pdf | Page: makka_page-04.png | Meal: FB | Source period text: 17 DEC 2026 TO 5 JAN 2027,"Harga, pajak, dan availability final setelah admin cek manual ke hotel/OTA."
MAKKAH,STANDARD,Sheraton Mаkkah Jabal Hotel,,Alharmain PDF 16 Jun - 15 Sep 2026,Double Room,FB meal plan,2026-06-16,2026-09-15,16 Jun - 15 Sep 2026,per kamar per malam,SAR,680,2,2,1,WiFi/detail fasilitas dicek manual via WhatsApp,Ketersediaan akhir dan payment dilanjutkan manual via WhatsApp,1073,2026-07-06,INACTIVE,Source: (Makka Hotel 2026) New Season Far East 15 June 202_260630_174549.pdf | Page: makka_page-04.png | Meal: FB | Source period text: 16 JUNE 2026 TO 15 SEP 2026,"Harga, pajak, dan availability final setelah admin cek manual ke hotel/OTA."
MAKKAH,STANDARD,Sheraton Mаkkah Jabal Hotel,,Alharmain PDF 16 Jun - 15 Sep 2026,Triple Room,FB meal plan,2026-06-16,2026-09-15,16 Jun - 15 Sep 2026,per kamar per malam,SAR,780,2,2,1,WiFi/detail fasilitas dicek manual via WhatsApp,Ketersediaan akhir dan payment dilanjutkan manual via WhatsApp,1074,2026-07-06,INACTIVE,Source: (Makka Hotel 2026) New Season Far East 15 June 202_260630_174549.pdf | Page: makka_page-04.png | Meal: FB | Source period text: 16 JUNE 2026 TO 15 SEP 2026,"Harga, pajak, dan availability final setelah admin cek manual ke hotel/OTA."
MAKKAH,STANDARD,Sheraton Mаkkah Jabal Hotel,,Alharmain PDF 16 Jun - 15 Sep 2026,Quad (Jr Suite),FB meal plan,2026-06-16,2026-09-15,16 Jun - 15 Sep 2026,per kamar per malam,SAR,880,2,2,1,WiFi/detail fasilitas dicek manual via WhatsApp,Ketersediaan akhir dan payment dilanjutkan manual via WhatsApp,1075,2026-07-06,INACTIVE,Source: (Makka Hotel 2026) New Season Far East 15 June 202_260630_174549.pdf | Page: makka_page-04.png | Meal: FB | Source period text: 16 JUNE 2026 TO 15 SEP 2026,"Harga, pajak, dan availability final setelah admin cek manual ke hotel/OTA."
MAKKAH,STANDARD,Sheraton Mаkkah Jabal Hotel,,Alharmain PDF 15 Sep - 1 Nov 2026,Double Room,FB meal plan,2026-09-15,2026-11-01,15 Sep - 1 Nov 2026,per kamar per malam,SAR,730,2,2,1,WiFi/detail fasilitas dicek manual via WhatsApp,Ketersediaan akhir dan payment dilanjutkan manual via WhatsApp,1076,2026-07-06,INACTIVE,Source: (Makka Hotel 2026) New Season Far East 15 June 202_260630_174549.pdf | Page: makka_page-04.png | Meal: FB | Source period text: 15 SEP 2026 TO 1 NOV 2026,"Harga, pajak, dan availability final setelah admin cek manual ke hotel/OTA."
MAKKAH,STANDARD,Sheraton Mаkkah Jabal Hotel,,Alharmain PDF 15 Sep - 1 Nov 2026,Triple Room,FB meal plan,2026-09-15,2026-11-01,15 Sep - 1 Nov 2026,per kamar per malam,SAR,830,2,2,1,WiFi/detail fasilitas dicek manual via WhatsApp,Ketersediaan akhir dan payment dilanjutkan manual via WhatsApp,1077,2026-07-06,INACTIVE,Source: (Makka Hotel 2026) New Season Far East 15 June 202_260630_174549.pdf | Page: makka_page-04.png | Meal: FB | Source period text: 15 SEP 2026 TO 1 NOV 2026,"Harga, pajak, dan availability final setelah admin cek manual ke hotel/OTA."
MAKKAH,STANDARD,Sheraton Mаkkah Jabal Hotel,,Alharmain PDF 15 Sep - 1 Nov 2026,Quad (Jr Suite),FB meal plan,2026-09-15,2026-11-01,15 Sep - 1 Nov 2026,per kamar per malam,SAR,930,2,2,1,WiFi/detail fasilitas dicek manual via WhatsApp,Ketersediaan akhir dan payment dilanjutkan manual via WhatsApp,1078,2026-07-06,INACTIVE,Source: (Makka Hotel 2026) New Season Far East 15 June 202_260630_174549.pdf | Page: makka_page-04.png | Meal: FB | Source period text: 15 SEP 2026 TO 1 NOV 2026,"Harga, pajak, dan availability final setelah admin cek manual ke hotel/OTA."
MAKKAH,STANDARD,Sheraton Mаkkah Jabal Hotel,,Alharmain PDF 1 Nov - 20 Dec 2026,Double Room,FB meal plan,2026-11-01,2026-12-20,1 Nov - 20 Dec 2026,per kamar per malam,SAR,800,2,2,1,WiFi/detail fasilitas dicek manual via WhatsApp,Ketersediaan akhir dan payment dilanjutkan manual via WhatsApp,1079,2026-07-06,INACTIVE,Source: (Makka Hotel 2026) New Season Far East 15 June 202_260630_174549.pdf | Page: makka_page-04.png | Meal: FB | Source period text: 1 NOV 2026 TO 20 DEC 2026,"Harga, pajak, dan availability final setelah admin cek manual ke hotel/OTA."
MAKKAH,STANDARD,Sheraton Mаkkah Jabal Hotel,,Alharmain PDF 1 Nov - 20 Dec 2026,Triple Room,FB meal plan,2026-11-01,2026-12-20,1 Nov - 20 Dec 2026,per kamar per malam,SAR,900,2,2,1,WiFi/detail fasilitas dicek manual via WhatsApp,Ketersediaan akhir dan payment dilanjutkan manual via WhatsApp,1080,2026-07-06,INACTIVE,Source: (Makka Hotel 2026) New Season Far East 15 June 202_260630_174549.pdf | Page: makka_page-04.png | Meal: FB | Source period text: 1 NOV 2026 TO 20 DEC 2026,"Harga, pajak, dan availability final setelah admin cek manual ke hotel/OTA."
MAKKAH,STANDARD,Sheraton Mаkkah Jabal Hotel,,Alharmain PDF 1 Nov - 20 Dec 2026,Quad (Jr Suite),FB meal plan,2026-11-01,2026-12-20,1 Nov - 20 Dec 2026,per kamar per malam,SAR,1000,2,2,1,WiFi/detail fasilitas dicek manual via WhatsApp,Ketersediaan akhir dan payment dilanjutkan manual via WhatsApp,1081,2026-07-06,INACTIVE,Source: (Makka Hotel 2026) New Season Far East 15 June 202_260630_174549.pdf | Page: makka_page-04.png | Meal: FB | Source period text: 1 NOV 2026 TO 20 DEC 2026,"Harga, pajak, dan availability final setelah admin cek manual ke hotel/OTA."
MAKKAH,STANDARD,Sheraton Mаkkah Jabal Hotel,,Alharmain PDF 5 Jan - 8 Feb 2027,Double Room,FB meal plan,2027-01-05,2027-02-08,5 Jan - 8 Feb 2027,per kamar per malam,SAR,755,2,2,1,WiFi/detail fasilitas dicek manual via WhatsApp,Ketersediaan akhir dan payment dilanjutkan manual via WhatsApp,1082,2026-07-06,INACTIVE,Source: (Makka Hotel 2026) New Season Far East 15 June 202_260630_174549.pdf | Page: makka_page-04.png | Meal: FB | Source period text: 5 JAN 2027 TO 8 FEB 2027,"Harga, pajak, dan availability final setelah admin cek manual ke hotel/OTA."
MAKKAH,STANDARD,Sheraton Mаkkah Jabal Hotel,,Alharmain PDF 5 Jan - 8 Feb 2027,Triple Room,FB meal plan,2027-01-05,2027-02-08,5 Jan - 8 Feb 2027,per kamar per malam,SAR,855,2,2,1,WiFi/detail fasilitas dicek manual via WhatsApp,Ketersediaan akhir dan payment dilanjutkan manual via WhatsApp,1083,2026-07-06,INACTIVE,Source: (Makka Hotel 2026) New Season Far East 15 June 202_260630_174549.pdf | Page: makka_page-04.png | Meal: FB | Source period text: 5 JAN 2027 TO 8 FEB 2027,"Harga, pajak, dan availability final setelah admin cek manual ke hotel/OTA."
MAKKAH,STANDARD,Sheraton Mаkkah Jabal Hotel,,Alharmain PDF 5 Jan - 8 Feb 2027,Quad (Jr Suite),FB meal plan,2027-01-05,2027-02-08,5 Jan - 8 Feb 2027,per kamar per malam,SAR,955,2,2,1,WiFi/detail fasilitas dicek manual via WhatsApp,Ketersediaan akhir dan payment dilanjutkan manual via WhatsApp,1084,2026-07-06,INACTIVE,Source: (Makka Hotel 2026) New Season Far East 15 June 202_260630_174549.pdf | Page: makka_page-04.png | Meal: FB | Source period text: 5 JAN 2027 TO 8 FEB 2027,"Harga, pajak, dan availability final setelah admin cek manual ke hotel/OTA."
MAKKAH,STANDARD,Sheraton Mаkkah Jabal Hotel,,Alharmain PDF 9 Mar - 1 May 2027,Double Room,FB meal plan,2027-03-09,2027-05-01,9 Mar - 1 May 2027,per kamar per malam,SAR,655,2,2,1,WiFi/detail fasilitas dicek manual via WhatsApp,Ketersediaan akhir dan payment dilanjutkan manual via WhatsApp,1085,2026-07-06,INACTIVE,Source: (Makka Hotel 2026) New Season Far East 15 June 202_260630_174549.pdf | Page: makka_page-04.png | Meal: FB | Source period text: 9 MAR 2027 TO 1 MAY 2027,"Harga, pajak, dan availability final setelah admin cek manual ke hotel/OTA."
MAKKAH,STANDARD,Sheraton Mаkkah Jabal Hotel,,Alharmain PDF 9 Mar - 1 May 2027,Triple Room,FB meal plan,2027-03-09,2027-05-01,9 Mar - 1 May 2027,per kamar per malam,SAR,755,2,2,1,WiFi/detail fasilitas dicek manual via WhatsApp,Ketersediaan akhir dan payment dilanjutkan manual via WhatsApp,1086,2026-07-06,INACTIVE,Source: (Makka Hotel 2026) New Season Far East 15 June 202_260630_174549.pdf | Page: makka_page-04.png | Meal: FB | Source period text: 9 MAR 2027 TO 1 MAY 2027,"Harga, pajak, dan availability final setelah admin cek manual ke hotel/OTA."
MAKKAH,STANDARD,Sheraton Mаkkah Jabal Hotel,,Alharmain PDF 9 Mar - 1 May 2027,Quad (Jr Suite),FB meal plan,2027-03-09,2027-05-01,9 Mar - 1 May 2027,per kamar per malam,SAR,855,2,2,1,WiFi/detail fasilitas dicek manual via WhatsApp,Ketersediaan akhir dan payment dilanjutkan manual via WhatsApp,1087,2026-07-06,INACTIVE,Source: (Makka Hotel 2026) New Season Far East 15 June 202_260630_174549.pdf | Page: makka_page-04.png | Meal: FB | Source period text: 9 MAR 2027 TO 1 MAY 2027,"Harga, pajak, dan availability final setelah admin cek manual ke hotel/OTA."
MAKKAH,STANDARD,Sheraton Mаkkah Jabal Hotel,,Alharmain PDF 26 May - 6 Jun 2027,Double Room,FB meal plan,2027-05-26,2027-06-06,26 May - 6 Jun 2027,per kamar per malam,SAR,655,2,2,1,WiFi/detail fasilitas dicek manual via WhatsApp,Ketersediaan akhir dan payment dilanjutkan manual via WhatsApp,1088,2026-07-06,INACTIVE,Source: (Makka Hotel 2026) New Season Far East 15 June 202_260630_174549.pdf | Page: makka_page-04.png | Meal: FB | Source period text: 26 MAY 2027 TO 6 JUNE 2027,"Harga, pajak, dan availability final setelah admin cek manual ke hotel/OTA."
MAKKAH,STANDARD,Sheraton Mаkkah Jabal Hotel,,Alharmain PDF 26 May - 6 Jun 2027,Triple Room,FB meal plan,2027-05-26,2027-06-06,26 May - 6 Jun 2027,per kamar per malam,SAR,755,2,2,1,WiFi/detail fasilitas dicek manual via WhatsApp,Ketersediaan akhir dan payment dilanjutkan manual via WhatsApp,1089,2026-07-06,INACTIVE,Source: (Makka Hotel 2026) New Season Far East 15 June 202_260630_174549.pdf | Page: makka_page-04.png | Meal: FB | Source period text: 26 MAY 2027 TO 6 JUNE 2027,"Harga, pajak, dan availability final setelah admin cek manual ke hotel/OTA."
MAKKAH,STANDARD,Sheraton Mаkkah Jabal Hotel,,Alharmain PDF 26 May - 6 Jun 2027,Quad (Jr Suite),FB meal plan,2027-05-26,2027-06-06,26 May - 6 Jun 2027,per kamar per malam,SAR,855,2,2,1,WiFi/detail fasilitas dicek manual via WhatsApp,Ketersediaan akhir dan payment dilanjutkan manual via WhatsApp,1090,2026-07-06,INACTIVE,Source: (Makka Hotel 2026) New Season Far East 15 June 202_260630_174549.pdf | Page: makka_page-04.png | Meal: FB | Source period text: 26 MAY 2027 TO 6 JUNE 2027,"Harga, pajak, dan availability final setelah admin cek manual ke hotel/OTA."
MAKKAH,STANDARD,Marriott Jabal Omar,,Alharmain PDF 7 Jun - 31 Jul 2026,Double Room,FB meal plan,2026-06-07,2026-07-31,7 Jun - 31 Jul 2026,per kamar per malam,SAR,760,2,2,1,WiFi/detail fasilitas dicek manual via WhatsApp,Ketersediaan akhir dan payment dilanjutkan manual via WhatsApp,1091,2026-07-06,INACTIVE,Source: (Makka Hotel 2026) New Season Far East 15 June 202_260630_174549.pdf | Page: makka_page-04.png | Meal: FB | Source period text: 7 JUNE 2026 TO 31 JULY 2026,"Harga, pajak, dan availability final setelah admin cek manual ke hotel/OTA."
MAKKAH,STANDARD,Marriott Jabal Omar,,Alharmain PDF 7 Jun - 31 Jul 2026,Triple Room,FB meal plan,2026-06-07,2026-07-31,7 Jun - 31 Jul 2026,per kamar per malam,SAR,850,2,2,1,WiFi/detail fasilitas dicek manual via WhatsApp,Ketersediaan akhir dan payment dilanjutkan manual via WhatsApp,1092,2026-07-06,INACTIVE,Source: (Makka Hotel 2026) New Season Far East 15 June 202_260630_174549.pdf | Page: makka_page-04.png | Meal: FB | Source period text: 7 JUNE 2026 TO 31 JULY 2026,"Harga, pajak, dan availability final setelah admin cek manual ke hotel/OTA."
MAKKAH,STANDARD,Marriott Jabal Omar,,Alharmain PDF 7 Jun - 31 Jul 2026,Quad Room,FB meal plan,2026-06-07,2026-07-31,7 Jun - 31 Jul 2026,per kamar per malam,SAR,940,2,2,1,WiFi/detail fasilitas dicek manual via WhatsApp,Ketersediaan akhir dan payment dilanjutkan manual via WhatsApp,1093,2026-07-06,INACTIVE,Source: (Makka Hotel 2026) New Season Far East 15 June 202_260630_174549.pdf | Page: makka_page-04.png | Meal: FB | Source period text: 7 JUNE 2026 TO 31 JULY 2026,"Harga, pajak, dan availability final setelah admin cek manual ke hotel/OTA."
MAKKAH,STANDARD,Marriott Jabal Omar,,Alharmain PDF 1 Aug - 14 Nov 2026,Double Room,FB meal plan,2026-08-01,2026-11-14,1 Aug - 14 Nov 2026,per kamar per malam,SAR,810,2,2,1,WiFi/detail fasilitas dicek manual via WhatsApp,Ketersediaan akhir dan payment dilanjutkan manual via WhatsApp,1094,2026-07-06,INACTIVE,Source: (Makka Hotel 2026) New Season Far East 15 June 202_260630_174549.pdf | Page: makka_page-04.png | Meal: FB | Source period text: 1 AUGUST 2026 TO 14 NOV 2026,"Harga, pajak, dan availability final setelah admin cek manual ke hotel/OTA."
MAKKAH,STANDARD,Marriott Jabal Omar,,Alharmain PDF 1 Aug - 14 Nov 2026,Triple Room,FB meal plan,2026-08-01,2026-11-14,1 Aug - 14 Nov 2026,per kamar per malam,SAR,900,2,2,1,WiFi/detail fasilitas dicek manual via WhatsApp,Ketersediaan akhir dan payment dilanjutkan manual via WhatsApp,1095,2026-07-06,INACTIVE,Source: (Makka Hotel 2026) New Season Far East 15 June 202_260630_174549.pdf | Page: makka_page-04.png | Meal: FB | Source period text: 1 AUGUST 2026 TO 14 NOV 2026,"Harga, pajak, dan availability final setelah admin cek manual ke hotel/OTA."
MAKKAH,STANDARD,Marriott Jabal Omar,,Alharmain PDF 1 Aug - 14 Nov 2026,Quad Room,FB meal plan,2026-08-01,2026-11-14,1 Aug - 14 Nov 2026,per kamar per malam,SAR,990,2,2,1,WiFi/detail fasilitas dicek manual via WhatsApp,Ketersediaan akhir dan payment dilanjutkan manual via WhatsApp,1096,2026-07-06,INACTIVE,Source: (Makka Hotel 2026) New Season Far East 15 June 202_260630_174549.pdf | Page: makka_page-04.png | Meal: FB | Source period text: 1 AUGUST 2026 TO 14 NOV 2026,"Harga, pajak, dan availability final setelah admin cek manual ke hotel/OTA."
MAKKAH,STANDARD,Marriott Jabal Omar,,Alharmain PDF 15 Nov - 16 Dec 2026,Double Room,FB meal plan,2026-11-15,2026-12-16,15 Nov - 16 Dec 2026,per kamar per malam,SAR,860,2,2,1,WiFi/detail fasilitas dicek manual via WhatsApp,Ketersediaan akhir dan payment dilanjutkan manual via WhatsApp,1097,2026-07-06,INACTIVE,Source: (Makka Hotel 2026) New Season Far East 15 June 202_260630_174549.pdf | Page: makka_page-04.png | Meal: FB | Source period text: 15 NOV 2026 TO 16 DEC 2026,"Harga, pajak, dan availability final setelah admin cek manual ke hotel/OTA."
MAKKAH,STANDARD,Marriott Jabal Omar,,Alharmain PDF 15 Nov - 16 Dec 2026,Triple Room,FB meal plan,2026-11-15,2026-12-16,15 Nov - 16 Dec 2026,per kamar per malam,SAR,950,2,2,1,WiFi/detail fasilitas dicek manual via WhatsApp,Ketersediaan akhir dan payment dilanjutkan manual via WhatsApp,1098,2026-07-06,INACTIVE,Source: (Makka Hotel 2026) New Season Far East 15 June 202_260630_174549.pdf | Page: makka_page-04.png | Meal: FB | Source period text: 15 NOV 2026 TO 16 DEC 2026,"Harga, pajak, dan availability final setelah admin cek manual ke hotel/OTA."
MAKKAH,STANDARD,Marriott Jabal Omar,,Alharmain PDF 15 Nov - 16 Dec 2026,Quad Room,FB meal plan,2026-11-15,2026-12-16,15 Nov - 16 Dec 2026,per kamar per malam,SAR,1040,2,2,1,WiFi/detail fasilitas dicek manual via WhatsApp,Ketersediaan akhir dan payment dilanjutkan manual via WhatsApp,1099,2026-07-06,INACTIVE,Source: (Makka Hotel 2026) New Season Far East 15 June 202_260630_174549.pdf | Page: makka_page-04.png | Meal: FB | Source period text: 15 NOV 2026 TO 16 DEC 2026,"Harga, pajak, dan availability final setelah admin cek manual ke hotel/OTA."
MAKKAH,STANDARD,Marriott Jabal Omar,,Alharmain PDF 17 Dec 2026 - 9 Jan 2027,Double Room,FB meal plan,2026-12-17,2027-01-09,17 Dec 2026 - 9 Jan 2027,per kamar per malam,SAR,1060,2,2,1,WiFi/detail fasilitas dicek manual via WhatsApp,Ketersediaan akhir dan payment dilanjutkan manual via WhatsApp,1100,2026-07-06,INACTIVE,Source: (Makka Hotel 2026) New Season Far East 15 June 202_260630_174549.pdf | Page: makka_page-04.png | Meal: FB | Source period text: 17 DEC 2026 TO 9 JAN 2027,"Harga, pajak, dan availability final setelah admin cek manual ke hotel/OTA."
MAKKAH,STANDARD,Marriott Jabal Omar,,Alharmain PDF 17 Dec 2026 - 9 Jan 2027,Triple Room,FB meal plan,2026-12-17,2027-01-09,17 Dec 2026 - 9 Jan 2027,per kamar per malam,SAR,1150,2,2,1,WiFi/detail fasilitas dicek manual via WhatsApp,Ketersediaan akhir dan payment dilanjutkan manual via WhatsApp,1101,2026-07-06,INACTIVE,Source: (Makka Hotel 2026) New Season Far East 15 June 202_260630_174549.pdf | Page: makka_page-04.png | Meal: FB | Source period text: 17 DEC 2026 TO 9 JAN 2027,"Harga, pajak, dan availability final setelah admin cek manual ke hotel/OTA."
MAKKAH,STANDARD,Marriott Jabal Omar,,Alharmain PDF 17 Dec 2026 - 9 Jan 2027,Quad Room,FB meal plan,2026-12-17,2027-01-09,17 Dec 2026 - 9 Jan 2027,per kamar per malam,SAR,1240,2,2,1,WiFi/detail fasilitas dicek manual via WhatsApp,Ketersediaan akhir dan payment dilanjutkan manual via WhatsApp,1102,2026-07-06,INACTIVE,Source: (Makka Hotel 2026) New Season Far East 15 June 202_260630_174549.pdf | Page: makka_page-04.png | Meal: FB | Source period text: 17 DEC 2026 TO 9 JAN 2027,"Harga, pajak, dan availability final setelah admin cek manual ke hotel/OTA."
MAKKAH,STANDARD,Marriott Jabal Omar,,Alharmain PDF 10 Jan - 7 Feb 2027,Double Room,FB meal plan,2027-01-10,2027-02-07,10 Jan - 7 Feb 2027,per kamar per malam,SAR,860,2,2,1,WiFi/detail fasilitas dicek manual via WhatsApp,Ketersediaan akhir dan payment dilanjutkan manual via WhatsApp,1103,2026-07-06,INACTIVE,Source: (Makka Hotel 2026) New Season Far East 15 June 202_260630_174549.pdf | Page: makka_page-04.png | Meal: FB | Source period text: 10 JAN 2027 TO 7 FEB 2027,"Harga, pajak, dan availability final setelah admin cek manual ke hotel/OTA."
MAKKAH,STANDARD,Marriott Jabal Omar,,Alharmain PDF 10 Jan - 7 Feb 2027,Triple Room,FB meal plan,2027-01-10,2027-02-07,10 Jan - 7 Feb 2027,per kamar per malam,SAR,950,2,2,1,WiFi/detail fasilitas dicek manual via WhatsApp,Ketersediaan akhir dan payment dilanjutkan manual via WhatsApp,1104,2026-07-06,INACTIVE,Source: (Makka Hotel 2026) New Season Far East 15 June 202_260630_174549.pdf | Page: makka_page-04.png | Meal: FB | Source period text: 10 JAN 2027 TO 7 FEB 2027,"Harga, pajak, dan availability final setelah admin cek manual ke hotel/OTA."
MAKKAH,STANDARD,Marriott Jabal Omar,,Alharmain PDF 10 Jan - 7 Feb 2027,Quad Room,FB meal plan,2027-01-10,2027-02-07,10 Jan - 7 Feb 2027,per kamar per malam,SAR,1040,2,2,1,WiFi/detail fasilitas dicek manual via WhatsApp,Ketersediaan akhir dan payment dilanjutkan manual via WhatsApp,1105,2026-07-06,INACTIVE,Source: (Makka Hotel 2026) New Season Far East 15 June 202_260630_174549.pdf | Page: makka_page-04.png | Meal: FB | Source period text: 10 JAN 2027 TO 7 FEB 2027,"Harga, pajak, dan availability final setelah admin cek manual ke hotel/OTA."
MAKKAH,STANDARD,Marriott Jabal Omar,,Alharmain PDF Mar 2027,Double Room,FB meal plan,2027-03-01,2027-03-31,Mar 2027,per kamar per malam,SAR,760,2,2,1,WiFi/detail fasilitas dicek manual via WhatsApp,Ketersediaan akhir dan payment dilanjutkan manual via WhatsApp,1106,2026-07-06,INACTIVE,Source: (Makka Hotel 2026) New Season Far East 15 June 202_260630_174549.pdf | Page: makka_page-04.png | Meal: FB | Source period text: 9 MAR 2027 TO,"Harga, pajak, dan availability final setelah admin cek manual ke hotel/OTA."
MAKKAH,STANDARD,Marriott Jabal Omar,,Alharmain PDF Mar 2027,Triple Room,FB meal plan,2027-03-01,2027-03-31,Mar 2027,per kamar per malam,SAR,850,2,2,1,WiFi/detail fasilitas dicek manual via WhatsApp,Ketersediaan akhir dan payment dilanjutkan manual via WhatsApp,1107,2026-07-06,INACTIVE,Source: (Makka Hotel 2026) New Season Far East 15 June 202_260630_174549.pdf | Page: makka_page-04.png | Meal: FB | Source period text: 9 MAR 2027 TO,"Harga, pajak, dan availability final setelah admin cek manual ke hotel/OTA."
MAKKAH,STANDARD,Marriott Jabal Omar,,Alharmain PDF Mar 2027,Quad Room,FB meal plan,2027-03-01,2027-03-31,Mar 2027,per kamar per malam,SAR,940,2,2,1,WiFi/detail fasilitas dicek manual via WhatsApp,Ketersediaan akhir dan payment dilanjutkan manual via WhatsApp,1108,2026-07-06,INACTIVE,Source: (Makka Hotel 2026) New Season Far East 15 June 202_260630_174549.pdf | Page: makka_page-04.png | Meal: FB | Source period text: 9 MAR 2027 TO,"Harga, pajak, dan availability final setelah admin cek manual ke hotel/OTA."
MAKKAH,STANDARD,Le Meridien Mаkkah Hotel,,Alharmain PDF 7 Jun - 21 Aug 2026,Double Room,FB meal plan,2026-06-07,2026-08-21,7 Jun - 21 Aug 2026,per kamar per malam,SAR,725,2,2,1,WiFi/detail fasilitas dicek manual via WhatsApp,Ketersediaan akhir dan payment dilanjutkan manual via WhatsApp,1109,2026-07-06,INACTIVE,Source: (Makka Hotel 2026) New Season Far East 15 June 202_260630_174549.pdf | Page: makka_page-05.png | Meal: FB | Source period text: 7 JUNE 2026 TO 21 AUGUST 2026,"Harga, pajak, dan availability final setelah admin cek manual ke hotel/OTA."
MAKKAH,STANDARD,Le Meridien Mаkkah Hotel,,Alharmain PDF 7 Jun - 21 Aug 2026,Triple Room,FB meal plan,2026-06-07,2026-08-21,7 Jun - 21 Aug 2026,per kamar per malam,SAR,875,2,2,1,WiFi/detail fasilitas dicek manual via WhatsApp,Ketersediaan akhir dan payment dilanjutkan manual via WhatsApp,1110,2026-07-06,INACTIVE,Source: (Makka Hotel 2026) New Season Far East 15 June 202_260630_174549.pdf | Page: makka_page-05.png | Meal: FB | Source period text: 7 JUNE 2026 TO 21 AUGUST 2026,"Harga, pajak, dan availability final setelah admin cek manual ke hotel/OTA."
MAKKAH,STANDARD,Le Meridien Mаkkah Hotel,,Alharmain PDF 7 Jun - 21 Aug 2026,Quad Room,FB meal plan,2026-06-07,2026-08-21,7 Jun - 21 Aug 2026,per kamar per malam,SAR,1025,2,2,1,WiFi/detail fasilitas dicek manual via WhatsApp,Ketersediaan akhir dan payment dilanjutkan manual via WhatsApp,1111,2026-07-06,INACTIVE,Source: (Makka Hotel 2026) New Season Far East 15 June 202_260630_174549.pdf | Page: makka_page-05.png | Meal: FB | Source period text: 7 JUNE 2026 TO 21 AUGUST 2026,"Harga, pajak, dan availability final setelah admin cek manual ke hotel/OTA."
MAKKAH,STANDARD,Le Meridien Mаkkah Hotel,,Alharmain PDF 22 Aug - 15 Dec 2026,Double Room,FB meal plan,2026-08-22,2026-12-15,22 Aug - 15 Dec 2026,per kamar per malam,SAR,800,2,2,1,WiFi/detail fasilitas dicek manual via WhatsApp,Ketersediaan akhir dan payment dilanjutkan manual via WhatsApp,1112,2026-07-06,INACTIVE,Source: (Makka Hotel 2026) New Season Far East 15 June 202_260630_174549.pdf | Page: makka_page-05.png | Meal: FB | Source period text: 22 AUGUST 2026 TO 15 DEC 2026,"Harga, pajak, dan availability final setelah admin cek manual ke hotel/OTA."
MAKKAH,STANDARD,Le Meridien Mаkkah Hotel,,Alharmain PDF 22 Aug - 15 Dec 2026,Triple Room,FB meal plan,2026-08-22,2026-12-15,22 Aug - 15 Dec 2026,per kamar per malam,SAR,950,2,2,1,WiFi/detail fasilitas dicek manual via WhatsApp,Ketersediaan akhir dan payment dilanjutkan manual via WhatsApp,1113,2026-07-06,INACTIVE,Source: (Makka Hotel 2026) New Season Far East 15 June 202_260630_174549.pdf | Page: makka_page-05.png | Meal: FB | Source period text: 22 AUGUST 2026 TO 15 DEC 2026,"Harga, pajak, dan availability final setelah admin cek manual ke hotel/OTA."
MAKKAH,STANDARD,Le Meridien Mаkkah Hotel,,Alharmain PDF 22 Aug - 15 Dec 2026,Quad Room,FB meal plan,2026-08-22,2026-12-15,22 Aug - 15 Dec 2026,per kamar per malam,SAR,1100,2,2,1,WiFi/detail fasilitas dicek manual via WhatsApp,Ketersediaan akhir dan payment dilanjutkan manual via WhatsApp,1114,2026-07-06,INACTIVE,Source: (Makka Hotel 2026) New Season Far East 15 June 202_260630_174549.pdf | Page: makka_page-05.png | Meal: FB | Source period text: 22 AUGUST 2026 TO 15 DEC 2026,"Harga, pajak, dan availability final setelah admin cek manual ke hotel/OTA."
MAKKAH,STANDARD,Le Meridien Mаkkah Hotel,,Alharmain PDF 16 Dec 2026 - 5 Jan 2027,Double Room,FB meal plan,2026-12-16,2027-01-05,16 Dec 2026 - 5 Jan 2027,per kamar per malam,SAR,1000,2,2,1,WiFi/detail fasilitas dicek manual via WhatsApp,Ketersediaan akhir dan payment dilanjutkan manual via WhatsApp,1115,2026-07-06,INACTIVE,Source: (Makka Hotel 2026) New Season Far East 15 June 202_260630_174549.pdf | Page: makka_page-05.png | Meal: FB | Source period text: 16 DEC 2026 TO 5 JAN 2027,"Harga, pajak, dan availability final setelah admin cek manual ke hotel/OTA."
MAKKAH,STANDARD,Le Meridien Mаkkah Hotel,,Alharmain PDF 16 Dec 2026 - 5 Jan 2027,Triple Room,FB meal plan,2026-12-16,2027-01-05,16 Dec 2026 - 5 Jan 2027,per kamar per malam,SAR,1200,2,2,1,WiFi/detail fasilitas dicek manual via WhatsApp,Ketersediaan akhir dan payment dilanjutkan manual via WhatsApp,1116,2026-07-06,INACTIVE,Source: (Makka Hotel 2026) New Season Far East 15 June 202_260630_174549.pdf | Page: makka_page-05.png | Meal: FB | Source period text: 16 DEC 2026 TO 5 JAN 2027,"Harga, pajak, dan availability final setelah admin cek manual ke hotel/OTA."
MAKKAH,STANDARD,Le Meridien Mаkkah Hotel,,Alharmain PDF 16 Dec 2026 - 5 Jan 2027,Quad Room,FB meal plan,2026-12-16,2027-01-05,16 Dec 2026 - 5 Jan 2027,per kamar per malam,SAR,1400,2,2,1,WiFi/detail fasilitas dicek manual via WhatsApp,Ketersediaan akhir dan payment dilanjutkan manual via WhatsApp,1117,2026-07-06,INACTIVE,Source: (Makka Hotel 2026) New Season Far East 15 June 202_260630_174549.pdf | Page: makka_page-05.png | Meal: FB | Source period text: 16 DEC 2026 TO 5 JAN 2027,"Harga, pajak, dan availability final setelah admin cek manual ke hotel/OTA."
MAKKAH,STANDARD,Le Meridien Mаkkah Hotel,,Alharmain PDF 6 Jan - 6 Feb 2027,Double Room,FB meal plan,2027-01-06,2027-02-06,6 Jan - 6 Feb 2027,per kamar per malam,SAR,800,2,2,1,WiFi/detail fasilitas dicek manual via WhatsApp,Ketersediaan akhir dan payment dilanjutkan manual via WhatsApp,1118,2026-07-06,INACTIVE,Source: (Makka Hotel 2026) New Season Far East 15 June 202_260630_174549.pdf | Page: makka_page-05.png | Meal: FB | Source period text: 6 JAN 2027 TO 6 FEB 2027,"Harga, pajak, dan availability final setelah admin cek manual ke hotel/OTA."
MAKKAH,STANDARD,Le Meridien Mаkkah Hotel,,Alharmain PDF 6 Jan - 6 Feb 2027,Triple Room,FB meal plan,2027-01-06,2027-02-06,6 Jan - 6 Feb 2027,per kamar per malam,SAR,950,2,2,1,WiFi/detail fasilitas dicek manual via WhatsApp,Ketersediaan akhir dan payment dilanjutkan manual via WhatsApp,1119,2026-07-06,INACTIVE,Source: (Makka Hotel 2026) New Season Far East 15 June 202_260630_174549.pdf | Page: makka_page-05.png | Meal: FB | Source period text: 6 JAN 2027 TO 6 FEB 2027,"Harga, pajak, dan availability final setelah admin cek manual ke hotel/OTA."
MAKKAH,STANDARD,Le Meridien Mаkkah Hotel,,Alharmain PDF 6 Jan - 6 Feb 2027,Quad Room,FB meal plan,2027-01-06,2027-02-06,6 Jan - 6 Feb 2027,per kamar per malam,SAR,1100,2,2,1,WiFi/detail fasilitas dicek manual via WhatsApp,Ketersediaan akhir dan payment dilanjutkan manual via WhatsApp,1120,2026-07-06,INACTIVE,Source: (Makka Hotel 2026) New Season Far East 15 June 202_260630_174549.pdf | Page: makka_page-05.png | Meal: FB | Source period text: 6 JAN 2027 TO 6 FEB 2027,"Harga, pajak, dan availability final setelah admin cek manual ke hotel/OTA."
MAKKAH,STANDARD,Le Meridien Mаkkah Hotel,,Alharmain PDF 16 Jun - 14 Aug 2026,Double Room,FB meal plan,2026-06-16,2026-08-14,16 Jun - 14 Aug 2026,per kamar per malam,SAR,1200,2,2,1,WiFi/detail fasilitas dicek manual via WhatsApp,Ketersediaan akhir dan payment dilanjutkan manual via WhatsApp,1121,2026-07-06,INACTIVE,Source: (Makka Hotel 2026) New Season Far East 15 June 202_260630_174549.pdf | Page: makka_page-05.png | Meal: FB | Source period text: 16 JUNE 2026 TO 14 AUGUST 2026,"Harga, pajak, dan availability final setelah admin cek manual ke hotel/OTA."
MAKKAH,STANDARD,Le Meridien Mаkkah Hotel,,Alharmain PDF 16 Jun - 14 Aug 2026,Triple Room,FB meal plan,2026-06-16,2026-08-14,16 Jun - 14 Aug 2026,per kamar per malam,SAR,1510,2,2,1,WiFi/detail fasilitas dicek manual via WhatsApp,Ketersediaan akhir dan payment dilanjutkan manual via WhatsApp,1122,2026-07-06,INACTIVE,Source: (Makka Hotel 2026) New Season Far East 15 June 202_260630_174549.pdf | Page: makka_page-05.png | Meal: FB | Source period text: 16 JUNE 2026 TO 14 AUGUST 2026,"Harga, pajak, dan availability final setelah admin cek manual ke hotel/OTA."
MAKKAH,STANDARD,Le Meridien Mаkkah Hotel,,Alharmain PDF 16 Jun - 14 Aug 2026,Quad Room,FB meal plan,2026-06-16,2026-08-14,16 Jun - 14 Aug 2026,per kamar per malam,SAR,1820,2,2,1,WiFi/detail fasilitas dicek manual via WhatsApp,Ketersediaan akhir dan payment dilanjutkan manual via WhatsApp,1123,2026-07-06,INACTIVE,Source: (Makka Hotel 2026) New Season Far East 15 June 202_260630_174549.pdf | Page: makka_page-05.png | Meal: FB | Source period text: 16 JUNE 2026 TO 14 AUGUST 2026,"Harga, pajak, dan availability final setelah admin cek manual ke hotel/OTA."
MAKKAH,STANDARD,Le Meridien Mаkkah Hotel,,Alharmain PDF 14 Aug - 11 Nov 2026,Double Room,FB meal plan,2026-08-14,2026-11-11,14 Aug - 11 Nov 2026,per kamar per malam,SAR,1300,2,2,1,WiFi/detail fasilitas dicek manual via WhatsApp,Ketersediaan akhir dan payment dilanjutkan manual via WhatsApp,1124,2026-07-06,INACTIVE,Source: (Makka Hotel 2026) New Season Far East 15 June 202_260630_174549.pdf | Page: makka_page-05.png | Meal: FB | Source period text: 14 AUGUST 2026 TO 11 NOV 2026,"Harga, pajak, dan availability final setelah admin cek manual ke hotel/OTA."
MAKKAH,STANDARD,Le Meridien Mаkkah Hotel,,Alharmain PDF 14 Aug - 11 Nov 2026,Triple Room,FB meal plan,2026-08-14,2026-11-11,14 Aug - 11 Nov 2026,per kamar per malam,SAR,1610,2,2,1,WiFi/detail fasilitas dicek manual via WhatsApp,Ketersediaan akhir dan payment dilanjutkan manual via WhatsApp,1125,2026-07-06,INACTIVE,Source: (Makka Hotel 2026) New Season Far East 15 June 202_260630_174549.pdf | Page: makka_page-05.png | Meal: FB | Source period text: 14 AUGUST 2026 TO 11 NOV 2026,"Harga, pajak, dan availability final setelah admin cek manual ke hotel/OTA."
MAKKAH,STANDARD,Le Meridien Mаkkah Hotel,,Alharmain PDF 14 Aug - 11 Nov 2026,Quad Room,FB meal plan,2026-08-14,2026-11-11,14 Aug - 11 Nov 2026,per kamar per malam,SAR,1920,2,2,1,WiFi/detail fasilitas dicek manual via WhatsApp,Ketersediaan akhir dan payment dilanjutkan manual via WhatsApp,1126,2026-07-06,INACTIVE,Source: (Makka Hotel 2026) New Season Far East 15 June 202_260630_174549.pdf | Page: makka_page-05.png | Meal: FB | Source period text: 14 AUGUST 2026 TO 11 NOV 2026,"Harga, pajak, dan availability final setelah admin cek manual ke hotel/OTA."
MAKKAH,STANDARD,Le Meridien Mаkkah Hotel,,Alharmain PDF 11 Nov 2026 - 7 Feb 2027,Double Room,FB meal plan,2026-11-11,2027-02-07,11 Nov 2026 - 7 Feb 2027,per kamar per malam,SAR,1400,2,2,1,WiFi/detail fasilitas dicek manual via WhatsApp,Ketersediaan akhir dan payment dilanjutkan manual via WhatsApp,1127,2026-07-06,INACTIVE,Source: (Makka Hotel 2026) New Season Far East 15 June 202_260630_174549.pdf | Page: makka_page-05.png | Meal: FB | Source period text: 11 NOV 2026 TO 7 FEB 2027,"Harga, pajak, dan availability final setelah admin cek manual ke hotel/OTA."
MAKKAH,STANDARD,Le Meridien Mаkkah Hotel,,Alharmain PDF 11 Nov 2026 - 7 Feb 2027,Triple Room,FB meal plan,2026-11-11,2027-02-07,11 Nov 2026 - 7 Feb 2027,per kamar per malam,SAR,1710,2,2,1,WiFi/detail fasilitas dicek manual via WhatsApp,Ketersediaan akhir dan payment dilanjutkan manual via WhatsApp,1128,2026-07-06,INACTIVE,Source: (Makka Hotel 2026) New Season Far East 15 June 202_260630_174549.pdf | Page: makka_page-05.png | Meal: FB | Source period text: 11 NOV 2026 TO 7 FEB 2027,"Harga, pajak, dan availability final setelah admin cek manual ke hotel/OTA."
MAKKAH,STANDARD,Le Meridien Mаkkah Hotel,,Alharmain PDF 11 Nov 2026 - 7 Feb 2027,Quad Room,FB meal plan,2026-11-11,2027-02-07,11 Nov 2026 - 7 Feb 2027,per kamar per malam,SAR,2020,2,2,1,WiFi/detail fasilitas dicek manual via WhatsApp,Ketersediaan akhir dan payment dilanjutkan manual via WhatsApp,1129,2026-07-06,INACTIVE,Source: (Makka Hotel 2026) New Season Far East 15 June 202_260630_174549.pdf | Page: makka_page-05.png | Meal: FB | Source period text: 11 NOV 2026 TO 7 FEB 2027,"Harga, pajak, dan availability final setelah admin cek manual ke hotel/OTA."
MAKKAH,STANDARD,Le Meridien Mаkkah Hotel,,Alharmain PDF 9 Mar - 16 Apr 2027,Double Room,FB meal plan,2027-03-09,2027-04-16,9 Mar - 16 Apr 2027,per kamar per malam,SAR,1200,2,2,1,WiFi/detail fasilitas dicek manual via WhatsApp,Ketersediaan akhir dan payment dilanjutkan manual via WhatsApp,1130,2026-07-06,INACTIVE,Source: (Makka Hotel 2026) New Season Far East 15 June 202_260630_174549.pdf | Page: makka_page-05.png | Meal: FB | Source period text: 9 MAR 2027 TO 16 APR 2027,"Harga, pajak, dan availability final setelah admin cek manual ke hotel/OTA."
MAKKAH,STANDARD,Le Meridien Mаkkah Hotel,,Alharmain PDF 9 Mar - 16 Apr 2027,Triple Room,FB meal plan,2027-03-09,2027-04-16,9 Mar - 16 Apr 2027,per kamar per malam,SAR,1510,2,2,1,WiFi/detail fasilitas dicek manual via WhatsApp,Ketersediaan akhir dan payment dilanjutkan manual via WhatsApp,1131,2026-07-06,INACTIVE,Source: (Makka Hotel 2026) New Season Far East 15 June 202_260630_174549.pdf | Page: makka_page-05.png | Meal: FB | Source period text: 9 MAR 2027 TO 16 APR 2027,"Harga, pajak, dan availability final setelah admin cek manual ke hotel/OTA."
MAKKAH,STANDARD,Le Meridien Mаkkah Hotel,,Alharmain PDF 9 Mar - 16 Apr 2027,Quad Room,FB meal plan,2027-03-09,2027-04-16,9 Mar - 16 Apr 2027,per kamar per malam,SAR,1820,2,2,1,WiFi/detail fasilitas dicek manual via WhatsApp,Ketersediaan akhir dan payment dilanjutkan manual via WhatsApp,1132,2026-07-06,INACTIVE,Source: (Makka Hotel 2026) New Season Far East 15 June 202_260630_174549.pdf | Page: makka_page-05.png | Meal: FB | Source period text: 9 MAR 2027 TO 16 APR 2027,"Harga, pajak, dan availability final setelah admin cek manual ke hotel/OTA."
MAKKAH,STANDARD,Маккан Tower Hotel,,Alharmain PDF 16 Jun - 14 Aug 2026,Double Room,FB meal plan,2026-06-16,2026-08-14,16 Jun - 14 Aug 2026,per kamar per malam,SAR,1130,2,2,1,WiFi/detail fasilitas dicek manual via WhatsApp,Ketersediaan akhir dan payment dilanjutkan manual via WhatsApp,1133,2026-07-06,INACTIVE,Source: (Makka Hotel 2026) New Season Far East 15 June 202_260630_174549.pdf | Page: makka_page-05.png | Meal: FB | Source period text: 16 JUNE 2026 TO 14 AUGUST 2026,"Harga, pajak, dan availability final setelah admin cek manual ke hotel/OTA."
MAKKAH,STANDARD,Маккан Tower Hotel,,Alharmain PDF 16 Jun - 14 Aug 2026,Triple Room,FB meal plan,2026-06-16,2026-08-14,16 Jun - 14 Aug 2026,per kamar per malam,SAR,1315,2,2,1,WiFi/detail fasilitas dicek manual via WhatsApp,Ketersediaan akhir dan payment dilanjutkan manual via WhatsApp,1134,2026-07-06,INACTIVE,Source: (Makka Hotel 2026) New Season Far East 15 June 202_260630_174549.pdf | Page: makka_page-05.png | Meal: FB | Source period text: 16 JUNE 2026 TO 14 AUGUST 2026,"Harga, pajak, dan availability final setelah admin cek manual ke hotel/OTA."
MAKKAH,STANDARD,Маккан Tower Hotel,,Alharmain PDF 16 Jun - 14 Aug 2026,Quad Room,FB meal plan,2026-06-16,2026-08-14,16 Jun - 14 Aug 2026,per kamar per malam,SAR,1500,2,2,1,WiFi/detail fasilitas dicek manual via WhatsApp,Ketersediaan akhir dan payment dilanjutkan manual via WhatsApp,1135,2026-07-06,INACTIVE,Source: (Makka Hotel 2026) New Season Far East 15 June 202_260630_174549.pdf | Page: makka_page-05.png | Meal: FB | Source period text: 16 JUNE 2026 TO 14 AUGUST 2026,"Harga, pajak, dan availability final setelah admin cek manual ke hotel/OTA."
MAKKAH,STANDARD,Маккан Tower Hotel,,Alharmain PDF 14 Aug - 11 Nov 2026,Double Room,FB meal plan,2026-08-14,2026-11-11,14 Aug - 11 Nov 2026,per kamar per malam,SAR,1230,2,2,1,WiFi/detail fasilitas dicek manual via WhatsApp,Ketersediaan akhir dan payment dilanjutkan manual via WhatsApp,1136,2026-07-06,INACTIVE,Source: (Makka Hotel 2026) New Season Far East 15 June 202_260630_174549.pdf | Page: makka_page-05.png | Meal: FB | Source period text: 14 AUGUST 2026 TO 11 NOV 2026,"Harga, pajak, dan availability final setelah admin cek manual ke hotel/OTA."
MAKKAH,STANDARD,Маккан Tower Hotel,,Alharmain PDF 14 Aug - 11 Nov 2026,Triple Room,FB meal plan,2026-08-14,2026-11-11,14 Aug - 11 Nov 2026,per kamar per malam,SAR,1415,2,2,1,WiFi/detail fasilitas dicek manual via WhatsApp,Ketersediaan akhir dan payment dilanjutkan manual via WhatsApp,1137,2026-07-06,INACTIVE,Source: (Makka Hotel 2026) New Season Far East 15 June 202_260630_174549.pdf | Page: makka_page-05.png | Meal: FB | Source period text: 14 AUGUST 2026 TO 11 NOV 2026,"Harga, pajak, dan availability final setelah admin cek manual ke hotel/OTA."
MAKKAH,STANDARD,Маккан Tower Hotel,,Alharmain PDF 14 Aug - 11 Nov 2026,Quad Room,FB meal plan,2026-08-14,2026-11-11,14 Aug - 11 Nov 2026,per kamar per malam,SAR,1600,2,2,1,WiFi/detail fasilitas dicek manual via WhatsApp,Ketersediaan akhir dan payment dilanjutkan manual via WhatsApp,1138,2026-07-06,INACTIVE,Source: (Makka Hotel 2026) New Season Far East 15 June 202_260630_174549.pdf | Page: makka_page-05.png | Meal: FB | Source period text: 14 AUGUST 2026 TO 11 NOV 2026,"Harga, pajak, dan availability final setelah admin cek manual ke hotel/OTA."
MAKKAH,STANDARD,Маккан Tower Hotel,,Alharmain PDF 11 Nov 2026 - 7 Feb 2027,Double Room,FB meal plan,2026-11-11,2027-02-07,11 Nov 2026 - 7 Feb 2027,per kamar per malam,SAR,1330,2,2,1,WiFi/detail fasilitas dicek manual via WhatsApp,Ketersediaan akhir dan payment dilanjutkan manual via WhatsApp,1139,2026-07-06,INACTIVE,Source: (Makka Hotel 2026) New Season Far East 15 June 202_260630_174549.pdf | Page: makka_page-05.png | Meal: FB | Source period text: 11 NOV 2026 TO 7 FEB 2027,"Harga, pajak, dan availability final setelah admin cek manual ke hotel/OTA."
MAKKAH,STANDARD,Маккан Tower Hotel,,Alharmain PDF 11 Nov 2026 - 7 Feb 2027,Triple Room,FB meal plan,2026-11-11,2027-02-07,11 Nov 2026 - 7 Feb 2027,per kamar per malam,SAR,1515,2,2,1,WiFi/detail fasilitas dicek manual via WhatsApp,Ketersediaan akhir dan payment dilanjutkan manual via WhatsApp,1140,2026-07-06,INACTIVE,Source: (Makka Hotel 2026) New Season Far East 15 June 202_260630_174549.pdf | Page: makka_page-05.png | Meal: FB | Source period text: 11 NOV 2026 TO 7 FEB 2027,"Harga, pajak, dan availability final setelah admin cek manual ke hotel/OTA."
MAKKAH,STANDARD,Маккан Tower Hotel,,Alharmain PDF 11 Nov 2026 - 7 Feb 2027,Quad Room,FB meal plan,2026-11-11,2027-02-07,11 Nov 2026 - 7 Feb 2027,per kamar per malam,SAR,1700,2,2,1,WiFi/detail fasilitas dicek manual via WhatsApp,Ketersediaan akhir dan payment dilanjutkan manual via WhatsApp,1141,2026-07-06,INACTIVE,Source: (Makka Hotel 2026) New Season Far East 15 June 202_260630_174549.pdf | Page: makka_page-05.png | Meal: FB | Source period text: 11 NOV 2026 TO 7 FEB 2027,"Harga, pajak, dan availability final setelah admin cek manual ke hotel/OTA."
MAKKAH,STANDARD,Маккан Tower Hotel,,Alharmain PDF 9 Mar - 16 Apr 2027,Double Room,FB meal plan,2027-03-09,2027-04-16,9 Mar - 16 Apr 2027,per kamar per malam,SAR,1130,2,2,1,WiFi/detail fasilitas dicek manual via WhatsApp,Ketersediaan akhir dan payment dilanjutkan manual via WhatsApp,1142,2026-07-06,INACTIVE,Source: (Makka Hotel 2026) New Season Far East 15 June 202_260630_174549.pdf | Page: makka_page-05.png | Meal: FB | Source period text: 9 MAR 2027 TO 16 APR 2027,"Harga, pajak, dan availability final setelah admin cek manual ke hotel/OTA."
MAKKAH,STANDARD,Маккан Tower Hotel,,Alharmain PDF 9 Mar - 16 Apr 2027,Triple Room,FB meal plan,2027-03-09,2027-04-16,9 Mar - 16 Apr 2027,per kamar per malam,SAR,1315,2,2,1,WiFi/detail fasilitas dicek manual via WhatsApp,Ketersediaan akhir dan payment dilanjutkan manual via WhatsApp,1143,2026-07-06,INACTIVE,Source: (Makka Hotel 2026) New Season Far East 15 June 202_260630_174549.pdf | Page: makka_page-05.png | Meal: FB | Source period text: 9 MAR 2027 TO 16 APR 2027,"Harga, pajak, dan availability final setelah admin cek manual ke hotel/OTA."
MAKKAH,STANDARD,Маккан Tower Hotel,,Alharmain PDF 9 Mar - 16 Apr 2027,Quad Room,FB meal plan,2027-03-09,2027-04-16,9 Mar - 16 Apr 2027,per kamar per malam,SAR,1500,2,2,1,WiFi/detail fasilitas dicek manual via WhatsApp,Ketersediaan akhir dan payment dilanjutkan manual via WhatsApp,1144,2026-07-06,INACTIVE,Source: (Makka Hotel 2026) New Season Far East 15 June 202_260630_174549.pdf | Page: makka_page-05.png | Meal: FB | Source period text: 9 MAR 2027 TO 16 APR 2027,"Harga, pajak, dan availability final setelah admin cek manual ke hotel/OTA."
MAKKAH,STANDARD,Rotana Jabal Omar Hotel,,Alharmain PDF Jun-Aug 2026,Double Room,FB meal plan,2026-06-01,2026-08-31,Jun-Aug 2026,per kamar per malam,SAR,880,2,2,1,WiFi/detail fasilitas dicek manual via WhatsApp,Ketersediaan akhir dan payment dilanjutkan manual via WhatsApp,1145,2026-07-06,INACTIVE,Source: (Makka Hotel 2026) New Season Far East 15 June 202_260630_174549.pdf | Page: makka_page-05.png | Meal: FB | Source period text: 1 JUNE 2026 TO 31 AUGUST 2026,"Harga, pajak, dan availability final setelah admin cek manual ke hotel/OTA."
MAKKAH,STANDARD,Rotana Jabal Omar Hotel,,Alharmain PDF Jun-Aug 2026,Triple Room,FB meal plan,2026-06-01,2026-08-31,Jun-Aug 2026,per kamar per malam,SAR,1105,2,2,1,WiFi/detail fasilitas dicek manual via WhatsApp,Ketersediaan akhir dan payment dilanjutkan manual via WhatsApp,1146,2026-07-06,INACTIVE,Source: (Makka Hotel 2026) New Season Far East 15 June 202_260630_174549.pdf | Page: makka_page-05.png | Meal: FB | Source period text: 1 JUNE 2026 TO 31 AUGUST 2026,"Harga, pajak, dan availability final setelah admin cek manual ke hotel/OTA."
MAKKAH,STANDARD,Rotana Jabal Omar Hotel,,Alharmain PDF Jun-Aug 2026,Quad Room,FB meal plan,2026-06-01,2026-08-31,Jun-Aug 2026,per kamar per malam,SAR,1330,2,2,1,WiFi/detail fasilitas dicek manual via WhatsApp,Ketersediaan akhir dan payment dilanjutkan manual via WhatsApp,1147,2026-07-06,INACTIVE,Source: (Makka Hotel 2026) New Season Far East 15 June 202_260630_174549.pdf | Page: makka_page-05.png | Meal: FB | Source period text: 1 JUNE 2026 TO 31 AUGUST 2026,"Harga, pajak, dan availability final setelah admin cek manual ke hotel/OTA."
MAKKAH,STANDARD,Al Safwah Tower 3 Hotel,,Alharmain PDF 15 Jun - 1 Jul 2026,Double Room,FB meal plan,2026-06-15,2026-07-01,15 Jun - 1 Jul 2026,per kamar per malam,SAR,900,2,2,1,WiFi/detail fasilitas dicek manual via WhatsApp,Ketersediaan akhir dan payment dilanjutkan manual via WhatsApp,1148,2026-07-06,INACTIVE,Source: (Makka Hotel 2026) New Season Far East 15 June 202_260630_174549.pdf | Page: makka_page-06.png | Meal: FB | TYPE OF ROOM: PARTIAL HARAM VIEW | Source period text: 15 JUNE 2026 TO 1 JULY 2026,"Harga, pajak, dan availability final setelah admin cek manual ke hotel/OTA."
MAKKAH,STANDARD,Al Safwah Tower 3 Hotel,,Alharmain PDF 15 Jun - 1 Jul 2026,Triple Room,FB meal plan,2026-06-15,2026-07-01,15 Jun - 1 Jul 2026,per kamar per malam,SAR,1100,2,2,1,WiFi/detail fasilitas dicek manual via WhatsApp,Ketersediaan akhir dan payment dilanjutkan manual via WhatsApp,1149,2026-07-06,INACTIVE,Source: (Makka Hotel 2026) New Season Far East 15 June 202_260630_174549.pdf | Page: makka_page-06.png | Meal: FB | TYPE OF ROOM: PARTIAL HARAM VIEW | Source period text: 15 JUNE 2026 TO 1 JULY 2026,"Harga, pajak, dan availability final setelah admin cek manual ke hotel/OTA."
MAKKAH,STANDARD,Al Safwah Tower 3 Hotel,,Alharmain PDF 15 Jun - 1 Jul 2026,Quad Room,FB meal plan,2026-06-15,2026-07-01,15 Jun - 1 Jul 2026,per kamar per malam,SAR,1300,2,2,1,WiFi/detail fasilitas dicek manual via WhatsApp,Ketersediaan akhir dan payment dilanjutkan manual via WhatsApp,1150,2026-07-06,INACTIVE,Source: (Makka Hotel 2026) New Season Far East 15 June 202_260630_174549.pdf | Page: makka_page-06.png | Meal: FB | TYPE OF ROOM: PARTIAL HARAM VIEW | Source period text: 15 JUNE 2026 TO 1 JULY 2026,"Harga, pajak, dan availability final setelah admin cek manual ke hotel/OTA."
MAKKAH,STANDARD,Al Safwah Tower 3 Hotel,,Alharmain PDF 1 Jul - 1 Aug 2026,Double Room,FB meal plan,2026-07-01,2026-08-01,1 Jul - 1 Aug 2026,per kamar per malam,SAR,1000,2,2,1,WiFi/detail fasilitas dicek manual via WhatsApp,Ketersediaan akhir dan payment dilanjutkan manual via WhatsApp,1151,2026-07-06,INACTIVE,Source: (Makka Hotel 2026) New Season Far East 15 June 202_260630_174549.pdf | Page: makka_page-06.png | Meal: FB | TYPE OF ROOM: PARTIAL HARAM VIEW | Source period text: 1 JULY 2026 TO 1 AUGUST 2026,"Harga, pajak, dan availability final setelah admin cek manual ke hotel/OTA."
MAKKAH,STANDARD,Al Safwah Tower 3 Hotel,,Alharmain PDF 1 Jul - 1 Aug 2026,Triple Room,FB meal plan,2026-07-01,2026-08-01,1 Jul - 1 Aug 2026,per kamar per malam,SAR,1200,2,2,1,WiFi/detail fasilitas dicek manual via WhatsApp,Ketersediaan akhir dan payment dilanjutkan manual via WhatsApp,1152,2026-07-06,INACTIVE,Source: (Makka Hotel 2026) New Season Far East 15 June 202_260630_174549.pdf | Page: makka_page-06.png | Meal: FB | TYPE OF ROOM: PARTIAL HARAM VIEW | Source period text: 1 JULY 2026 TO 1 AUGUST 2026,"Harga, pajak, dan availability final setelah admin cek manual ke hotel/OTA."
MAKKAH,STANDARD,Al Safwah Tower 3 Hotel,,Alharmain PDF 1 Jul - 1 Aug 2026,Quad Room,FB meal plan,2026-07-01,2026-08-01,1 Jul - 1 Aug 2026,per kamar per malam,SAR,1400,2,2,1,WiFi/detail fasilitas dicek manual via WhatsApp,Ketersediaan akhir dan payment dilanjutkan manual via WhatsApp,1153,2026-07-06,INACTIVE,Source: (Makka Hotel 2026) New Season Far East 15 June 202_260630_174549.pdf | Page: makka_page-06.png | Meal: FB | TYPE OF ROOM: PARTIAL HARAM VIEW | Source period text: 1 JULY 2026 TO 1 AUGUST 2026,"Harga, pajak, dan availability final setelah admin cek manual ke hotel/OTA."
MAKKAH,STANDARD,Marwa Rayhan Rotana Hotel,,Alharmain PDF 7 Jun - 7 Oct 2026,Double Room,FB meal plan,2026-06-07,2026-10-07,7 Jun - 7 Oct 2026,per kamar per malam,SAR,1290,2,2,1,WiFi/detail fasilitas dicek manual via WhatsApp,Ketersediaan akhir dan payment dilanjutkan manual via WhatsApp,1154,2026-07-06,INACTIVE,Source: (Makka Hotel 2026) New Season Far East 15 June 202_260630_174549.pdf | Page: makka_page-06.png | Meal: FB | TYPE OF ROOM: PARTIAL HARAM VIEW | Source period text: 7 JUNE 2026 TO 7 OCT 2026,"Harga, pajak, dan availability final setelah admin cek manual ke hotel/OTA."
MAKKAH,STANDARD,Marwa Rayhan Rotana Hotel,,Alharmain PDF 7 Jun - 7 Oct 2026,Triple Room,FB meal plan,2026-06-07,2026-10-07,7 Jun - 7 Oct 2026,per kamar per malam,SAR,1560,2,2,1,WiFi/detail fasilitas dicek manual via WhatsApp,Ketersediaan akhir dan payment dilanjutkan manual via WhatsApp,1155,2026-07-06,INACTIVE,Source: (Makka Hotel 2026) New Season Far East 15 June 202_260630_174549.pdf | Page: makka_page-06.png | Meal: FB | TYPE OF ROOM: PARTIAL HARAM VIEW | Source period text: 7 JUNE 2026 TO 7 OCT 2026,"Harga, pajak, dan availability final setelah admin cek manual ke hotel/OTA."
MAKKAH,STANDARD,Marwa Rayhan Rotana Hotel,,Alharmain PDF 7 Jun - 7 Oct 2026,Quad Room,FB meal plan,2026-06-07,2026-10-07,7 Jun - 7 Oct 2026,per kamar per malam,SAR,1830,2,2,1,WiFi/detail fasilitas dicek manual via WhatsApp,Ketersediaan akhir dan payment dilanjutkan manual via WhatsApp,1156,2026-07-06,INACTIVE,Source: (Makka Hotel 2026) New Season Far East 15 June 202_260630_174549.pdf | Page: makka_page-06.png | Meal: FB | TYPE OF ROOM: PARTIAL HARAM VIEW | Source period text: 7 JUNE 2026 TO 7 OCT 2026,"Harga, pajak, dan availability final setelah admin cek manual ke hotel/OTA."
MAKKAH,STANDARD,Marwa Rayhan Rotana Hotel,,Alharmain PDF 8 Oct - 4 Nov 2026,Double Room,FB meal plan,2026-10-08,2026-11-04,8 Oct - 4 Nov 2026,per kamar per malam,SAR,1330,2,2,1,WiFi/detail fasilitas dicek manual via WhatsApp,Ketersediaan akhir dan payment dilanjutkan manual via WhatsApp,1157,2026-07-06,INACTIVE,Source: (Makka Hotel 2026) New Season Far East 15 June 202_260630_174549.pdf | Page: makka_page-06.png | Meal: FB | TYPE OF ROOM: PARTIAL HARAM VIEW | Source period text: 8 OCT 2026 TO 4 NOV 2026,"Harga, pajak, dan availability final setelah admin cek manual ke hotel/OTA."
MAKKAH,STANDARD,Marwa Rayhan Rotana Hotel,,Alharmain PDF 8 Oct - 4 Nov 2026,Triple Room,FB meal plan,2026-10-08,2026-11-04,8 Oct - 4 Nov 2026,per kamar per malam,SAR,1600,2,2,1,WiFi/detail fasilitas dicek manual via WhatsApp,Ketersediaan akhir dan payment dilanjutkan manual via WhatsApp,1158,2026-07-06,INACTIVE,Source: (Makka Hotel 2026) New Season Far East 15 June 202_260630_174549.pdf | Page: makka_page-06.png | Meal: FB | TYPE OF ROOM: PARTIAL HARAM VIEW | Source period text: 8 OCT 2026 TO 4 NOV 2026,"Harga, pajak, dan availability final setelah admin cek manual ke hotel/OTA."
MAKKAH,STANDARD,Marwa Rayhan Rotana Hotel,,Alharmain PDF 8 Oct - 4 Nov 2026,Quad Room,FB meal plan,2026-10-08,2026-11-04,8 Oct - 4 Nov 2026,per kamar per malam,SAR,1870,2,2,1,WiFi/detail fasilitas dicek manual via WhatsApp,Ketersediaan akhir dan payment dilanjutkan manual via WhatsApp,1159,2026-07-06,INACTIVE,Source: (Makka Hotel 2026) New Season Far East 15 June 202_260630_174549.pdf | Page: makka_page-06.png | Meal: FB | TYPE OF ROOM: PARTIAL HARAM VIEW | Source period text: 8 OCT 2026 TO 4 NOV 2026,"Harga, pajak, dan availability final setelah admin cek manual ke hotel/OTA."
MAKKAH,STANDARD,Marwa Rayhan Rotana Hotel,,Alharmain PDF 5 Nov - 25 Nov 2026,Double Room,FB meal plan,2026-11-05,2026-11-25,5 Nov - 25 Nov 2026,per kamar per malam,SAR,1380,2,2,1,WiFi/detail fasilitas dicek manual via WhatsApp,Ketersediaan akhir dan payment dilanjutkan manual via WhatsApp,1160,2026-07-06,INACTIVE,Source: (Makka Hotel 2026) New Season Far East 15 June 202_260630_174549.pdf | Page: makka_page-06.png | Meal: FB | TYPE OF ROOM: PARTIAL HARAM VIEW | Source period text: 5 NOV 2026 TO 25 NOV 2026,"Harga, pajak, dan availability final setelah admin cek manual ke hotel/OTA."
MAKKAH,STANDARD,Marwa Rayhan Rotana Hotel,,Alharmain PDF 5 Nov - 25 Nov 2026,Triple Room,FB meal plan,2026-11-05,2026-11-25,5 Nov - 25 Nov 2026,per kamar per malam,SAR,1650,2,2,1,WiFi/detail fasilitas dicek manual via WhatsApp,Ketersediaan akhir dan payment dilanjutkan manual via WhatsApp,1161,2026-07-06,INACTIVE,Source: (Makka Hotel 2026) New Season Far East 15 June 202_260630_174549.pdf | Page: makka_page-06.png | Meal: FB | TYPE OF ROOM: PARTIAL HARAM VIEW | Source period text: 5 NOV 2026 TO 25 NOV 2026,"Harga, pajak, dan availability final setelah admin cek manual ke hotel/OTA."
MAKKAH,STANDARD,Marwa Rayhan Rotana Hotel,,Alharmain PDF 5 Nov - 25 Nov 2026,Quad Room,FB meal plan,2026-11-05,2026-11-25,5 Nov - 25 Nov 2026,per kamar per malam,SAR,1920,2,2,1,WiFi/detail fasilitas dicek manual via WhatsApp,Ketersediaan akhir dan payment dilanjutkan manual via WhatsApp,1162,2026-07-06,INACTIVE,Source: (Makka Hotel 2026) New Season Far East 15 June 202_260630_174549.pdf | Page: makka_page-06.png | Meal: FB | TYPE OF ROOM: PARTIAL HARAM VIEW | Source period text: 5 NOV 2026 TO 25 NOV 2026,"Harga, pajak, dan availability final setelah admin cek manual ke hotel/OTA."
MAKKAH,STANDARD,Marwa Rayhan Rotana Hotel,,Alharmain PDF 26 Nov - 16 Dec 2026,Double Room,FB meal plan,2026-11-26,2026-12-16,26 Nov - 16 Dec 2026,per kamar per malam,SAR,1470,2,2,1,WiFi/detail fasilitas dicek manual via WhatsApp,Ketersediaan akhir dan payment dilanjutkan manual via WhatsApp,1163,2026-07-06,INACTIVE,Source: (Makka Hotel 2026) New Season Far East 15 June 202_260630_174549.pdf | Page: makka_page-06.png | Meal: FB | TYPE OF ROOM: PARTIAL HARAM VIEW | Source period text: 26 NOV 2026 TO 16 DEC 2026,"Harga, pajak, dan availability final setelah admin cek manual ke hotel/OTA."
MAKKAH,STANDARD,Marwa Rayhan Rotana Hotel,,Alharmain PDF 26 Nov - 16 Dec 2026,Triple Room,FB meal plan,2026-11-26,2026-12-16,26 Nov - 16 Dec 2026,per kamar per malam,SAR,1740,2,2,1,WiFi/detail fasilitas dicek manual via WhatsApp,Ketersediaan akhir dan payment dilanjutkan manual via WhatsApp,1164,2026-07-06,INACTIVE,Source: (Makka Hotel 2026) New Season Far East 15 June 202_260630_174549.pdf | Page: makka_page-06.png | Meal: FB | TYPE OF ROOM: PARTIAL HARAM VIEW | Source period text: 26 NOV 2026 TO 16 DEC 2026,"Harga, pajak, dan availability final setelah admin cek manual ke hotel/OTA."
MAKKAH,STANDARD,Marwa Rayhan Rotana Hotel,,Alharmain PDF 26 Nov - 16 Dec 2026,Quad Room,FB meal plan,2026-11-26,2026-12-16,26 Nov - 16 Dec 2026,per kamar per malam,SAR,2010,2,2,1,WiFi/detail fasilitas dicek manual via WhatsApp,Ketersediaan akhir dan payment dilanjutkan manual via WhatsApp,1165,2026-07-06,INACTIVE,Source: (Makka Hotel 2026) New Season Far East 15 June 202_260630_174549.pdf | Page: makka_page-06.png | Meal: FB | TYPE OF ROOM: PARTIAL HARAM VIEW | Source period text: 26 NOV 2026 TO 16 DEC 2026,"Harga, pajak, dan availability final setelah admin cek manual ke hotel/OTA."
MAKKAH,STANDARD,Marwa Rayhan Rotana Hotel,,Alharmain PDF 17 Dec 2026 - 5 Jan 2027,Double Room,FB meal plan,2026-12-17,2027-01-05,17 Dec 2026 - 5 Jan 2027,per kamar per malam,SAR,2030,2,2,1,WiFi/detail fasilitas dicek manual via WhatsApp,Ketersediaan akhir dan payment dilanjutkan manual via WhatsApp,1166,2026-07-06,INACTIVE,Source: (Makka Hotel 2026) New Season Far East 15 June 202_260630_174549.pdf | Page: makka_page-06.png | Meal: FB | TYPE OF ROOM: PARTIAL HARAM VIEW | Source period text: 17 DEC 2026 TO 5 JAN 2027,"Harga, pajak, dan availability final setelah admin cek manual ke hotel/OTA."
MAKKAH,STANDARD,Marwa Rayhan Rotana Hotel,,Alharmain PDF 17 Dec 2026 - 5 Jan 2027,Triple Room,FB meal plan,2026-12-17,2027-01-05,17 Dec 2026 - 5 Jan 2027,per kamar per malam,SAR,2300,2,2,1,WiFi/detail fasilitas dicek manual via WhatsApp,Ketersediaan akhir dan payment dilanjutkan manual via WhatsApp,1167,2026-07-06,INACTIVE,Source: (Makka Hotel 2026) New Season Far East 15 June 202_260630_174549.pdf | Page: makka_page-06.png | Meal: FB | TYPE OF ROOM: PARTIAL HARAM VIEW | Source period text: 17 DEC 2026 TO 5 JAN 2027,"Harga, pajak, dan availability final setelah admin cek manual ke hotel/OTA."
MAKKAH,STANDARD,Marwa Rayhan Rotana Hotel,,Alharmain PDF 17 Dec 2026 - 5 Jan 2027,Quad Room,FB meal plan,2026-12-17,2027-01-05,17 Dec 2026 - 5 Jan 2027,per kamar per malam,SAR,2570,2,2,1,WiFi/detail fasilitas dicek manual via WhatsApp,Ketersediaan akhir dan payment dilanjutkan manual via WhatsApp,1168,2026-07-06,INACTIVE,Source: (Makka Hotel 2026) New Season Far East 15 June 202_260630_174549.pdf | Page: makka_page-06.png | Meal: FB | TYPE OF ROOM: PARTIAL HARAM VIEW | Source period text: 17 DEC 2026 TO 5 JAN 2027,"Harga, pajak, dan availability final setelah admin cek manual ke hotel/OTA."
MAKKAH,STANDARD,Marwa Rayhan Rotana Hotel,,Alharmain PDF 6 Jan - 7 Feb 2027,Double Room,FB meal plan,2027-01-06,2027-02-07,6 Jan - 7 Feb 2027,per kamar per malam,SAR,1470,2,2,1,WiFi/detail fasilitas dicek manual via WhatsApp,Ketersediaan akhir dan payment dilanjutkan manual via WhatsApp,1169,2026-07-06,INACTIVE,Source: (Makka Hotel 2026) New Season Far East 15 June 202_260630_174549.pdf | Page: makka_page-06.png | Meal: FB | TYPE OF ROOM: PARTIAL HARAM VIEW | Source period text: 6 JAN 2027 TO 7 FEB 2027,"Harga, pajak, dan availability final setelah admin cek manual ke hotel/OTA."
MAKKAH,STANDARD,Marwa Rayhan Rotana Hotel,,Alharmain PDF 6 Jan - 7 Feb 2027,Triple Room,FB meal plan,2027-01-06,2027-02-07,6 Jan - 7 Feb 2027,per kamar per malam,SAR,1740,2,2,1,WiFi/detail fasilitas dicek manual via WhatsApp,Ketersediaan akhir dan payment dilanjutkan manual via WhatsApp,1170,2026-07-06,INACTIVE,Source: (Makka Hotel 2026) New Season Far East 15 June 202_260630_174549.pdf | Page: makka_page-06.png | Meal: FB | TYPE OF ROOM: PARTIAL HARAM VIEW | Source period text: 6 JAN 2027 TO 7 FEB 2027,"Harga, pajak, dan availability final setelah admin cek manual ke hotel/OTA."
MAKKAH,STANDARD,Marwa Rayhan Rotana Hotel,,Alharmain PDF 6 Jan - 7 Feb 2027,Quad Room,FB meal plan,2027-01-06,2027-02-07,6 Jan - 7 Feb 2027,per kamar per malam,SAR,2010,2,2,1,WiFi/detail fasilitas dicek manual via WhatsApp,Ketersediaan akhir dan payment dilanjutkan manual via WhatsApp,1171,2026-07-06,INACTIVE,Source: (Makka Hotel 2026) New Season Far East 15 June 202_260630_174549.pdf | Page: makka_page-06.png | Meal: FB | TYPE OF ROOM: PARTIAL HARAM VIEW | Source period text: 6 JAN 2027 TO 7 FEB 2027,"Harga, pajak, dan availability final setelah admin cek manual ke hotel/OTA."
MAKKAH,STANDARD,Marwa Rayhan Rotana Hotel,,Alharmain PDF 9 Mar - 17 Apr 2027,Double Room,FB meal plan,2027-03-09,2027-04-17,9 Mar - 17 Apr 2027,per kamar per malam,SAR,1330,2,2,1,WiFi/detail fasilitas dicek manual via WhatsApp,Ketersediaan akhir dan payment dilanjutkan manual via WhatsApp,1172,2026-07-06,INACTIVE,Source: (Makka Hotel 2026) New Season Far East 15 June 202_260630_174549.pdf | Page: makka_page-06.png | Meal: FB | TYPE OF ROOM: PARTIAL HARAM VIEW | Source period text: 9 MAR 2027 TO 17 APR 2027,"Harga, pajak, dan availability final setelah admin cek manual ke hotel/OTA."
MAKKAH,STANDARD,Marwa Rayhan Rotana Hotel,,Alharmain PDF 9 Mar - 17 Apr 2027,Triple Room,FB meal plan,2027-03-09,2027-04-17,9 Mar - 17 Apr 2027,per kamar per malam,SAR,1600,2,2,1,WiFi/detail fasilitas dicek manual via WhatsApp,Ketersediaan akhir dan payment dilanjutkan manual via WhatsApp,1173,2026-07-06,INACTIVE,Source: (Makka Hotel 2026) New Season Far East 15 June 202_260630_174549.pdf | Page: makka_page-06.png | Meal: FB | TYPE OF ROOM: PARTIAL HARAM VIEW | Source period text: 9 MAR 2027 TO 17 APR 2027,"Harga, pajak, dan availability final setelah admin cek manual ke hotel/OTA."
MAKKAH,STANDARD,Marwa Rayhan Rotana Hotel,,Alharmain PDF 9 Mar - 17 Apr 2027,Quad Room,FB meal plan,2027-03-09,2027-04-17,9 Mar - 17 Apr 2027,per kamar per malam,SAR,1870,2,2,1,WiFi/detail fasilitas dicek manual via WhatsApp,Ketersediaan akhir dan payment dilanjutkan manual via WhatsApp,1174,2026-07-06,INACTIVE,Source: (Makka Hotel 2026) New Season Far East 15 June 202_260630_174549.pdf | Page: makka_page-06.png | Meal: FB | TYPE OF ROOM: PARTIAL HARAM VIEW | Source period text: 9 MAR 2027 TO 17 APR 2027,"Harga, pajak, dan availability final setelah admin cek manual ke hotel/OTA."
MAKKAH,STANDARD,Double Tree Hotel,,Alharmain PDF 6 Jun - 30 Sep 2026,Double Room,FB meal plan,2026-06-06,2026-09-30,6 Jun - 30 Sep 2026,per kamar per malam,SAR,1400,2,2,1,WiFi/detail fasilitas dicek manual via WhatsApp,Ketersediaan akhir dan payment dilanjutkan manual via WhatsApp,1175,2026-07-06,INACTIVE,Source: (Makka Hotel 2026) New Season Far East 15 June 202_260630_174549.pdf | Page: makka_page-06.png | Meal: FB | International | Source period text: 6 JUNE 2026 TO 30 SEP 2026,"Harga, pajak, dan availability final setelah admin cek manual ke hotel/OTA."
MAKKAH,STANDARD,Double Tree Hotel,,Alharmain PDF 6 Jun - 30 Sep 2026,Triple Room,FB meal plan,2026-06-06,2026-09-30,6 Jun - 30 Sep 2026,per kamar per malam,SAR,1823,2,2,1,WiFi/detail fasilitas dicek manual via WhatsApp,Ketersediaan akhir dan payment dilanjutkan manual via WhatsApp,1176,2026-07-06,INACTIVE,Source: (Makka Hotel 2026) New Season Far East 15 June 202_260630_174549.pdf | Page: makka_page-06.png | Meal: FB | International | Source period text: 6 JUNE 2026 TO 30 SEP 2026,"Harga, pajak, dan availability final setelah admin cek manual ke hotel/OTA."
MAKKAH,STANDARD,Double Tree Hotel,,Alharmain PDF 6 Jun - 30 Sep 2026,Quad Room,FB meal plan,2026-06-06,2026-09-30,6 Jun - 30 Sep 2026,per kamar per malam,SAR,2246,2,2,1,WiFi/detail fasilitas dicek manual via WhatsApp,Ketersediaan akhir dan payment dilanjutkan manual via WhatsApp,1177,2026-07-06,INACTIVE,Source: (Makka Hotel 2026) New Season Far East 15 June 202_260630_174549.pdf | Page: makka_page-06.png | Meal: FB | International | Source period text: 6 JUNE 2026 TO 30 SEP 2026,"Harga, pajak, dan availability final setelah admin cek manual ke hotel/OTA."
MAKKAH,STANDARD,Double Tree Hotel,,Alharmain PDF 1 Oct - 11 Nov 2026,Double Room,FB meal plan,2026-10-01,2026-11-11,1 Oct - 11 Nov 2026,per kamar per malam,SAR,1460,2,2,1,WiFi/detail fasilitas dicek manual via WhatsApp,Ketersediaan akhir dan payment dilanjutkan manual via WhatsApp,1178,2026-07-06,INACTIVE,Source: (Makka Hotel 2026) New Season Far East 15 June 202_260630_174549.pdf | Page: makka_page-06.png | Meal: FB | International | Source period text: 1 OCT 2026 TO 11 NOV 2026,"Harga, pajak, dan availability final setelah admin cek manual ke hotel/OTA."
MAKKAH,STANDARD,Double Tree Hotel,,Alharmain PDF 1 Oct - 11 Nov 2026,Triple Room,FB meal plan,2026-10-01,2026-11-11,1 Oct - 11 Nov 2026,per kamar per malam,SAR,1883,2,2,1,WiFi/detail fasilitas dicek manual via WhatsApp,Ketersediaan akhir dan payment dilanjutkan manual via WhatsApp,1179,2026-07-06,INACTIVE,Source: (Makka Hotel 2026) New Season Far East 15 June 202_260630_174549.pdf | Page: makka_page-06.png | Meal: FB | International | Source period text: 1 OCT 2026 TO 11 NOV 2026,"Harga, pajak, dan availability final setelah admin cek manual ke hotel/OTA."
MAKKAH,STANDARD,Double Tree Hotel,,Alharmain PDF 1 Oct - 11 Nov 2026,Quad Room,FB meal plan,2026-10-01,2026-11-11,1 Oct - 11 Nov 2026,per kamar per malam,SAR,2306,2,2,1,WiFi/detail fasilitas dicek manual via WhatsApp,Ketersediaan akhir dan payment dilanjutkan manual via WhatsApp,1180,2026-07-06,INACTIVE,Source: (Makka Hotel 2026) New Season Far East 15 June 202_260630_174549.pdf | Page: makka_page-06.png | Meal: FB | International | Source period text: 1 OCT 2026 TO 11 NOV 2026,"Harga, pajak, dan availability final setelah admin cek manual ke hotel/OTA."
MAKKAH,STANDARD,Double Tree Hotel,,Alharmain PDF 12 Nov - 16 Dec 2026,Double Room,FB meal plan,2026-11-12,2026-12-16,12 Nov - 16 Dec 2026,per kamar per malam,SAR,1540,2,2,1,WiFi/detail fasilitas dicek manual via WhatsApp,Ketersediaan akhir dan payment dilanjutkan manual via WhatsApp,1181,2026-07-06,INACTIVE,Source: (Makka Hotel 2026) New Season Far East 15 June 202_260630_174549.pdf | Page: makka_page-06.png | Meal: FB | International | Source period text: 12 NOV 2026 TO 16 DEC 2026,"Harga, pajak, dan availability final setelah admin cek manual ke hotel/OTA."
MAKKAH,STANDARD,Double Tree Hotel,,Alharmain PDF 12 Nov - 16 Dec 2026,Triple Room,FB meal plan,2026-11-12,2026-12-16,12 Nov - 16 Dec 2026,per kamar per malam,SAR,1963,2,2,1,WiFi/detail fasilitas dicek manual via WhatsApp,Ketersediaan akhir dan payment dilanjutkan manual via WhatsApp,1182,2026-07-06,INACTIVE,Source: (Makka Hotel 2026) New Season Far East 15 June 202_260630_174549.pdf | Page: makka_page-06.png | Meal: FB | International | Source period text: 12 NOV 2026 TO 16 DEC 2026,"Harga, pajak, dan availability final setelah admin cek manual ke hotel/OTA."
MAKKAH,STANDARD,Double Tree Hotel,,Alharmain PDF 12 Nov - 16 Dec 2026,Quad Room,FB meal plan,2026-11-12,2026-12-16,12 Nov - 16 Dec 2026,per kamar per malam,SAR,2386,2,2,1,WiFi/detail fasilitas dicek manual via WhatsApp,Ketersediaan akhir dan payment dilanjutkan manual via WhatsApp,1183,2026-07-06,INACTIVE,Source: (Makka Hotel 2026) New Season Far East 15 June 202_260630_174549.pdf | Page: makka_page-06.png | Meal: FB | International | Source period text: 12 NOV 2026 TO 16 DEC 2026,"Harga, pajak, dan availability final setelah admin cek manual ke hotel/OTA."
MAKKAH,STANDARD,Double Tree Hotel,,Alharmain PDF 17 Dec 2026 - 9 Jan 2027,Double Room,FB meal plan,2026-12-17,2027-01-09,17 Dec 2026 - 9 Jan 2027,per kamar per malam,SAR,2020,2,2,1,WiFi/detail fasilitas dicek manual via WhatsApp,Ketersediaan akhir dan payment dilanjutkan manual via WhatsApp,1184,2026-07-06,INACTIVE,Source: (Makka Hotel 2026) New Season Far East 15 June 202_260630_174549.pdf | Page: makka_page-06.png | Meal: FB | International | Source period text: 17 DEC 2026 TO 9 JAN 2027,"Harga, pajak, dan availability final setelah admin cek manual ke hotel/OTA."
MAKKAH,STANDARD,Double Tree Hotel,,Alharmain PDF 17 Dec 2026 - 9 Jan 2027,Triple Room,FB meal plan,2026-12-17,2027-01-09,17 Dec 2026 - 9 Jan 2027,per kamar per malam,SAR,2505,2,2,1,WiFi/detail fasilitas dicek manual via WhatsApp,Ketersediaan akhir dan payment dilanjutkan manual via WhatsApp,1185,2026-07-06,INACTIVE,Source: (Makka Hotel 2026) New Season Far East 15 June 202_260630_174549.pdf | Page: makka_page-06.png | Meal: FB | International | Source period text: 17 DEC 2026 TO 9 JAN 2027,"Harga, pajak, dan availability final setelah admin cek manual ke hotel/OTA."
MAKKAH,STANDARD,Double Tree Hotel,,Alharmain PDF 17 Dec 2026 - 9 Jan 2027,Quad Room,FB meal plan,2026-12-17,2027-01-09,17 Dec 2026 - 9 Jan 2027,per kamar per malam,SAR,2990,2,2,1,WiFi/detail fasilitas dicek manual via WhatsApp,Ketersediaan akhir dan payment dilanjutkan manual via WhatsApp,1186,2026-07-06,INACTIVE,Source: (Makka Hotel 2026) New Season Far East 15 June 202_260630_174549.pdf | Page: makka_page-06.png | Meal: FB | International | Source period text: 17 DEC 2026 TO 9 JAN 2027,"Harga, pajak, dan availability final setelah admin cek manual ke hotel/OTA."
MAKKAH,STANDARD,Azka Al Safa Hotel,,Alharmain PDF 20 Jun - 1 Jul 2026,Double Room,FB meal plan,2026-06-20,2026-07-01,20 Jun - 1 Jul 2026,per kamar per malam,SAR,550,2,2,1,WiFi/detail fasilitas dicek manual via WhatsApp,Ketersediaan akhir dan payment dilanjutkan manual via WhatsApp,1187,2026-07-06,INACTIVE,Source: (Makka Hotel 2026) New Season Far East 15 June 202_260630_174549.pdf | Page: makka_page-07.png | Meal: FB | Source period text: 20 JUNE 2026 TO 1 JULY 2026,"Harga, pajak, dan availability final setelah admin cek manual ke hotel/OTA."
MAKKAH,STANDARD,Azka Al Safa Hotel,,Alharmain PDF 20 Jun - 1 Jul 2026,Triple Room,FB meal plan,2026-06-20,2026-07-01,20 Jun - 1 Jul 2026,per kamar per malam,SAR,600,2,2,1,WiFi/detail fasilitas dicek manual via WhatsApp,Ketersediaan akhir dan payment dilanjutkan manual via WhatsApp,1188,2026-07-06,INACTIVE,Source: (Makka Hotel 2026) New Season Far East 15 June 202_260630_174549.pdf | Page: makka_page-07.png | Meal: FB | Source period text: 20 JUNE 2026 TO 1 JULY 2026,"Harga, pajak, dan availability final setelah admin cek manual ke hotel/OTA."
MAKKAH,STANDARD,Azka Al Safa Hotel,,Alharmain PDF 20 Jun - 1 Jul 2026,Quad Room,FB meal plan,2026-06-20,2026-07-01,20 Jun - 1 Jul 2026,per kamar per malam,SAR,650,2,2,1,WiFi/detail fasilitas dicek manual via WhatsApp,Ketersediaan akhir dan payment dilanjutkan manual via WhatsApp,1189,2026-07-06,INACTIVE,Source: (Makka Hotel 2026) New Season Far East 15 June 202_260630_174549.pdf | Page: makka_page-07.png | Meal: FB | Source period text: 20 JUNE 2026 TO 1 JULY 2026,"Harga, pajak, dan availability final setelah admin cek manual ke hotel/OTA."
MAKKAH,STANDARD,Azka Al Safa Hotel,,Alharmain PDF 1 Jul - 1 Aug 2026,Double Room,FB meal plan,2026-07-01,2026-08-01,1 Jul - 1 Aug 2026,per kamar per malam,SAR,580,2,2,1,WiFi/detail fasilitas dicek manual via WhatsApp,Ketersediaan akhir dan payment dilanjutkan manual via WhatsApp,1190,2026-07-06,INACTIVE,Source: (Makka Hotel 2026) New Season Far East 15 June 202_260630_174549.pdf | Page: makka_page-07.png | Meal: FB | Source period text: 1 JULY 2026 TO 1 AUGUST 2026,"Harga, pajak, dan availability final setelah admin cek manual ke hotel/OTA."
MAKKAH,STANDARD,Azka Al Safa Hotel,,Alharmain PDF 1 Jul - 1 Aug 2026,Triple Room,FB meal plan,2026-07-01,2026-08-01,1 Jul - 1 Aug 2026,per kamar per malam,SAR,655,2,2,1,WiFi/detail fasilitas dicek manual via WhatsApp,Ketersediaan akhir dan payment dilanjutkan manual via WhatsApp,1191,2026-07-06,INACTIVE,Source: (Makka Hotel 2026) New Season Far East 15 June 202_260630_174549.pdf | Page: makka_page-07.png | Meal: FB | Source period text: 1 JULY 2026 TO 1 AUGUST 2026,"Harga, pajak, dan availability final setelah admin cek manual ke hotel/OTA."
MAKKAH,STANDARD,Azka Al Safa Hotel,,Alharmain PDF 1 Jul - 1 Aug 2026,Quad Room,FB meal plan,2026-07-01,2026-08-01,1 Jul - 1 Aug 2026,per kamar per malam,SAR,730,2,2,1,WiFi/detail fasilitas dicek manual via WhatsApp,Ketersediaan akhir dan payment dilanjutkan manual via WhatsApp,1192,2026-07-06,INACTIVE,Source: (Makka Hotel 2026) New Season Far East 15 June 202_260630_174549.pdf | Page: makka_page-07.png | Meal: FB | Source period text: 1 JULY 2026 TO 1 AUGUST 2026,"Harga, pajak, dan availability final setelah admin cek manual ke hotel/OTA."
MAKKAH,STANDARD,Azka Al Safa Hotel,,Alharmain PDF 1 Aug - 1 Sep 2026,Double Room,FB meal plan,2026-08-01,2026-09-01,1 Aug - 1 Sep 2026,per kamar per malam,SAR,610,2,2,1,WiFi/detail fasilitas dicek manual via WhatsApp,Ketersediaan akhir dan payment dilanjutkan manual via WhatsApp,1193,2026-07-06,INACTIVE,Source: (Makka Hotel 2026) New Season Far East 15 June 202_260630_174549.pdf | Page: makka_page-07.png | Meal: FB | Source period text: 1 AUGUST 2026 TO 1 SEP 2026,"Harga, pajak, dan availability final setelah admin cek manual ke hotel/OTA."
MAKKAH,STANDARD,Azka Al Safa Hotel,,Alharmain PDF 1 Aug - 1 Sep 2026,Triple Room,FB meal plan,2026-08-01,2026-09-01,1 Aug - 1 Sep 2026,per kamar per malam,SAR,695,2,2,1,WiFi/detail fasilitas dicek manual via WhatsApp,Ketersediaan akhir dan payment dilanjutkan manual via WhatsApp,1194,2026-07-06,INACTIVE,Source: (Makka Hotel 2026) New Season Far East 15 June 202_260630_174549.pdf | Page: makka_page-07.png | Meal: FB | Source period text: 1 AUGUST 2026 TO 1 SEP 2026,"Harga, pajak, dan availability final setelah admin cek manual ke hotel/OTA."
MAKKAH,STANDARD,Azka Al Safa Hotel,,Alharmain PDF 1 Aug - 1 Sep 2026,Quad Room,FB meal plan,2026-08-01,2026-09-01,1 Aug - 1 Sep 2026,per kamar per malam,SAR,780,2,2,1,WiFi/detail fasilitas dicek manual via WhatsApp,Ketersediaan akhir dan payment dilanjutkan manual via WhatsApp,1195,2026-07-06,INACTIVE,Source: (Makka Hotel 2026) New Season Far East 15 June 202_260630_174549.pdf | Page: makka_page-07.png | Meal: FB | Source period text: 1 AUGUST 2026 TO 1 SEP 2026,"Harga, pajak, dan availability final setelah admin cek manual ke hotel/OTA."
MAKKAH,STANDARD,Olayan Ajyad Hotel,,Alharmain PDF Jun-Jul 2026,Double Room,FB meal plan,2026-06-01,2026-07-31,Jun-Jul 2026,per kamar per malam,SAR,620,2,2,1,WiFi/detail fasilitas dicek manual via WhatsApp,Ketersediaan akhir dan payment dilanjutkan manual via WhatsApp,1196,2026-07-06,INACTIVE,Source: (Makka Hotel 2026) New Season Far East 15 June 202_260630_174549.pdf | Page: makka_page-07.png | Meal: FB | Source period text: JUNE & JULY 2026,"Harga, pajak, dan availability final setelah admin cek manual ke hotel/OTA."
MAKKAH,STANDARD,Olayan Ajyad Hotel,,Alharmain PDF Jun-Jul 2026,Triple Room,FB meal plan,2026-06-01,2026-07-31,Jun-Jul 2026,per kamar per malam,SAR,720,2,2,1,WiFi/detail fasilitas dicek manual via WhatsApp,Ketersediaan akhir dan payment dilanjutkan manual via WhatsApp,1197,2026-07-06,INACTIVE,Source: (Makka Hotel 2026) New Season Far East 15 June 202_260630_174549.pdf | Page: makka_page-07.png | Meal: FB | Source period text: JUNE & JULY 2026,"Harga, pajak, dan availability final setelah admin cek manual ke hotel/OTA."
MAKKAH,STANDARD,Olayan Ajyad Hotel,,Alharmain PDF Jun-Jul 2026,Quad Room,FB meal plan,2026-06-01,2026-07-31,Jun-Jul 2026,per kamar per malam,SAR,820,2,2,1,WiFi/detail fasilitas dicek manual via WhatsApp,Ketersediaan akhir dan payment dilanjutkan manual via WhatsApp,1198,2026-07-06,INACTIVE,Source: (Makka Hotel 2026) New Season Far East 15 June 202_260630_174549.pdf | Page: makka_page-07.png | Meal: FB | Source period text: JUNE & JULY 2026,"Harga, pajak, dan availability final setelah admin cek manual ke hotel/OTA."
MAKKAH,STANDARD,Millenium Makkah Al Naseem,,Alharmain PDF 16 Jun - 9 Dec 2026,Double Room,FB meal plan,2026-06-16,2026-12-09,16 Jun - 9 Dec 2026,per kamar per malam,SAR,270,2,2,1,WiFi/detail fasilitas dicek manual via WhatsApp,Ketersediaan akhir dan payment dilanjutkan manual via WhatsApp,1199,2026-07-06,INACTIVE,Source: (Makka Hotel 2026) New Season Far East 15 June 202_260630_174549.pdf | Page: makka_page-07.png | Meal: FB | Source period text: 16 JUNE 2026 TO 9 DEC 2026,"Harga, pajak, dan availability final setelah admin cek manual ke hotel/OTA."
MAKKAH,STANDARD,Millenium Makkah Al Naseem,,Alharmain PDF 16 Jun - 9 Dec 2026,Triple Room,FB meal plan,2026-06-16,2026-12-09,16 Jun - 9 Dec 2026,per kamar per malam,SAR,335,2,2,1,WiFi/detail fasilitas dicek manual via WhatsApp,Ketersediaan akhir dan payment dilanjutkan manual via WhatsApp,1200,2026-07-06,INACTIVE,Source: (Makka Hotel 2026) New Season Far East 15 June 202_260630_174549.pdf | Page: makka_page-07.png | Meal: FB | Source period text: 16 JUNE 2026 TO 9 DEC 2026,"Harga, pajak, dan availability final setelah admin cek manual ke hotel/OTA."
MAKKAH,STANDARD,Millenium Makkah Al Naseem,,Alharmain PDF 16 Jun - 9 Dec 2026,Quad Room,FB meal plan,2026-06-16,2026-12-09,16 Jun - 9 Dec 2026,per kamar per malam,SAR,400,2,2,1,WiFi/detail fasilitas dicek manual via WhatsApp,Ketersediaan akhir dan payment dilanjutkan manual via WhatsApp,1201,2026-07-06,INACTIVE,Source: (Makka Hotel 2026) New Season Far East 15 June 202_260630_174549.pdf | Page: makka_page-07.png | Meal: FB | Source period text: 16 JUNE 2026 TO 9 DEC 2026,"Harga, pajak, dan availability final setelah admin cek manual ke hotel/OTA."
MAKKAH,STANDARD,Millenium Makkah Al Naseem,,Alharmain PDF 16 Jun - 9 Dec 2026,Jr Suite (5 pax),FB meal plan,2026-06-16,2026-12-09,16 Jun - 9 Dec 2026,per kamar per malam,SAR,505,2,2,1,WiFi/detail fasilitas dicek manual via WhatsApp,Ketersediaan akhir dan payment dilanjutkan manual via WhatsApp,1202,2026-07-06,INACTIVE,Source: (Makka Hotel 2026) New Season Far East 15 June 202_260630_174549.pdf | Page: makka_page-07.png | Meal: FB | Source period text: 16 JUNE 2026 TO 9 DEC 2026,"Harga, pajak, dan availability final setelah admin cek manual ke hotel/OTA."
MAKKAH,STANDARD,Millenium Makkah Al Naseem,,Alharmain PDF 10 Dec 2026 - 9 Jan 2027,Double Room,FB meal plan,2026-12-10,2027-01-09,10 Dec 2026 - 9 Jan 2027,per kamar per malam,SAR,295,2,2,1,WiFi/detail fasilitas dicek manual via WhatsApp,Ketersediaan akhir dan payment dilanjutkan manual via WhatsApp,1203,2026-07-06,INACTIVE,Source: (Makka Hotel 2026) New Season Far East 15 June 202_260630_174549.pdf | Page: makka_page-07.png | Meal: FB | Source period text: 10 DEC 2026 TO 9 JAN 2027,"Harga, pajak, dan availability final setelah admin cek manual ke hotel/OTA."
MAKKAH,STANDARD,Millenium Makkah Al Naseem,,Alharmain PDF 10 Dec 2026 - 9 Jan 2027,Triple Room,FB meal plan,2026-12-10,2027-01-09,10 Dec 2026 - 9 Jan 2027,per kamar per malam,SAR,380,2,2,1,WiFi/detail fasilitas dicek manual via WhatsApp,Ketersediaan akhir dan payment dilanjutkan manual via WhatsApp,1204,2026-07-06,INACTIVE,Source: (Makka Hotel 2026) New Season Far East 15 June 202_260630_174549.pdf | Page: makka_page-07.png | Meal: FB | Source period text: 10 DEC 2026 TO 9 JAN 2027,"Harga, pajak, dan availability final setelah admin cek manual ke hotel/OTA."
MAKKAH,STANDARD,Millenium Makkah Al Naseem,,Alharmain PDF 10 Dec 2026 - 9 Jan 2027,Quad Room,FB meal plan,2026-12-10,2027-01-09,10 Dec 2026 - 9 Jan 2027,per kamar per malam,SAR,465,2,2,1,WiFi/detail fasilitas dicek manual via WhatsApp,Ketersediaan akhir dan payment dilanjutkan manual via WhatsApp,1205,2026-07-06,INACTIVE,Source: (Makka Hotel 2026) New Season Far East 15 June 202_260630_174549.pdf | Page: makka_page-07.png | Meal: FB | Source period text: 10 DEC 2026 TO 9 JAN 2027,"Harga, pajak, dan availability final setelah admin cek manual ke hotel/OTA."
MAKKAH,STANDARD,Millenium Makkah Al Naseem,,Alharmain PDF 10 Dec 2026 - 9 Jan 2027,Jr Suite (5 pax),FB meal plan,2026-12-10,2027-01-09,10 Dec 2026 - 9 Jan 2027,per kamar per malam,SAR,580,2,2,1,WiFi/detail fasilitas dicek manual via WhatsApp,Ketersediaan akhir dan payment dilanjutkan manual via WhatsApp,1206,2026-07-06,INACTIVE,Source: (Makka Hotel 2026) New Season Far East 15 June 202_260630_174549.pdf | Page: makka_page-07.png | Meal: FB | Source period text: 10 DEC 2026 TO 9 JAN 2027,"Harga, pajak, dan availability final setelah admin cek manual ke hotel/OTA."
MAKKAH,STANDARD,Millenium Makkah Al Naseem,,Alharmain PDF 9 Jan - 6 Feb 2027,Double Room,FB meal plan,2027-01-09,2027-02-06,9 Jan - 6 Feb 2027,per kamar per malam,SAR,270,2,2,1,WiFi/detail fasilitas dicek manual via WhatsApp,Ketersediaan akhir dan payment dilanjutkan manual via WhatsApp,1207,2026-07-06,INACTIVE,Source: (Makka Hotel 2026) New Season Far East 15 June 202_260630_174549.pdf | Page: makka_page-07.png | Meal: FB | Source period text: 9 JAN 2027 TO 6 FEB 2027,"Harga, pajak, dan availability final setelah admin cek manual ke hotel/OTA."
MAKKAH,STANDARD,Millenium Makkah Al Naseem,,Alharmain PDF 9 Jan - 6 Feb 2027,Triple Room,FB meal plan,2027-01-09,2027-02-06,9 Jan - 6 Feb 2027,per kamar per malam,SAR,335,2,2,1,WiFi/detail fasilitas dicek manual via WhatsApp,Ketersediaan akhir dan payment dilanjutkan manual via WhatsApp,1208,2026-07-06,INACTIVE,Source: (Makka Hotel 2026) New Season Far East 15 June 202_260630_174549.pdf | Page: makka_page-07.png | Meal: FB | Source period text: 9 JAN 2027 TO 6 FEB 2027,"Harga, pajak, dan availability final setelah admin cek manual ke hotel/OTA."
MAKKAH,STANDARD,Millenium Makkah Al Naseem,,Alharmain PDF 9 Jan - 6 Feb 2027,Quad Room,FB meal plan,2027-01-09,2027-02-06,9 Jan - 6 Feb 2027,per kamar per malam,SAR,400,2,2,1,WiFi/detail fasilitas dicek manual via WhatsApp,Ketersediaan akhir dan payment dilanjutkan manual via WhatsApp,1209,2026-07-06,INACTIVE,Source: (Makka Hotel 2026) New Season Far East 15 June 202_260630_174549.pdf | Page: makka_page-07.png | Meal: FB | Source period text: 9 JAN 2027 TO 6 FEB 2027,"Harga, pajak, dan availability final setelah admin cek manual ke hotel/OTA."
MAKKAH,STANDARD,Millenium Makkah Al Naseem,,Alharmain PDF 9 Jan - 6 Feb 2027,Jr Suite (5 pax),FB meal plan,2027-01-09,2027-02-06,9 Jan - 6 Feb 2027,per kamar per malam,SAR,505,2,2,1,WiFi/detail fasilitas dicek manual via WhatsApp,Ketersediaan akhir dan payment dilanjutkan manual via WhatsApp,1210,2026-07-06,INACTIVE,Source: (Makka Hotel 2026) New Season Far East 15 June 202_260630_174549.pdf | Page: makka_page-07.png | Meal: FB | Source period text: 9 JAN 2027 TO 6 FEB 2027,"Harga, pajak, dan availability final setelah admin cek manual ke hotel/OTA."
MAKKAH,STANDARD,Park Inn By Radisson Hotel,,Alharmain PDF 2 Jun - 1 Nov 2026,Double Room,FB meal plan,2026-06-02,2026-11-01,2 Jun - 1 Nov 2026,per kamar per malam,SAR,350,2,2,1,WiFi/detail fasilitas dicek manual via WhatsApp,Ketersediaan akhir dan payment dilanjutkan manual via WhatsApp,1211,2026-07-06,INACTIVE,Source: (Makka Hotel 2026) New Season Far East 15 June 202_260630_174549.pdf | Page: makka_page-07.png | Meal: FB | Source period text: 2 JUNE 2026 TO 1 NOV 2026,"Harga, pajak, dan availability final setelah admin cek manual ke hotel/OTA."
MAKKAH,STANDARD,Park Inn By Radisson Hotel,,Alharmain PDF 2 Jun - 1 Nov 2026,Triple Room,FB meal plan,2026-06-02,2026-11-01,2 Jun - 1 Nov 2026,per kamar per malam,SAR,445,2,2,1,WiFi/detail fasilitas dicek manual via WhatsApp,Ketersediaan akhir dan payment dilanjutkan manual via WhatsApp,1212,2026-07-06,INACTIVE,Source: (Makka Hotel 2026) New Season Far East 15 June 202_260630_174549.pdf | Page: makka_page-07.png | Meal: FB | Source period text: 2 JUNE 2026 TO 1 NOV 2026,"Harga, pajak, dan availability final setelah admin cek manual ke hotel/OTA."
MAKKAH,STANDARD,Park Inn By Radisson Hotel,,Alharmain PDF 2 Jun - 1 Nov 2026,Quad Room,FB meal plan,2026-06-02,2026-11-01,2 Jun - 1 Nov 2026,per kamar per malam,SAR,540,2,2,1,WiFi/detail fasilitas dicek manual via WhatsApp,Ketersediaan akhir dan payment dilanjutkan manual via WhatsApp,1213,2026-07-06,INACTIVE,Source: (Makka Hotel 2026) New Season Far East 15 June 202_260630_174549.pdf | Page: makka_page-07.png | Meal: FB | Source period text: 2 JUNE 2026 TO 1 NOV 2026,"Harga, pajak, dan availability final setelah admin cek manual ke hotel/OTA."
MAKKAH,STANDARD,Park Inn By Radisson Hotel,,Alharmain PDF 1 Nov 2026 - 9 Jan 2027,Double Room,FB meal plan,2026-11-01,2027-01-09,1 Nov 2026 - 9 Jan 2027,per kamar per malam,SAR,380,2,2,1,WiFi/detail fasilitas dicek manual via WhatsApp,Ketersediaan akhir dan payment dilanjutkan manual via WhatsApp,1214,2026-07-06,INACTIVE,Source: (Makka Hotel 2026) New Season Far East 15 June 202_260630_174549.pdf | Page: makka_page-07.png | Meal: FB | Source period text: 1 NOV 2026 TO 9 JAN 2027,"Harga, pajak, dan availability final setelah admin cek manual ke hotel/OTA."
MAKKAH,STANDARD,Park Inn By Radisson Hotel,,Alharmain PDF 1 Nov 2026 - 9 Jan 2027,Triple Room,FB meal plan,2026-11-01,2027-01-09,1 Nov 2026 - 9 Jan 2027,per kamar per malam,SAR,475,2,2,1,WiFi/detail fasilitas dicek manual via WhatsApp,Ketersediaan akhir dan payment dilanjutkan manual via WhatsApp,1215,2026-07-06,INACTIVE,Source: (Makka Hotel 2026) New Season Far East 15 June 202_260630_174549.pdf | Page: makka_page-07.png | Meal: FB | Source period text: 1 NOV 2026 TO 9 JAN 2027,"Harga, pajak, dan availability final setelah admin cek manual ke hotel/OTA."
MAKKAH,STANDARD,Park Inn By Radisson Hotel,,Alharmain PDF 1 Nov 2026 - 9 Jan 2027,Quad Room,FB meal plan,2026-11-01,2027-01-09,1 Nov 2026 - 9 Jan 2027,per kamar per malam,SAR,570,2,2,1,WiFi/detail fasilitas dicek manual via WhatsApp,Ketersediaan akhir dan payment dilanjutkan manual via WhatsApp,1216,2026-07-06,INACTIVE,Source: (Makka Hotel 2026) New Season Far East 15 June 202_260630_174549.pdf | Page: makka_page-07.png | Meal: FB | Source period text: 1 NOV 2026 TO 9 JAN 2027,"Harga, pajak, dan availability final setelah admin cek manual ke hotel/OTA."
MAKKAH,STANDARD,Park Inn By Radisson Hotel,,Alharmain PDF 9 Jan - 6 Feb 2027,Double Room,FB meal plan,2027-01-09,2027-02-06,9 Jan - 6 Feb 2027,per kamar per malam,SAR,360,2,2,1,WiFi/detail fasilitas dicek manual via WhatsApp,Ketersediaan akhir dan payment dilanjutkan manual via WhatsApp,1217,2026-07-06,INACTIVE,Source: (Makka Hotel 2026) New Season Far East 15 June 202_260630_174549.pdf | Page: makka_page-07.png | Meal: FB | Source period text: 9 JAN 2027 TO 6 FEB 2027,"Harga, pajak, dan availability final setelah admin cek manual ke hotel/OTA."
MAKKAH,STANDARD,Park Inn By Radisson Hotel,,Alharmain PDF 9 Jan - 6 Feb 2027,Triple Room,FB meal plan,2027-01-09,2027-02-06,9 Jan - 6 Feb 2027,per kamar per malam,SAR,455,2,2,1,WiFi/detail fasilitas dicek manual via WhatsApp,Ketersediaan akhir dan payment dilanjutkan manual via WhatsApp,1218,2026-07-06,INACTIVE,Source: (Makka Hotel 2026) New Season Far East 15 June 202_260630_174549.pdf | Page: makka_page-07.png | Meal: FB | Source period text: 9 JAN 2027 TO 6 FEB 2027,"Harga, pajak, dan availability final setelah admin cek manual ke hotel/OTA."
MAKKAH,STANDARD,Park Inn By Radisson Hotel,,Alharmain PDF 9 Jan - 6 Feb 2027,Quad Room,FB meal plan,2027-01-09,2027-02-06,9 Jan - 6 Feb 2027,per kamar per malam,SAR,550,2,2,1,WiFi/detail fasilitas dicek manual via WhatsApp,Ketersediaan akhir dan payment dilanjutkan manual via WhatsApp,1219,2026-07-06,INACTIVE,Source: (Makka Hotel 2026) New Season Far East 15 June 202_260630_174549.pdf | Page: makka_page-07.png | Meal: FB | Source period text: 9 JAN 2027 TO 6 FEB 2027,"Harga, pajak, dan availability final setelah admin cek manual ke hotel/OTA."
MAKKAH,STANDARD,Park Inn By Radisson Hotel,,Alharmain PDF 9 Mar - 6 Apr 2027,Double Room,FB meal plan,2027-03-09,2027-04-06,9 Mar - 6 Apr 2027,per kamar per malam,SAR,350,2,2,1,WiFi/detail fasilitas dicek manual via WhatsApp,Ketersediaan akhir dan payment dilanjutkan manual via WhatsApp,1220,2026-07-06,INACTIVE,Source: (Makka Hotel 2026) New Season Far East 15 June 202_260630_174549.pdf | Page: makka_page-07.png | Meal: FB | Source period text: 9 MAR 2027 TO 6 APR 2027,"Harga, pajak, dan availability final setelah admin cek manual ke hotel/OTA."
MAKKAH,STANDARD,Park Inn By Radisson Hotel,,Alharmain PDF 9 Mar - 6 Apr 2027,Triple Room,FB meal plan,2027-03-09,2027-04-06,9 Mar - 6 Apr 2027,per kamar per malam,SAR,445,2,2,1,WiFi/detail fasilitas dicek manual via WhatsApp,Ketersediaan akhir dan payment dilanjutkan manual via WhatsApp,1221,2026-07-06,INACTIVE,Source: (Makka Hotel 2026) New Season Far East 15 June 202_260630_174549.pdf | Page: makka_page-07.png | Meal: FB | Source period text: 9 MAR 2027 TO 6 APR 2027,"Harga, pajak, dan availability final setelah admin cek manual ke hotel/OTA."
MAKKAH,STANDARD,Park Inn By Radisson Hotel,,Alharmain PDF 9 Mar - 6 Apr 2027,Quad Room,FB meal plan,2027-03-09,2027-04-06,9 Mar - 6 Apr 2027,per kamar per malam,SAR,540,2,2,1,WiFi/detail fasilitas dicek manual via WhatsApp,Ketersediaan akhir dan payment dilanjutkan manual via WhatsApp,1222,2026-07-06,INACTIVE,Source: (Makka Hotel 2026) New Season Far East 15 June 202_260630_174549.pdf | Page: makka_page-07.png | Meal: FB | Source period text: 9 MAR 2027 TO 6 APR 2027,"Harga, pajak, dan availability final setelah admin cek manual ke hotel/OTA."
MAKKAH,STANDARD,Infinity Mаkkah Hotel,,Alharmain PDF Jun 2026,Double Room,FB meal plan,2026-06-01,2026-06-30,Jun 2026,per kamar per malam,SAR,490,2,2,1,WiFi/detail fasilitas dicek manual via WhatsApp,Ketersediaan akhir dan payment dilanjutkan manual via WhatsApp,1223,2026-07-06,INACTIVE,Source: (Makka Hotel 2026) New Season Far East 15 June 202_260630_174549.pdf | Page: makka_page-07.png | Meal: FB | Source period text: JUNE 2026,"Harga, pajak, dan availability final setelah admin cek manual ke hotel/OTA."
MAKKAH,STANDARD,Infinity Mаkkah Hotel,,Alharmain PDF Jun 2026,Triple Room,FB meal plan,2026-06-01,2026-06-30,Jun 2026,per kamar per malam,SAR,550,2,2,1,WiFi/detail fasilitas dicek manual via WhatsApp,Ketersediaan akhir dan payment dilanjutkan manual via WhatsApp,1224,2026-07-06,INACTIVE,Source: (Makka Hotel 2026) New Season Far East 15 June 202_260630_174549.pdf | Page: makka_page-07.png | Meal: FB | Source period text: JUNE 2026,"Harga, pajak, dan availability final setelah admin cek manual ke hotel/OTA."
MAKKAH,STANDARD,Infinity Mаkkah Hotel,,Alharmain PDF Jun 2026,Quad Room,FB meal plan,2026-06-01,2026-06-30,Jun 2026,per kamar per malam,SAR,610,2,2,1,WiFi/detail fasilitas dicek manual via WhatsApp,Ketersediaan akhir dan payment dilanjutkan manual via WhatsApp,1225,2026-07-06,INACTIVE,Source: (Makka Hotel 2026) New Season Far East 15 June 202_260630_174549.pdf | Page: makka_page-07.png | Meal: FB | Source period text: JUNE 2026,"Harga, pajak, dan availability final setelah admin cek manual ke hotel/OTA."
MAKKAH,STANDARD,M Aldana Makkah Hotel,,Alharmain PDF 2 Jun - 30 Nov 2026,Double Room,FB meal plan,2026-06-02,2026-11-30,2 Jun - 30 Nov 2026,per kamar per malam,SAR,250,2,2,1,WiFi/detail fasilitas dicek manual via WhatsApp,Ketersediaan akhir dan payment dilanjutkan manual via WhatsApp,1226,2026-07-06,INACTIVE,Source: (Makka Hotel 2026) New Season Far East 15 June 202_260630_174549.pdf | Page: makka_page-08.png | Meal: FB | MINIMAL 5 ROOM | Source period text: 2 JUNE 2026 TO 30 NOV 2026,"Harga, pajak, dan availability final setelah admin cek manual ke hotel/OTA."
MAKKAH,STANDARD,M Aldana Makkah Hotel,,Alharmain PDF 2 Jun - 30 Nov 2026,Triple Room,FB meal plan,2026-06-02,2026-11-30,2 Jun - 30 Nov 2026,per kamar per malam,SAR,310,2,2,1,WiFi/detail fasilitas dicek manual via WhatsApp,Ketersediaan akhir dan payment dilanjutkan manual via WhatsApp,1227,2026-07-06,INACTIVE,Source: (Makka Hotel 2026) New Season Far East 15 June 202_260630_174549.pdf | Page: makka_page-08.png | Meal: FB | MINIMAL 5 ROOM | Source period text: 2 JUNE 2026 TO 30 NOV 2026,"Harga, pajak, dan availability final setelah admin cek manual ke hotel/OTA."
MAKKAH,STANDARD,M Aldana Makkah Hotel,,Alharmain PDF 2 Jun - 30 Nov 2026,Quad Room,FB meal plan,2026-06-02,2026-11-30,2 Jun - 30 Nov 2026,per kamar per malam,SAR,370,2,2,1,WiFi/detail fasilitas dicek manual via WhatsApp,Ketersediaan akhir dan payment dilanjutkan manual via WhatsApp,1228,2026-07-06,INACTIVE,Source: (Makka Hotel 2026) New Season Far East 15 June 202_260630_174549.pdf | Page: makka_page-08.png | Meal: FB | MINIMAL 5 ROOM | Source period text: 2 JUNE 2026 TO 30 NOV 2026,"Harga, pajak, dan availability final setelah admin cek manual ke hotel/OTA."
MAKKAH,STANDARD,M Aldana Makkah Hotel,,Alharmain PDF 1 Dec 2026 - 15 Jan 2027,Double Room,FB meal plan,2026-12-01,2027-01-15,1 Dec 2026 - 15 Jan 2027,per kamar per malam,SAR,280,2,2,1,WiFi/detail fasilitas dicek manual via WhatsApp,Ketersediaan akhir dan payment dilanjutkan manual via WhatsApp,1229,2026-07-06,INACTIVE,Source: (Makka Hotel 2026) New Season Far East 15 June 202_260630_174549.pdf | Page: makka_page-08.png | Meal: FB | MINIMAL 5 ROOM | Source period text: 1 DEC 2026 TO 15 JAN 2027,"Harga, pajak, dan availability final setelah admin cek manual ke hotel/OTA."
MAKKAH,STANDARD,M Aldana Makkah Hotel,,Alharmain PDF 1 Dec 2026 - 15 Jan 2027,Triple Room,FB meal plan,2026-12-01,2027-01-15,1 Dec 2026 - 15 Jan 2027,per kamar per malam,SAR,340,2,2,1,WiFi/detail fasilitas dicek manual via WhatsApp,Ketersediaan akhir dan payment dilanjutkan manual via WhatsApp,1230,2026-07-06,INACTIVE,Source: (Makka Hotel 2026) New Season Far East 15 June 202_260630_174549.pdf | Page: makka_page-08.png | Meal: FB | MINIMAL 5 ROOM | Source period text: 1 DEC 2026 TO 15 JAN 2027,"Harga, pajak, dan availability final setelah admin cek manual ke hotel/OTA."
MAKKAH,STANDARD,M Aldana Makkah Hotel,,Alharmain PDF 1 Dec 2026 - 15 Jan 2027,Quad Room,FB meal plan,2026-12-01,2027-01-15,1 Dec 2026 - 15 Jan 2027,per kamar per malam,SAR,400,2,2,1,WiFi/detail fasilitas dicek manual via WhatsApp,Ketersediaan akhir dan payment dilanjutkan manual via WhatsApp,1231,2026-07-06,INACTIVE,Source: (Makka Hotel 2026) New Season Far East 15 June 202_260630_174549.pdf | Page: makka_page-08.png | Meal: FB | MINIMAL 5 ROOM | Source period text: 1 DEC 2026 TO 15 JAN 2027,"Harga, pajak, dan availability final setelah admin cek manual ke hotel/OTA."
MAKKAH,STANDARD,M Aldana Makkah Hotel,,Alharmain PDF 16 Jan - 6 Feb 2027,Double Room,FB meal plan,2027-01-16,2027-02-06,16 Jan - 6 Feb 2027,per kamar per malam,SAR,270,2,2,1,WiFi/detail fasilitas dicek manual via WhatsApp,Ketersediaan akhir dan payment dilanjutkan manual via WhatsApp,1232,2026-07-06,INACTIVE,Source: (Makka Hotel 2026) New Season Far East 15 June 202_260630_174549.pdf | Page: makka_page-08.png | Meal: FB | MINIMAL 5 ROOM | Source period text: 16 JAN 2027 TO 6 FEB 2027,"Harga, pajak, dan availability final setelah admin cek manual ke hotel/OTA."
MAKKAH,STANDARD,M Aldana Makkah Hotel,,Alharmain PDF 16 Jan - 6 Feb 2027,Triple Room,FB meal plan,2027-01-16,2027-02-06,16 Jan - 6 Feb 2027,per kamar per malam,SAR,330,2,2,1,WiFi/detail fasilitas dicek manual via WhatsApp,Ketersediaan akhir dan payment dilanjutkan manual via WhatsApp,1233,2026-07-06,INACTIVE,Source: (Makka Hotel 2026) New Season Far East 15 June 202_260630_174549.pdf | Page: makka_page-08.png | Meal: FB | MINIMAL 5 ROOM | Source period text: 16 JAN 2027 TO 6 FEB 2027,"Harga, pajak, dan availability final setelah admin cek manual ke hotel/OTA."
MAKKAH,STANDARD,M Aldana Makkah Hotel,,Alharmain PDF 16 Jan - 6 Feb 2027,Quad Room,FB meal plan,2027-01-16,2027-02-06,16 Jan - 6 Feb 2027,per kamar per malam,SAR,390,2,2,1,WiFi/detail fasilitas dicek manual via WhatsApp,Ketersediaan akhir dan payment dilanjutkan manual via WhatsApp,1234,2026-07-06,INACTIVE,Source: (Makka Hotel 2026) New Season Far East 15 June 202_260630_174549.pdf | Page: makka_page-08.png | Meal: FB | MINIMAL 5 ROOM | Source period text: 16 JAN 2027 TO 6 FEB 2027,"Harga, pajak, dan availability final setelah admin cek manual ke hotel/OTA."
MAKKAH,STANDARD,Grand Al Massa Hotel,,Alharmain PDF 25 Jun - 9 Jul 2026,Double Room,FB meal plan,2026-06-25,2026-07-09,25 Jun - 9 Jul 2026,per kamar per malam,SAR,425,2,2,1,WiFi/detail fasilitas dicek manual via WhatsApp,Ketersediaan akhir dan payment dilanjutkan manual via WhatsApp,1235,2026-07-06,INACTIVE,Source: (Makka Hotel 2026) New Season Far East 15 June 202_260630_174549.pdf | Page: makka_page-08.png | Meal: FB | Source period text: 25 JUNE 2026 TO 9 JULY 2026,"Harga, pajak, dan availability final setelah admin cek manual ke hotel/OTA."
MAKKAH,STANDARD,Grand Al Massa Hotel,,Alharmain PDF 25 Jun - 9 Jul 2026,Triple Room,FB meal plan,2026-06-25,2026-07-09,25 Jun - 9 Jul 2026,per kamar per malam,SAR,475,2,2,1,WiFi/detail fasilitas dicek manual via WhatsApp,Ketersediaan akhir dan payment dilanjutkan manual via WhatsApp,1236,2026-07-06,INACTIVE,Source: (Makka Hotel 2026) New Season Far East 15 June 202_260630_174549.pdf | Page: makka_page-08.png | Meal: FB | Source period text: 25 JUNE 2026 TO 9 JULY 2026,"Harga, pajak, dan availability final setelah admin cek manual ke hotel/OTA."
MAKKAH,STANDARD,Grand Al Massa Hotel,,Alharmain PDF 25 Jun - 9 Jul 2026,Quad Room,FB meal plan,2026-06-25,2026-07-09,25 Jun - 9 Jul 2026,per kamar per malam,SAR,525,2,2,1,WiFi/detail fasilitas dicek manual via WhatsApp,Ketersediaan akhir dan payment dilanjutkan manual via WhatsApp,1237,2026-07-06,INACTIVE,Source: (Makka Hotel 2026) New Season Far East 15 June 202_260630_174549.pdf | Page: makka_page-08.png | Meal: FB | Source period text: 25 JUNE 2026 TO 9 JULY 2026,"Harga, pajak, dan availability final setelah admin cek manual ke hotel/OTA."
MAKKAH,STANDARD,Grand Al Massa Hotel,,Alharmain PDF 9 Jul - 16 Jul 2026,Double Room,FB meal plan,2026-07-09,2026-07-16,9 Jul - 16 Jul 2026,per kamar per malam,SAR,450,2,2,1,WiFi/detail fasilitas dicek manual via WhatsApp,Ketersediaan akhir dan payment dilanjutkan manual via WhatsApp,1238,2026-07-06,INACTIVE,Source: (Makka Hotel 2026) New Season Far East 15 June 202_260630_174549.pdf | Page: makka_page-08.png | Meal: FB | Source period text: 9 JULY 2026 TO 16 JULY 2026,"Harga, pajak, dan availability final setelah admin cek manual ke hotel/OTA."
MAKKAH,STANDARD,Grand Al Massa Hotel,,Alharmain PDF 9 Jul - 16 Jul 2026,Triple Room,FB meal plan,2026-07-09,2026-07-16,9 Jul - 16 Jul 2026,per kamar per malam,SAR,500,2,2,1,WiFi/detail fasilitas dicek manual via WhatsApp,Ketersediaan akhir dan payment dilanjutkan manual via WhatsApp,1239,2026-07-06,INACTIVE,Source: (Makka Hotel 2026) New Season Far East 15 June 202_260630_174549.pdf | Page: makka_page-08.png | Meal: FB | Source period text: 9 JULY 2026 TO 16 JULY 2026,"Harga, pajak, dan availability final setelah admin cek manual ke hotel/OTA."
MAKKAH,STANDARD,Grand Al Massa Hotel,,Alharmain PDF 9 Jul - 16 Jul 2026,Quad Room,FB meal plan,2026-07-09,2026-07-16,9 Jul - 16 Jul 2026,per kamar per malam,SAR,550,2,2,1,WiFi/detail fasilitas dicek manual via WhatsApp,Ketersediaan akhir dan payment dilanjutkan manual via WhatsApp,1240,2026-07-06,INACTIVE,Source: (Makka Hotel 2026) New Season Far East 15 June 202_260630_174549.pdf | Page: makka_page-08.png | Meal: FB | Source period text: 9 JULY 2026 TO 16 JULY 2026,"Harga, pajak, dan availability final setelah admin cek manual ke hotel/OTA."
MAKKAH,STANDARD,Grand Al Massa Hotel,,Alharmain PDF 16 Jul - 30 Jul 2026,Double Room,FB meal plan,2026-07-16,2026-07-30,16 Jul - 30 Jul 2026,per kamar per malam,SAR,485,2,2,1,WiFi/detail fasilitas dicek manual via WhatsApp,Ketersediaan akhir dan payment dilanjutkan manual via WhatsApp,1241,2026-07-06,INACTIVE,Source: (Makka Hotel 2026) New Season Far East 15 June 202_260630_174549.pdf | Page: makka_page-08.png | Meal: FB | Source period text: 16 JULY 2026 TO 30 JULY 2026,"Harga, pajak, dan availability final setelah admin cek manual ke hotel/OTA."
MAKKAH,STANDARD,Grand Al Massa Hotel,,Alharmain PDF 16 Jul - 30 Jul 2026,Triple Room,FB meal plan,2026-07-16,2026-07-30,16 Jul - 30 Jul 2026,per kamar per malam,SAR,535,2,2,1,WiFi/detail fasilitas dicek manual via WhatsApp,Ketersediaan akhir dan payment dilanjutkan manual via WhatsApp,1242,2026-07-06,INACTIVE,Source: (Makka Hotel 2026) New Season Far East 15 June 202_260630_174549.pdf | Page: makka_page-08.png | Meal: FB | Source period text: 16 JULY 2026 TO 30 JULY 2026,"Harga, pajak, dan availability final setelah admin cek manual ke hotel/OTA."
MAKKAH,STANDARD,Grand Al Massa Hotel,,Alharmain PDF 16 Jul - 30 Jul 2026,Quad Room,FB meal plan,2026-07-16,2026-07-30,16 Jul - 30 Jul 2026,per kamar per malam,SAR,585,2,2,1,WiFi/detail fasilitas dicek manual via WhatsApp,Ketersediaan akhir dan payment dilanjutkan manual via WhatsApp,1243,2026-07-06,INACTIVE,Source: (Makka Hotel 2026) New Season Far East 15 June 202_260630_174549.pdf | Page: makka_page-08.png | Meal: FB | Source period text: 16 JULY 2026 TO 30 JULY 2026,"Harga, pajak, dan availability final setelah admin cek manual ke hotel/OTA."
MAKKAH,STANDARD,Grand Al Massa Hotel,,Alharmain PDF 30 Jul - 5 Sep 2026,Double Room,FB meal plan,2026-07-30,2026-09-05,30 Jul - 5 Sep 2026,per kamar per malam,SAR,545,2,2,1,WiFi/detail fasilitas dicek manual via WhatsApp,Ketersediaan akhir dan payment dilanjutkan manual via WhatsApp,1244,2026-07-06,INACTIVE,Source: (Makka Hotel 2026) New Season Far East 15 June 202_260630_174549.pdf | Page: makka_page-08.png | Meal: FB | Source period text: 30 JULY 2026 TO 5 SEP 2026,"Harga, pajak, dan availability final setelah admin cek manual ke hotel/OTA."
MAKKAH,STANDARD,Grand Al Massa Hotel,,Alharmain PDF 30 Jul - 5 Sep 2026,Triple Room,FB meal plan,2026-07-30,2026-09-05,30 Jul - 5 Sep 2026,per kamar per malam,SAR,595,2,2,1,WiFi/detail fasilitas dicek manual via WhatsApp,Ketersediaan akhir dan payment dilanjutkan manual via WhatsApp,1245,2026-07-06,INACTIVE,Source: (Makka Hotel 2026) New Season Far East 15 June 202_260630_174549.pdf | Page: makka_page-08.png | Meal: FB | Source period text: 30 JULY 2026 TO 5 SEP 2026,"Harga, pajak, dan availability final setelah admin cek manual ke hotel/OTA."
MAKKAH,STANDARD,Grand Al Massa Hotel,,Alharmain PDF 30 Jul - 5 Sep 2026,Quad Room,FB meal plan,2026-07-30,2026-09-05,30 Jul - 5 Sep 2026,per kamar per malam,SAR,645,2,2,1,WiFi/detail fasilitas dicek manual via WhatsApp,Ketersediaan akhir dan payment dilanjutkan manual via WhatsApp,1246,2026-07-06,INACTIVE,Source: (Makka Hotel 2026) New Season Far East 15 June 202_260630_174549.pdf | Page: makka_page-08.png | Meal: FB | Source period text: 30 JULY 2026 TO 5 SEP 2026,"Harga, pajak, dan availability final setelah admin cek manual ke hotel/OTA."
MAKKAH,STANDARD,Grand Al Massa Hotel,,Alharmain PDF 5 Sep - 12 Sep 2026,Double Room,FB meal plan,2026-09-05,2026-09-12,5 Sep - 12 Sep 2026,per kamar per malam,SAR,475,2,2,1,WiFi/detail fasilitas dicek manual via WhatsApp,Ketersediaan akhir dan payment dilanjutkan manual via WhatsApp,1247,2026-07-06,INACTIVE,Source: (Makka Hotel 2026) New Season Far East 15 June 202_260630_174549.pdf | Page: makka_page-08.png | Meal: FB | Source period text: 5 SEP 2026 TO 12 SEP 2026,"Harga, pajak, dan availability final setelah admin cek manual ke hotel/OTA."
MAKKAH,STANDARD,Grand Al Massa Hotel,,Alharmain PDF 5 Sep - 12 Sep 2026,Triple Room,FB meal plan,2026-09-05,2026-09-12,5 Sep - 12 Sep 2026,per kamar per malam,SAR,525,2,2,1,WiFi/detail fasilitas dicek manual via WhatsApp,Ketersediaan akhir dan payment dilanjutkan manual via WhatsApp,1248,2026-07-06,INACTIVE,Source: (Makka Hotel 2026) New Season Far East 15 June 202_260630_174549.pdf | Page: makka_page-08.png | Meal: FB | Source period text: 5 SEP 2026 TO 12 SEP 2026,"Harga, pajak, dan availability final setelah admin cek manual ke hotel/OTA."
MAKKAH,STANDARD,Grand Al Massa Hotel,,Alharmain PDF 5 Sep - 12 Sep 2026,Quad Room,FB meal plan,2026-09-05,2026-09-12,5 Sep - 12 Sep 2026,per kamar per malam,SAR,575,2,2,1,WiFi/detail fasilitas dicek manual via WhatsApp,Ketersediaan akhir dan payment dilanjutkan manual via WhatsApp,1249,2026-07-06,INACTIVE,Source: (Makka Hotel 2026) New Season Far East 15 June 202_260630_174549.pdf | Page: makka_page-08.png | Meal: FB | Source period text: 5 SEP 2026 TO 12 SEP 2026,"Harga, pajak, dan availability final setelah admin cek manual ke hotel/OTA."
MAKKAH,STANDARD,Maysan Al Mashaer Hotel,,Alharmain PDF 16 Jun - 25 Jun 2026,Double Room,FB meal plan,2026-06-16,2026-06-25,16 Jun - 25 Jun 2026,per kamar per malam,SAR,505,2,2,1,WiFi/detail fasilitas dicek manual via WhatsApp,Ketersediaan akhir dan payment dilanjutkan manual via WhatsApp,1250,2026-07-06,INACTIVE,Source: (Makka Hotel 2026) New Season Far East 15 June 202_260630_174549.pdf | Page: makka_page-09.png | Meal: FB | Source period text: 16 JUNE 2026 TO 25 JUNE 2026,"Harga, pajak, dan availability final setelah admin cek manual ke hotel/OTA."
MAKKAH,STANDARD,Maysan Al Mashaer Hotel,,Alharmain PDF 16 Jun - 25 Jun 2026,Triple Room,FB meal plan,2026-06-16,2026-06-25,16 Jun - 25 Jun 2026,per kamar per malam,SAR,585,2,2,1,WiFi/detail fasilitas dicek manual via WhatsApp,Ketersediaan akhir dan payment dilanjutkan manual via WhatsApp,1251,2026-07-06,INACTIVE,Source: (Makka Hotel 2026) New Season Far East 15 June 202_260630_174549.pdf | Page: makka_page-09.png | Meal: FB | Source period text: 16 JUNE 2026 TO 25 JUNE 2026,"Harga, pajak, dan availability final setelah admin cek manual ke hotel/OTA."
MAKKAH,STANDARD,Maysan Al Mashaer Hotel,,Alharmain PDF 16 Jun - 25 Jun 2026,Quad Room,FB meal plan,2026-06-16,2026-06-25,16 Jun - 25 Jun 2026,per kamar per malam,SAR,665,2,2,1,WiFi/detail fasilitas dicek manual via WhatsApp,Ketersediaan akhir dan payment dilanjutkan manual via WhatsApp,1252,2026-07-06,INACTIVE,Source: (Makka Hotel 2026) New Season Far East 15 June 202_260630_174549.pdf | Page: makka_page-09.png | Meal: FB | Source period text: 16 JUNE 2026 TO 25 JUNE 2026,"Harga, pajak, dan availability final setelah admin cek manual ke hotel/OTA."
MAKKAH,STANDARD,Maysan Al Mashaer Hotel,,Alharmain PDF 25 Jun - 9 Jul 2026,Double Room,FB meal plan,2026-06-25,2026-07-09,25 Jun - 9 Jul 2026,per kamar per malam,SAR,545,2,2,1,WiFi/detail fasilitas dicek manual via WhatsApp,Ketersediaan akhir dan payment dilanjutkan manual via WhatsApp,1253,2026-07-06,INACTIVE,Source: (Makka Hotel 2026) New Season Far East 15 June 202_260630_174549.pdf | Page: makka_page-09.png | Meal: FB | Source period text: 25 JUNE 2026 TO 9 JULY 2026,"Harga, pajak, dan availability final setelah admin cek manual ke hotel/OTA."
MAKKAH,STANDARD,Maysan Al Mashaer Hotel,,Alharmain PDF 25 Jun - 9 Jul 2026,Triple Room,FB meal plan,2026-06-25,2026-07-09,25 Jun - 9 Jul 2026,per kamar per malam,SAR,625,2,2,1,WiFi/detail fasilitas dicek manual via WhatsApp,Ketersediaan akhir dan payment dilanjutkan manual via WhatsApp,1254,2026-07-06,INACTIVE,Source: (Makka Hotel 2026) New Season Far East 15 June 202_260630_174549.pdf | Page: makka_page-09.png | Meal: FB | Source period text: 25 JUNE 2026 TO 9 JULY 2026,"Harga, pajak, dan availability final setelah admin cek manual ke hotel/OTA."
MAKKAH,STANDARD,Maysan Al Mashaer Hotel,,Alharmain PDF 25 Jun - 9 Jul 2026,Quad Room,FB meal plan,2026-06-25,2026-07-09,25 Jun - 9 Jul 2026,per kamar per malam,SAR,705,2,2,1,WiFi/detail fasilitas dicek manual via WhatsApp,Ketersediaan akhir dan payment dilanjutkan manual via WhatsApp,1255,2026-07-06,INACTIVE,Source: (Makka Hotel 2026) New Season Far East 15 June 202_260630_174549.pdf | Page: makka_page-09.png | Meal: FB | Source period text: 25 JUNE 2026 TO 9 JULY 2026,"Harga, pajak, dan availability final setelah admin cek manual ke hotel/OTA."
MAKKAH,STANDARD,Maysan Al Mashaer Hotel,,Alharmain PDF 9 Jul - 16 Jul 2026,Double Room,FB meal plan,2026-07-09,2026-07-16,9 Jul - 16 Jul 2026,per kamar per malam,SAR,560,2,2,1,WiFi/detail fasilitas dicek manual via WhatsApp,Ketersediaan akhir dan payment dilanjutkan manual via WhatsApp,1256,2026-07-06,INACTIVE,Source: (Makka Hotel 2026) New Season Far East 15 June 202_260630_174549.pdf | Page: makka_page-09.png | Meal: FB | Source period text: 9 JULY 2026 TO 16 JULY 2026,"Harga, pajak, dan availability final setelah admin cek manual ke hotel/OTA."
MAKKAH,STANDARD,Maysan Al Mashaer Hotel,,Alharmain PDF 9 Jul - 16 Jul 2026,Triple Room,FB meal plan,2026-07-09,2026-07-16,9 Jul - 16 Jul 2026,per kamar per malam,SAR,640,2,2,1,WiFi/detail fasilitas dicek manual via WhatsApp,Ketersediaan akhir dan payment dilanjutkan manual via WhatsApp,1257,2026-07-06,INACTIVE,Source: (Makka Hotel 2026) New Season Far East 15 June 202_260630_174549.pdf | Page: makka_page-09.png | Meal: FB | Source period text: 9 JULY 2026 TO 16 JULY 2026,"Harga, pajak, dan availability final setelah admin cek manual ke hotel/OTA."
MAKKAH,STANDARD,Maysan Al Mashaer Hotel,,Alharmain PDF 9 Jul - 16 Jul 2026,Quad Room,FB meal plan,2026-07-09,2026-07-16,9 Jul - 16 Jul 2026,per kamar per malam,SAR,720,2,2,1,WiFi/detail fasilitas dicek manual via WhatsApp,Ketersediaan akhir dan payment dilanjutkan manual via WhatsApp,1258,2026-07-06,INACTIVE,Source: (Makka Hotel 2026) New Season Far East 15 June 202_260630_174549.pdf | Page: makka_page-09.png | Meal: FB | Source period text: 9 JULY 2026 TO 16 JULY 2026,"Harga, pajak, dan availability final setelah admin cek manual ke hotel/OTA."
MAKKAH,STANDARD,Maysan Al Mashaer Hotel,,Alharmain PDF 16 Jul - 30 Jul 2026,Double Room,FB meal plan,2026-07-16,2026-07-30,16 Jul - 30 Jul 2026,per kamar per malam,SAR,585,2,2,1,WiFi/detail fasilitas dicek manual via WhatsApp,Ketersediaan akhir dan payment dilanjutkan manual via WhatsApp,1259,2026-07-06,INACTIVE,Source: (Makka Hotel 2026) New Season Far East 15 June 202_260630_174549.pdf | Page: makka_page-09.png | Meal: FB | Source period text: 16 JULY 2026 TO 30 JULY 2026,"Harga, pajak, dan availability final setelah admin cek manual ke hotel/OTA."
MAKKAH,STANDARD,Maysan Al Mashaer Hotel,,Alharmain PDF 16 Jul - 30 Jul 2026,Triple Room,FB meal plan,2026-07-16,2026-07-30,16 Jul - 30 Jul 2026,per kamar per malam,SAR,665,2,2,1,WiFi/detail fasilitas dicek manual via WhatsApp,Ketersediaan akhir dan payment dilanjutkan manual via WhatsApp,1260,2026-07-06,INACTIVE,Source: (Makka Hotel 2026) New Season Far East 15 June 202_260630_174549.pdf | Page: makka_page-09.png | Meal: FB | Source period text: 16 JULY 2026 TO 30 JULY 2026,"Harga, pajak, dan availability final setelah admin cek manual ke hotel/OTA."
MAKKAH,STANDARD,Maysan Al Mashaer Hotel,,Alharmain PDF 16 Jul - 30 Jul 2026,Quad Room,FB meal plan,2026-07-16,2026-07-30,16 Jul - 30 Jul 2026,per kamar per malam,SAR,745,2,2,1,WiFi/detail fasilitas dicek manual via WhatsApp,Ketersediaan akhir dan payment dilanjutkan manual via WhatsApp,1261,2026-07-06,INACTIVE,Source: (Makka Hotel 2026) New Season Far East 15 June 202_260630_174549.pdf | Page: makka_page-09.png | Meal: FB | Source period text: 16 JULY 2026 TO 30 JULY 2026,"Harga, pajak, dan availability final setelah admin cek manual ke hotel/OTA."
MAKKAH,STANDARD,Maysan Al Mashaer Hotel,,Alharmain PDF 30 Jul - 5 Sep 2026,Double Room,FB meal plan,2026-07-30,2026-09-05,30 Jul - 5 Sep 2026,per kamar per malam,SAR,630,2,2,1,WiFi/detail fasilitas dicek manual via WhatsApp,Ketersediaan akhir dan payment dilanjutkan manual via WhatsApp,1262,2026-07-06,INACTIVE,Source: (Makka Hotel 2026) New Season Far East 15 June 202_260630_174549.pdf | Page: makka_page-09.png | Meal: FB | Source period text: 30 JULY 2026 TO 5 SEP 2026,"Harga, pajak, dan availability final setelah admin cek manual ke hotel/OTA."
MAKKAH,STANDARD,Maysan Al Mashaer Hotel,,Alharmain PDF 30 Jul - 5 Sep 2026,Triple Room,FB meal plan,2026-07-30,2026-09-05,30 Jul - 5 Sep 2026,per kamar per malam,SAR,710,2,2,1,WiFi/detail fasilitas dicek manual via WhatsApp,Ketersediaan akhir dan payment dilanjutkan manual via WhatsApp,1263,2026-07-06,INACTIVE,Source: (Makka Hotel 2026) New Season Far East 15 June 202_260630_174549.pdf | Page: makka_page-09.png | Meal: FB | Source period text: 30 JULY 2026 TO 5 SEP 2026,"Harga, pajak, dan availability final setelah admin cek manual ke hotel/OTA."
MAKKAH,STANDARD,Maysan Al Mashaer Hotel,,Alharmain PDF 30 Jul - 5 Sep 2026,Quad Room,FB meal plan,2026-07-30,2026-09-05,30 Jul - 5 Sep 2026,per kamar per malam,SAR,790,2,2,1,WiFi/detail fasilitas dicek manual via WhatsApp,Ketersediaan akhir dan payment dilanjutkan manual via WhatsApp,1264,2026-07-06,INACTIVE,Source: (Makka Hotel 2026) New Season Far East 15 June 202_260630_174549.pdf | Page: makka_page-09.png | Meal: FB | Source period text: 30 JULY 2026 TO 5 SEP 2026,"Harga, pajak, dan availability final setelah admin cek manual ke hotel/OTA."
MAKKAH,STANDARD,Maysan Al Mashaer Hotel,,Alharmain PDF 5 Sep - 12 Sep 2026,Double Room,FB meal plan,2026-09-05,2026-09-12,5 Sep - 12 Sep 2026,per kamar per malam,SAR,575,2,2,1,WiFi/detail fasilitas dicek manual via WhatsApp,Ketersediaan akhir dan payment dilanjutkan manual via WhatsApp,1265,2026-07-06,INACTIVE,Source: (Makka Hotel 2026) New Season Far East 15 June 202_260630_174549.pdf | Page: makka_page-09.png | Meal: FB | Source period text: 5 SEP 2026 TO 12 SEP 2026,"Harga, pajak, dan availability final setelah admin cek manual ke hotel/OTA."
MAKKAH,STANDARD,Maysan Al Mashaer Hotel,,Alharmain PDF 5 Sep - 12 Sep 2026,Triple Room,FB meal plan,2026-09-05,2026-09-12,5 Sep - 12 Sep 2026,per kamar per malam,SAR,655,2,2,1,WiFi/detail fasilitas dicek manual via WhatsApp,Ketersediaan akhir dan payment dilanjutkan manual via WhatsApp,1266,2026-07-06,INACTIVE,Source: (Makka Hotel 2026) New Season Far East 15 June 202_260630_174549.pdf | Page: makka_page-09.png | Meal: FB | Source period text: 5 SEP 2026 TO 12 SEP 2026,"Harga, pajak, dan availability final setelah admin cek manual ke hotel/OTA."
MAKKAH,STANDARD,Maysan Al Mashaer Hotel,,Alharmain PDF 5 Sep - 12 Sep 2026,Quad Room,FB meal plan,2026-09-05,2026-09-12,5 Sep - 12 Sep 2026,per kamar per malam,SAR,735,2,2,1,WiFi/detail fasilitas dicek manual via WhatsApp,Ketersediaan akhir dan payment dilanjutkan manual via WhatsApp,1267,2026-07-06,INACTIVE,Source: (Makka Hotel 2026) New Season Far East 15 June 202_260630_174549.pdf | Page: makka_page-09.png | Meal: FB | Source period text: 5 SEP 2026 TO 12 SEP 2026,"Harga, pajak, dan availability final setelah admin cek manual ke hotel/OTA."
MAKKAH,STANDARD,Maysan Al Maqom Hotel,,Alharmain PDF 16 Jun - 25 Jun 2026,Double Room,FB meal plan,2026-06-16,2026-06-25,16 Jun - 25 Jun 2026,per kamar per malam,SAR,395,2,2,1,WiFi/detail fasilitas dicek manual via WhatsApp,Ketersediaan akhir dan payment dilanjutkan manual via WhatsApp,1268,2026-07-06,INACTIVE,Source: (Makka Hotel 2026) New Season Far East 15 June 202_260630_174549.pdf | Page: makka_page-09.png | Meal: FB | Source period text: 16 JUNE 2026 TO 25 JUNE 2026,"Harga, pajak, dan availability final setelah admin cek manual ke hotel/OTA."
MAKKAH,STANDARD,Maysan Al Maqom Hotel,,Alharmain PDF 16 Jun - 25 Jun 2026,Triple Room,FB meal plan,2026-06-16,2026-06-25,16 Jun - 25 Jun 2026,per kamar per malam,SAR,445,2,2,1,WiFi/detail fasilitas dicek manual via WhatsApp,Ketersediaan akhir dan payment dilanjutkan manual via WhatsApp,1269,2026-07-06,INACTIVE,Source: (Makka Hotel 2026) New Season Far East 15 June 202_260630_174549.pdf | Page: makka_page-09.png | Meal: FB | Source period text: 16 JUNE 2026 TO 25 JUNE 2026,"Harga, pajak, dan availability final setelah admin cek manual ke hotel/OTA."
MAKKAH,STANDARD,Maysan Al Maqom Hotel,,Alharmain PDF 16 Jun - 25 Jun 2026,Quad Room,FB meal plan,2026-06-16,2026-06-25,16 Jun - 25 Jun 2026,per kamar per malam,SAR,495,2,2,1,WiFi/detail fasilitas dicek manual via WhatsApp,Ketersediaan akhir dan payment dilanjutkan manual via WhatsApp,1270,2026-07-06,INACTIVE,Source: (Makka Hotel 2026) New Season Far East 15 June 202_260630_174549.pdf | Page: makka_page-09.png | Meal: FB | Source period text: 16 JUNE 2026 TO 25 JUNE 2026,"Harga, pajak, dan availability final setelah admin cek manual ke hotel/OTA."
MAKKAH,STANDARD,Maysan Al Maqom Hotel,,Alharmain PDF 25 Jun - 9 Jul 2026,Double Room,FB meal plan,2026-06-25,2026-07-09,25 Jun - 9 Jul 2026,per kamar per malam,SAR,435,2,2,1,WiFi/detail fasilitas dicek manual via WhatsApp,Ketersediaan akhir dan payment dilanjutkan manual via WhatsApp,1271,2026-07-06,INACTIVE,Source: (Makka Hotel 2026) New Season Far East 15 June 202_260630_174549.pdf | Page: makka_page-09.png | Meal: FB | Source period text: 25 JUNE 2026 TO 9 JULY 2026,"Harga, pajak, dan availability final setelah admin cek manual ke hotel/OTA."
MAKKAH,STANDARD,Maysan Al Maqom Hotel,,Alharmain PDF 25 Jun - 9 Jul 2026,Triple Room,FB meal plan,2026-06-25,2026-07-09,25 Jun - 9 Jul 2026,per kamar per malam,SAR,485,2,2,1,WiFi/detail fasilitas dicek manual via WhatsApp,Ketersediaan akhir dan payment dilanjutkan manual via WhatsApp,1272,2026-07-06,INACTIVE,Source: (Makka Hotel 2026) New Season Far East 15 June 202_260630_174549.pdf | Page: makka_page-09.png | Meal: FB | Source period text: 25 JUNE 2026 TO 9 JULY 2026,"Harga, pajak, dan availability final setelah admin cek manual ke hotel/OTA."
MAKKAH,STANDARD,Maysan Al Maqom Hotel,,Alharmain PDF 25 Jun - 9 Jul 2026,Quad Room,FB meal plan,2026-06-25,2026-07-09,25 Jun - 9 Jul 2026,per kamar per malam,SAR,535,2,2,1,WiFi/detail fasilitas dicek manual via WhatsApp,Ketersediaan akhir dan payment dilanjutkan manual via WhatsApp,1273,2026-07-06,INACTIVE,Source: (Makka Hotel 2026) New Season Far East 15 June 202_260630_174549.pdf | Page: makka_page-09.png | Meal: FB | Source period text: 25 JUNE 2026 TO 9 JULY 2026,"Harga, pajak, dan availability final setelah admin cek manual ke hotel/OTA."
MAKKAH,STANDARD,Maysan Al Maqom Hotel,,Alharmain PDF 9 Jul - 16 Jul 2026,Double Room,FB meal plan,2026-07-09,2026-07-16,9 Jul - 16 Jul 2026,per kamar per malam,SAR,450,2,2,1,WiFi/detail fasilitas dicek manual via WhatsApp,Ketersediaan akhir dan payment dilanjutkan manual via WhatsApp,1274,2026-07-06,INACTIVE,Source: (Makka Hotel 2026) New Season Far East 15 June 202_260630_174549.pdf | Page: makka_page-09.png | Meal: FB | Source period text: 9 JULY 2026 TO 16 JULY 2026,"Harga, pajak, dan availability final setelah admin cek manual ke hotel/OTA."
MAKKAH,STANDARD,Maysan Al Maqom Hotel,,Alharmain PDF 9 Jul - 16 Jul 2026,Triple Room,FB meal plan,2026-07-09,2026-07-16,9 Jul - 16 Jul 2026,per kamar per malam,SAR,500,2,2,1,WiFi/detail fasilitas dicek manual via WhatsApp,Ketersediaan akhir dan payment dilanjutkan manual via WhatsApp,1275,2026-07-06,INACTIVE,Source: (Makka Hotel 2026) New Season Far East 15 June 202_260630_174549.pdf | Page: makka_page-09.png | Meal: FB | Source period text: 9 JULY 2026 TO 16 JULY 2026,"Harga, pajak, dan availability final setelah admin cek manual ke hotel/OTA."
MAKKAH,STANDARD,Maysan Al Maqom Hotel,,Alharmain PDF 9 Jul - 16 Jul 2026,Quad Room,FB meal plan,2026-07-09,2026-07-16,9 Jul - 16 Jul 2026,per kamar per malam,SAR,550,2,2,1,WiFi/detail fasilitas dicek manual via WhatsApp,Ketersediaan akhir dan payment dilanjutkan manual via WhatsApp,1276,2026-07-06,INACTIVE,Source: (Makka Hotel 2026) New Season Far East 15 June 202_260630_174549.pdf | Page: makka_page-09.png | Meal: FB | Source period text: 9 JULY 2026 TO 16 JULY 2026,"Harga, pajak, dan availability final setelah admin cek manual ke hotel/OTA."
MAKKAH,STANDARD,Maysan Al Maqom Hotel,,Alharmain PDF 16 Jul - 30 Jul 2026,Double Room,FB meal plan,2026-07-16,2026-07-30,16 Jul - 30 Jul 2026,per kamar per malam,SAR,465,2,2,1,WiFi/detail fasilitas dicek manual via WhatsApp,Ketersediaan akhir dan payment dilanjutkan manual via WhatsApp,1277,2026-07-06,INACTIVE,Source: (Makka Hotel 2026) New Season Far East 15 June 202_260630_174549.pdf | Page: makka_page-09.png | Meal: FB | Source period text: 16 JULY 2026 TO 30 JULY 2026,"Harga, pajak, dan availability final setelah admin cek manual ke hotel/OTA."
MAKKAH,STANDARD,Maysan Al Maqom Hotel,,Alharmain PDF 16 Jul - 30 Jul 2026,Triple Room,FB meal plan,2026-07-16,2026-07-30,16 Jul - 30 Jul 2026,per kamar per malam,SAR,515,2,2,1,WiFi/detail fasilitas dicek manual via WhatsApp,Ketersediaan akhir dan payment dilanjutkan manual via WhatsApp,1278,2026-07-06,INACTIVE,Source: (Makka Hotel 2026) New Season Far East 15 June 202_260630_174549.pdf | Page: makka_page-09.png | Meal: FB | Source period text: 16 JULY 2026 TO 30 JULY 2026,"Harga, pajak, dan availability final setelah admin cek manual ke hotel/OTA."
MAKKAH,STANDARD,Maysan Al Maqom Hotel,,Alharmain PDF 16 Jul - 30 Jul 2026,Quad Room,FB meal plan,2026-07-16,2026-07-30,16 Jul - 30 Jul 2026,per kamar per malam,SAR,565,2,2,1,WiFi/detail fasilitas dicek manual via WhatsApp,Ketersediaan akhir dan payment dilanjutkan manual via WhatsApp,1279,2026-07-06,INACTIVE,Source: (Makka Hotel 2026) New Season Far East 15 June 202_260630_174549.pdf | Page: makka_page-09.png | Meal: FB | Source period text: 16 JULY 2026 TO 30 JULY 2026,"Harga, pajak, dan availability final setelah admin cek manual ke hotel/OTA."
MAKKAH,STANDARD,Maysan Al Maqom Hotel,,Alharmain PDF 30 Jul - 5 Sep 2026,Double Room,FB meal plan,2026-07-30,2026-09-05,30 Jul - 5 Sep 2026,per kamar per malam,SAR,500,2,2,1,WiFi/detail fasilitas dicek manual via WhatsApp,Ketersediaan akhir dan payment dilanjutkan manual via WhatsApp,1280,2026-07-06,INACTIVE,Source: (Makka Hotel 2026) New Season Far East 15 June 202_260630_174549.pdf | Page: makka_page-09.png | Meal: FB | Source period text: 30 JULY 2026 TO 5 SEP 2026,"Harga, pajak, dan availability final setelah admin cek manual ke hotel/OTA."
MAKKAH,STANDARD,Maysan Al Maqom Hotel,,Alharmain PDF 30 Jul - 5 Sep 2026,Triple Room,FB meal plan,2026-07-30,2026-09-05,30 Jul - 5 Sep 2026,per kamar per malam,SAR,550,2,2,1,WiFi/detail fasilitas dicek manual via WhatsApp,Ketersediaan akhir dan payment dilanjutkan manual via WhatsApp,1281,2026-07-06,INACTIVE,Source: (Makka Hotel 2026) New Season Far East 15 June 202_260630_174549.pdf | Page: makka_page-09.png | Meal: FB | Source period text: 30 JULY 2026 TO 5 SEP 2026,"Harga, pajak, dan availability final setelah admin cek manual ke hotel/OTA."
MAKKAH,STANDARD,Maysan Al Maqom Hotel,,Alharmain PDF 30 Jul - 5 Sep 2026,Quad Room,FB meal plan,2026-07-30,2026-09-05,30 Jul - 5 Sep 2026,per kamar per malam,SAR,600,2,2,1,WiFi/detail fasilitas dicek manual via WhatsApp,Ketersediaan akhir dan payment dilanjutkan manual via WhatsApp,1282,2026-07-06,INACTIVE,Source: (Makka Hotel 2026) New Season Far East 15 June 202_260630_174549.pdf | Page: makka_page-09.png | Meal: FB | Source period text: 30 JULY 2026 TO 5 SEP 2026,"Harga, pajak, dan availability final setelah admin cek manual ke hotel/OTA."
MAKKAH,STANDARD,Maysan Al Maqom Hotel,,Alharmain PDF 5 Sep - 12 Sep 2026,Double Room,FB meal plan,2026-09-05,2026-09-12,5 Sep - 12 Sep 2026,per kamar per malam,SAR,445,2,2,1,WiFi/detail fasilitas dicek manual via WhatsApp,Ketersediaan akhir dan payment dilanjutkan manual via WhatsApp,1283,2026-07-06,INACTIVE,Source: (Makka Hotel 2026) New Season Far East 15 June 202_260630_174549.pdf | Page: makka_page-09.png | Meal: FB | Source period text: 5 SEP 2026 TO 12 SEP 2026,"Harga, pajak, dan availability final setelah admin cek manual ke hotel/OTA."
MAKKAH,STANDARD,Maysan Al Maqom Hotel,,Alharmain PDF 5 Sep - 12 Sep 2026,Triple Room,FB meal plan,2026-09-05,2026-09-12,5 Sep - 12 Sep 2026,per kamar per malam,SAR,495,2,2,1,WiFi/detail fasilitas dicek manual via WhatsApp,Ketersediaan akhir dan payment dilanjutkan manual via WhatsApp,1284,2026-07-06,INACTIVE,Source: (Makka Hotel 2026) New Season Far East 15 June 202_260630_174549.pdf | Page: makka_page-09.png | Meal: FB | Source period text: 5 SEP 2026 TO 12 SEP 2026,"Harga, pajak, dan availability final setelah admin cek manual ke hotel/OTA."
MAKKAH,STANDARD,Maysan Al Maqom Hotel,,Alharmain PDF 5 Sep - 12 Sep 2026,Quad Room,FB meal plan,2026-09-05,2026-09-12,5 Sep - 12 Sep 2026,per kamar per malam,SAR,545,2,2,1,WiFi/detail fasilitas dicek manual via WhatsApp,Ketersediaan akhir dan payment dilanjutkan manual via WhatsApp,1285,2026-07-06,INACTIVE,Source: (Makka Hotel 2026) New Season Far East 15 June 202_260630_174549.pdf | Page: makka_page-09.png | Meal: FB | Source period text: 5 SEP 2026 TO 12 SEP 2026,"Harga, pajak, dan availability final setelah admin cek manual ke hotel/OTA."
MAKKAH,STANDARD,Royal Majestic Hotel,,Alharmain PDF 16 Jun - 25 Jun 2026,Double Room,FB meal plan,2026-06-16,2026-06-25,16 Jun - 25 Jun 2026,per kamar per malam,SAR,405,2,2,1,WiFi/detail fasilitas dicek manual via WhatsApp,Ketersediaan akhir dan payment dilanjutkan manual via WhatsApp,1286,2026-07-06,INACTIVE,Source: (Makka Hotel 2026) New Season Far East 15 June 202_260630_174549.pdf | Page: makka_page-10.png | Meal: FB | MINIMAL 25 PAX | Source period text: 16 JUNE 2026 TO 25 JUNE 2026,"Harga, pajak, dan availability final setelah admin cek manual ke hotel/OTA."
MAKKAH,STANDARD,Royal Majestic Hotel,,Alharmain PDF 16 Jun - 25 Jun 2026,Triple Room,FB meal plan,2026-06-16,2026-06-25,16 Jun - 25 Jun 2026,per kamar per malam,SAR,455,2,2,1,WiFi/detail fasilitas dicek manual via WhatsApp,Ketersediaan akhir dan payment dilanjutkan manual via WhatsApp,1287,2026-07-06,INACTIVE,Source: (Makka Hotel 2026) New Season Far East 15 June 202_260630_174549.pdf | Page: makka_page-10.png | Meal: FB | MINIMAL 25 PAX | Source period text: 16 JUNE 2026 TO 25 JUNE 2026,"Harga, pajak, dan availability final setelah admin cek manual ke hotel/OTA."
MAKKAH,STANDARD,Royal Majestic Hotel,,Alharmain PDF 16 Jun - 25 Jun 2026,Quad Room,FB meal plan,2026-06-16,2026-06-25,16 Jun - 25 Jun 2026,per kamar per malam,SAR,505,2,2,1,WiFi/detail fasilitas dicek manual via WhatsApp,Ketersediaan akhir dan payment dilanjutkan manual via WhatsApp,1288,2026-07-06,INACTIVE,Source: (Makka Hotel 2026) New Season Far East 15 June 202_260630_174549.pdf | Page: makka_page-10.png | Meal: FB | MINIMAL 25 PAX | Source period text: 16 JUNE 2026 TO 25 JUNE 2026,"Harga, pajak, dan availability final setelah admin cek manual ke hotel/OTA."
MAKKAH,STANDARD,Royal Majestic Hotel,,Alharmain PDF 25 Jun - 9 Jul 2026,Double Room,FB meal plan,2026-06-25,2026-07-09,25 Jun - 9 Jul 2026,per kamar per malam,SAR,475,2,2,1,WiFi/detail fasilitas dicek manual via WhatsApp,Ketersediaan akhir dan payment dilanjutkan manual via WhatsApp,1289,2026-07-06,INACTIVE,Source: (Makka Hotel 2026) New Season Far East 15 June 202_260630_174549.pdf | Page: makka_page-10.png | Meal: FB | MINIMAL 25 PAX | Source period text: 25 JUNE 2026 TO 9 JULY 2026,"Harga, pajak, dan availability final setelah admin cek manual ke hotel/OTA."
MAKKAH,STANDARD,Royal Majestic Hotel,,Alharmain PDF 25 Jun - 9 Jul 2026,Triple Room,FB meal plan,2026-06-25,2026-07-09,25 Jun - 9 Jul 2026,per kamar per malam,SAR,525,2,2,1,WiFi/detail fasilitas dicek manual via WhatsApp,Ketersediaan akhir dan payment dilanjutkan manual via WhatsApp,1290,2026-07-06,INACTIVE,Source: (Makka Hotel 2026) New Season Far East 15 June 202_260630_174549.pdf | Page: makka_page-10.png | Meal: FB | MINIMAL 25 PAX | Source period text: 25 JUNE 2026 TO 9 JULY 2026,"Harga, pajak, dan availability final setelah admin cek manual ke hotel/OTA."
MAKKAH,STANDARD,Royal Majestic Hotel,,Alharmain PDF 25 Jun - 9 Jul 2026,Quad Room,FB meal plan,2026-06-25,2026-07-09,25 Jun - 9 Jul 2026,per kamar per malam,SAR,575,2,2,1,WiFi/detail fasilitas dicek manual via WhatsApp,Ketersediaan akhir dan payment dilanjutkan manual via WhatsApp,1291,2026-07-06,INACTIVE,Source: (Makka Hotel 2026) New Season Far East 15 June 202_260630_174549.pdf | Page: makka_page-10.png | Meal: FB | MINIMAL 25 PAX | Source period text: 25 JUNE 2026 TO 9 JULY 2026,"Harga, pajak, dan availability final setelah admin cek manual ke hotel/OTA."
MAKKAH,STANDARD,Royal Majestic Hotel,,Alharmain PDF 9 Jul - 16 Jul 2026,Double Room,FB meal plan,2026-07-09,2026-07-16,9 Jul - 16 Jul 2026,per kamar per malam,SAR,500,2,2,1,WiFi/detail fasilitas dicek manual via WhatsApp,Ketersediaan akhir dan payment dilanjutkan manual via WhatsApp,1292,2026-07-06,INACTIVE,Source: (Makka Hotel 2026) New Season Far East 15 June 202_260630_174549.pdf | Page: makka_page-10.png | Meal: FB | MINIMAL 25 PAX | Source period text: 9 JULY 2026 TO 16 JULY 2026,"Harga, pajak, dan availability final setelah admin cek manual ke hotel/OTA."
MAKKAH,STANDARD,Royal Majestic Hotel,,Alharmain PDF 9 Jul - 16 Jul 2026,Triple Room,FB meal plan,2026-07-09,2026-07-16,9 Jul - 16 Jul 2026,per kamar per malam,SAR,550,2,2,1,WiFi/detail fasilitas dicek manual via WhatsApp,Ketersediaan akhir dan payment dilanjutkan manual via WhatsApp,1293,2026-07-06,INACTIVE,Source: (Makka Hotel 2026) New Season Far East 15 June 202_260630_174549.pdf | Page: makka_page-10.png | Meal: FB | MINIMAL 25 PAX | Source period text: 9 JULY 2026 TO 16 JULY 2026,"Harga, pajak, dan availability final setelah admin cek manual ke hotel/OTA."
MAKKAH,STANDARD,Royal Majestic Hotel,,Alharmain PDF 9 Jul - 16 Jul 2026,Quad Room,FB meal plan,2026-07-09,2026-07-16,9 Jul - 16 Jul 2026,per kamar per malam,SAR,600,2,2,1,WiFi/detail fasilitas dicek manual via WhatsApp,Ketersediaan akhir dan payment dilanjutkan manual via WhatsApp,1294,2026-07-06,INACTIVE,Source: (Makka Hotel 2026) New Season Far East 15 June 202_260630_174549.pdf | Page: makka_page-10.png | Meal: FB | MINIMAL 25 PAX | Source period text: 9 JULY 2026 TO 16 JULY 2026,"Harga, pajak, dan availability final setelah admin cek manual ke hotel/OTA."
MAKKAH,STANDARD,Royal Majestic Hotel,,Alharmain PDF 16 Jul - 30 Jul 2026,Double Room,FB meal plan,2026-07-16,2026-07-30,16 Jul - 30 Jul 2026,per kamar per malam,SAR,530,2,2,1,WiFi/detail fasilitas dicek manual via WhatsApp,Ketersediaan akhir dan payment dilanjutkan manual via WhatsApp,1295,2026-07-06,INACTIVE,Source: (Makka Hotel 2026) New Season Far East 15 June 202_260630_174549.pdf | Page: makka_page-10.png | Meal: FB | MINIMAL 25 PAX | Source period text: 16 JULY 2026 TO 30 JULY 2026,"Harga, pajak, dan availability final setelah admin cek manual ke hotel/OTA."
MAKKAH,STANDARD,Royal Majestic Hotel,,Alharmain PDF 16 Jul - 30 Jul 2026,Triple Room,FB meal plan,2026-07-16,2026-07-30,16 Jul - 30 Jul 2026,per kamar per malam,SAR,580,2,2,1,WiFi/detail fasilitas dicek manual via WhatsApp,Ketersediaan akhir dan payment dilanjutkan manual via WhatsApp,1296,2026-07-06,INACTIVE,Source: (Makka Hotel 2026) New Season Far East 15 June 202_260630_174549.pdf | Page: makka_page-10.png | Meal: FB | MINIMAL 25 PAX | Source period text: 16 JULY 2026 TO 30 JULY 2026,"Harga, pajak, dan availability final setelah admin cek manual ke hotel/OTA."
MAKKAH,STANDARD,Royal Majestic Hotel,,Alharmain PDF 16 Jul - 30 Jul 2026,Quad Room,FB meal plan,2026-07-16,2026-07-30,16 Jul - 30 Jul 2026,per kamar per malam,SAR,630,2,2,1,WiFi/detail fasilitas dicek manual via WhatsApp,Ketersediaan akhir dan payment dilanjutkan manual via WhatsApp,1297,2026-07-06,INACTIVE,Source: (Makka Hotel 2026) New Season Far East 15 June 202_260630_174549.pdf | Page: makka_page-10.png | Meal: FB | MINIMAL 25 PAX | Source period text: 16 JULY 2026 TO 30 JULY 2026,"Harga, pajak, dan availability final setelah admin cek manual ke hotel/OTA."
MAKKAH,STANDARD,Royal Majestic Hotel,,Alharmain PDF 30 Jul - 5 Sep 2026,Double Room,FB meal plan,2026-07-30,2026-09-05,30 Jul - 5 Sep 2026,per kamar per malam,SAR,560,2,2,1,WiFi/detail fasilitas dicek manual via WhatsApp,Ketersediaan akhir dan payment dilanjutkan manual via WhatsApp,1298,2026-07-06,INACTIVE,Source: (Makka Hotel 2026) New Season Far East 15 June 202_260630_174549.pdf | Page: makka_page-10.png | Meal: FB | MINIMAL 25 PAX | Source period text: 30 JULY 2026 TO 5 SEP 2026,"Harga, pajak, dan availability final setelah admin cek manual ke hotel/OTA."
MAKKAH,STANDARD,Royal Majestic Hotel,,Alharmain PDF 30 Jul - 5 Sep 2026,Triple Room,FB meal plan,2026-07-30,2026-09-05,30 Jul - 5 Sep 2026,per kamar per malam,SAR,610,2,2,1,WiFi/detail fasilitas dicek manual via WhatsApp,Ketersediaan akhir dan payment dilanjutkan manual via WhatsApp,1299,2026-07-06,INACTIVE,Source: (Makka Hotel 2026) New Season Far East 15 June 202_260630_174549.pdf | Page: makka_page-10.png | Meal: FB | MINIMAL 25 PAX | Source period text: 30 JULY 2026 TO 5 SEP 2026,"Harga, pajak, dan availability final setelah admin cek manual ke hotel/OTA."
MAKKAH,STANDARD,Royal Majestic Hotel,,Alharmain PDF 30 Jul - 5 Sep 2026,Quad Room,FB meal plan,2026-07-30,2026-09-05,30 Jul - 5 Sep 2026,per kamar per malam,SAR,660,2,2,1,WiFi/detail fasilitas dicek manual via WhatsApp,Ketersediaan akhir dan payment dilanjutkan manual via WhatsApp,1300,2026-07-06,INACTIVE,Source: (Makka Hotel 2026) New Season Far East 15 June 202_260630_174549.pdf | Page: makka_page-10.png | Meal: FB | MINIMAL 25 PAX | Source period text: 30 JULY 2026 TO 5 SEP 2026,"Harga, pajak, dan availability final setelah admin cek manual ke hotel/OTA."
MAKKAH,STANDARD,Royal Majestic Hotel,,Alharmain PDF 5 Sep - 12 Sep 2026,Double Room,FB meal plan,2026-09-05,2026-09-12,5 Sep - 12 Sep 2026,per kamar per malam,SAR,460,2,2,1,WiFi/detail fasilitas dicek manual via WhatsApp,Ketersediaan akhir dan payment dilanjutkan manual via WhatsApp,1301,2026-07-06,INACTIVE,Source: (Makka Hotel 2026) New Season Far East 15 June 202_260630_174549.pdf | Page: makka_page-10.png | Meal: FB | MINIMAL 25 PAX | Source period text: 5 SEP 2026 TO 12 SEP 2026,"Harga, pajak, dan availability final setelah admin cek manual ke hotel/OTA."
MAKKAH,STANDARD,Royal Majestic Hotel,,Alharmain PDF 5 Sep - 12 Sep 2026,Triple Room,FB meal plan,2026-09-05,2026-09-12,5 Sep - 12 Sep 2026,per kamar per malam,SAR,510,2,2,1,WiFi/detail fasilitas dicek manual via WhatsApp,Ketersediaan akhir dan payment dilanjutkan manual via WhatsApp,1302,2026-07-06,INACTIVE,Source: (Makka Hotel 2026) New Season Far East 15 June 202_260630_174549.pdf | Page: makka_page-10.png | Meal: FB | MINIMAL 25 PAX | Source period text: 5 SEP 2026 TO 12 SEP 2026,"Harga, pajak, dan availability final setelah admin cek manual ke hotel/OTA."
MAKKAH,STANDARD,Royal Majestic Hotel,,Alharmain PDF 5 Sep - 12 Sep 2026,Quad Room,FB meal plan,2026-09-05,2026-09-12,5 Sep - 12 Sep 2026,per kamar per malam,SAR,560,2,2,1,WiFi/detail fasilitas dicek manual via WhatsApp,Ketersediaan akhir dan payment dilanjutkan manual via WhatsApp,1303,2026-07-06,INACTIVE,Source: (Makka Hotel 2026) New Season Far East 15 June 202_260630_174549.pdf | Page: makka_page-10.png | Meal: FB | MINIMAL 25 PAX | Source period text: 5 SEP 2026 TO 12 SEP 2026,"Harga, pajak, dan availability final setelah admin cek manual ke hotel/OTA."
MAKKAH,STANDARD,Al Shohada Hotel,,Alharmain PDF 16 Jun - 14 Jul 2026,Double Room,FB meal plan,2026-06-16,2026-07-14,16 Jun - 14 Jul 2026,per kamar per malam,SAR,530,2,2,1,WiFi/detail fasilitas dicek manual via WhatsApp,Ketersediaan akhir dan payment dilanjutkan manual via WhatsApp,1304,2026-07-06,INACTIVE,Source: (Makka Hotel 2026) New Season Far East 15 June 202_260630_174549.pdf | Page: makka_page-10.png | Meal: FB | Source period text: 16 JUNE 2026 TO 14 JULY 2026,"Harga, pajak, dan availability final setelah admin cek manual ke hotel/OTA."
MAKKAH,STANDARD,Al Shohada Hotel,,Alharmain PDF 16 Jun - 14 Jul 2026,Triple Room,FB meal plan,2026-06-16,2026-07-14,16 Jun - 14 Jul 2026,per kamar per malam,SAR,620,2,2,1,WiFi/detail fasilitas dicek manual via WhatsApp,Ketersediaan akhir dan payment dilanjutkan manual via WhatsApp,1305,2026-07-06,INACTIVE,Source: (Makka Hotel 2026) New Season Far East 15 June 202_260630_174549.pdf | Page: makka_page-10.png | Meal: FB | Source period text: 16 JUNE 2026 TO 14 JULY 2026,"Harga, pajak, dan availability final setelah admin cek manual ke hotel/OTA."
MAKKAH,STANDARD,Al Shohada Hotel,,Alharmain PDF 16 Jun - 14 Jul 2026,Quad Room,FB meal plan,2026-06-16,2026-07-14,16 Jun - 14 Jul 2026,per kamar per malam,SAR,710,2,2,1,WiFi/detail fasilitas dicek manual via WhatsApp,Ketersediaan akhir dan payment dilanjutkan manual via WhatsApp,1306,2026-07-06,INACTIVE,Source: (Makka Hotel 2026) New Season Far East 15 June 202_260630_174549.pdf | Page: makka_page-10.png | Meal: FB | Source period text: 16 JUNE 2026 TO 14 JULY 2026,"Harga, pajak, dan availability final setelah admin cek manual ke hotel/OTA."
MAKKAH,STANDARD,Al Shohada Hotel,,Alharmain PDF 14 Jul - 11 Sep 2026,Double Room,FB meal plan,2026-07-14,2026-09-11,14 Jul - 11 Sep 2026,per kamar per malam,SAR,565,2,2,1,WiFi/detail fasilitas dicek manual via WhatsApp,Ketersediaan akhir dan payment dilanjutkan manual via WhatsApp,1307,2026-07-06,INACTIVE,Source: (Makka Hotel 2026) New Season Far East 15 June 202_260630_174549.pdf | Page: makka_page-10.png | Meal: FB | Source period text: 14 JULY 2026 TO 11 SEP 2026,"Harga, pajak, dan availability final setelah admin cek manual ke hotel/OTA."
MAKKAH,STANDARD,Al Shohada Hotel,,Alharmain PDF 14 Jul - 11 Sep 2026,Triple Room,FB meal plan,2026-07-14,2026-09-11,14 Jul - 11 Sep 2026,per kamar per malam,SAR,655,2,2,1,WiFi/detail fasilitas dicek manual via WhatsApp,Ketersediaan akhir dan payment dilanjutkan manual via WhatsApp,1308,2026-07-06,INACTIVE,Source: (Makka Hotel 2026) New Season Far East 15 June 202_260630_174549.pdf | Page: makka_page-10.png | Meal: FB | Source period text: 14 JULY 2026 TO 11 SEP 2026,"Harga, pajak, dan availability final setelah admin cek manual ke hotel/OTA."
MAKKAH,STANDARD,Al Shohada Hotel,,Alharmain PDF 14 Jul - 11 Sep 2026,Quad Room,FB meal plan,2026-07-14,2026-09-11,14 Jul - 11 Sep 2026,per kamar per malam,SAR,745,2,2,1,WiFi/detail fasilitas dicek manual via WhatsApp,Ketersediaan akhir dan payment dilanjutkan manual via WhatsApp,1309,2026-07-06,INACTIVE,Source: (Makka Hotel 2026) New Season Far East 15 June 202_260630_174549.pdf | Page: makka_page-10.png | Meal: FB | Source period text: 14 JULY 2026 TO 11 SEP 2026,"Harga, pajak, dan availability final setelah admin cek manual ke hotel/OTA."
MAKKAH,STANDARD,Al Shohada Hotel,,Alharmain PDF 11 Sep - 10 Nov 2026,Double Room,FB meal plan,2026-09-11,2026-11-10,11 Sep - 10 Nov 2026,per kamar per malam,SAR,690,2,2,1,WiFi/detail fasilitas dicek manual via WhatsApp,Ketersediaan akhir dan payment dilanjutkan manual via WhatsApp,1310,2026-07-06,INACTIVE,Source: (Makka Hotel 2026) New Season Far East 15 June 202_260630_174549.pdf | Page: makka_page-10.png | Meal: FB | Source period text: 11 SEP 2026 TO 10 NOV 2026,"Harga, pajak, dan availability final setelah admin cek manual ke hotel/OTA."
MAKKAH,STANDARD,Al Shohada Hotel,,Alharmain PDF 11 Sep - 10 Nov 2026,Triple Room,FB meal plan,2026-09-11,2026-11-10,11 Sep - 10 Nov 2026,per kamar per malam,SAR,780,2,2,1,WiFi/detail fasilitas dicek manual via WhatsApp,Ketersediaan akhir dan payment dilanjutkan manual via WhatsApp,1311,2026-07-06,INACTIVE,Source: (Makka Hotel 2026) New Season Far East 15 June 202_260630_174549.pdf | Page: makka_page-10.png | Meal: FB | Source period text: 11 SEP 2026 TO 10 NOV 2026,"Harga, pajak, dan availability final setelah admin cek manual ke hotel/OTA."
MAKKAH,STANDARD,Al Shohada Hotel,,Alharmain PDF 11 Sep - 10 Nov 2026,Quad Room,FB meal plan,2026-09-11,2026-11-10,11 Sep - 10 Nov 2026,per kamar per malam,SAR,870,2,2,1,WiFi/detail fasilitas dicek manual via WhatsApp,Ketersediaan akhir dan payment dilanjutkan manual via WhatsApp,1312,2026-07-06,INACTIVE,Source: (Makka Hotel 2026) New Season Far East 15 June 202_260630_174549.pdf | Page: makka_page-10.png | Meal: FB | Source period text: 11 SEP 2026 TO 10 NOV 2026,"Harga, pajak, dan availability final setelah admin cek manual ke hotel/OTA."
MAKKAH,STANDARD,Al Shohada Hotel,,Alharmain PDF 10 Nov - 9 Dec 2026,Double Room,FB meal plan,2026-11-10,2026-12-09,10 Nov - 9 Dec 2026,per kamar per malam,SAR,740,2,2,1,WiFi/detail fasilitas dicek manual via WhatsApp,Ketersediaan akhir dan payment dilanjutkan manual via WhatsApp,1313,2026-07-06,INACTIVE,Source: (Makka Hotel 2026) New Season Far East 15 June 202_260630_174549.pdf | Page: makka_page-10.png | Meal: FB | Source period text: 10 NOV 2026 TO 9 DEC 2026,"Harga, pajak, dan availability final setelah admin cek manual ke hotel/OTA."
MAKKAH,STANDARD,Al Shohada Hotel,,Alharmain PDF 10 Nov - 9 Dec 2026,Triple Room,FB meal plan,2026-11-10,2026-12-09,10 Nov - 9 Dec 2026,per kamar per malam,SAR,830,2,2,1,WiFi/detail fasilitas dicek manual via WhatsApp,Ketersediaan akhir dan payment dilanjutkan manual via WhatsApp,1314,2026-07-06,INACTIVE,Source: (Makka Hotel 2026) New Season Far East 15 June 202_260630_174549.pdf | Page: makka_page-10.png | Meal: FB | Source period text: 10 NOV 2026 TO 9 DEC 2026,"Harga, pajak, dan availability final setelah admin cek manual ke hotel/OTA."
MAKKAH,STANDARD,Al Shohada Hotel,,Alharmain PDF 10 Nov - 9 Dec 2026,Quad Room,FB meal plan,2026-11-10,2026-12-09,10 Nov - 9 Dec 2026,per kamar per malam,SAR,920,2,2,1,WiFi/detail fasilitas dicek manual via WhatsApp,Ketersediaan akhir dan payment dilanjutkan manual via WhatsApp,1315,2026-07-06,INACTIVE,Source: (Makka Hotel 2026) New Season Far East 15 June 202_260630_174549.pdf | Page: makka_page-10.png | Meal: FB | Source period text: 10 NOV 2026 TO 9 DEC 2026,"Harga, pajak, dan availability final setelah admin cek manual ke hotel/OTA."
MAKKAH,STANDARD,Al Shohada Hotel,,Alharmain PDF 9 Dec 2026 - 20 Jan 2027,Double Room,FB meal plan,2026-12-09,2027-01-20,9 Dec 2026 - 20 Jan 2027,per kamar per malam,SAR,1290,2,2,1,WiFi/detail fasilitas dicek manual via WhatsApp,Ketersediaan akhir dan payment dilanjutkan manual via WhatsApp,1316,2026-07-06,INACTIVE,Source: (Makka Hotel 2026) New Season Far East 15 June 202_260630_174549.pdf | Page: makka_page-10.png | Meal: FB | Source period text: 9 DEC 2026 TO 20 JAN 2027,"Harga, pajak, dan availability final setelah admin cek manual ke hotel/OTA."
MAKKAH,STANDARD,Al Shohada Hotel,,Alharmain PDF 9 Dec 2026 - 20 Jan 2027,Triple Room,FB meal plan,2026-12-09,2027-01-20,9 Dec 2026 - 20 Jan 2027,per kamar per malam,SAR,1380,2,2,1,WiFi/detail fasilitas dicek manual via WhatsApp,Ketersediaan akhir dan payment dilanjutkan manual via WhatsApp,1317,2026-07-06,INACTIVE,Source: (Makka Hotel 2026) New Season Far East 15 June 202_260630_174549.pdf | Page: makka_page-10.png | Meal: FB | Source period text: 9 DEC 2026 TO 20 JAN 2027,"Harga, pajak, dan availability final setelah admin cek manual ke hotel/OTA."
MAKKAH,STANDARD,Al Shohada Hotel,,Alharmain PDF 9 Dec 2026 - 20 Jan 2027,Quad Room,FB meal plan,2026-12-09,2027-01-20,9 Dec 2026 - 20 Jan 2027,per kamar per malam,SAR,1470,2,2,1,WiFi/detail fasilitas dicek manual via WhatsApp,Ketersediaan akhir dan payment dilanjutkan manual via WhatsApp,1318,2026-07-06,INACTIVE,Source: (Makka Hotel 2026) New Season Far East 15 June 202_260630_174549.pdf | Page: makka_page-10.png | Meal: FB | Source period text: 9 DEC 2026 TO 20 JAN 2027,"Harga, pajak, dan availability final setelah admin cek manual ke hotel/OTA."
MAKKAH,STANDARD,Al Shohada Hotel,,Alharmain PDF 20 Jan - 7 Feb 2027,Double Room,FB meal plan,2027-01-20,2027-02-07,20 Jan - 7 Feb 2027,per kamar per malam,SAR,740,2,2,1,WiFi/detail fasilitas dicek manual via WhatsApp,Ketersediaan akhir dan payment dilanjutkan manual via WhatsApp,1319,2026-07-06,INACTIVE,Source: (Makka Hotel 2026) New Season Far East 15 June 202_260630_174549.pdf | Page: makka_page-10.png | Meal: FB | Source period text: 20 JAN 2027 TO 7 FEB 2027,"Harga, pajak, dan availability final setelah admin cek manual ke hotel/OTA."
MAKKAH,STANDARD,Al Shohada Hotel,,Alharmain PDF 20 Jan - 7 Feb 2027,Triple Room,FB meal plan,2027-01-20,2027-02-07,20 Jan - 7 Feb 2027,per kamar per malam,SAR,830,2,2,1,WiFi/detail fasilitas dicek manual via WhatsApp,Ketersediaan akhir dan payment dilanjutkan manual via WhatsApp,1320,2026-07-06,INACTIVE,Source: (Makka Hotel 2026) New Season Far East 15 June 202_260630_174549.pdf | Page: makka_page-10.png | Meal: FB | Source period text: 20 JAN 2027 TO 7 FEB 2027,"Harga, pajak, dan availability final setelah admin cek manual ke hotel/OTA."
MAKKAH,STANDARD,Al Shohada Hotel,,Alharmain PDF 20 Jan - 7 Feb 2027,Quad Room,FB meal plan,2027-01-20,2027-02-07,20 Jan - 7 Feb 2027,per kamar per malam,SAR,920,2,2,1,WiFi/detail fasilitas dicek manual via WhatsApp,Ketersediaan akhir dan payment dilanjutkan manual via WhatsApp,1321,2026-07-06,INACTIVE,Source: (Makka Hotel 2026) New Season Far East 15 June 202_260630_174549.pdf | Page: makka_page-10.png | Meal: FB | Source period text: 20 JAN 2027 TO 7 FEB 2027,"Harga, pajak, dan availability final setelah admin cek manual ke hotel/OTA."
MAKKAH,STANDARD,Elaf Al Khair Hotel,,Alharmain PDF 15 Jun - 1 Jul 2026,Double Room,FB meal plan,2026-06-15,2026-07-01,15 Jun - 1 Jul 2026,per kamar per malam,SAR,450,2,2,1,WiFi/detail fasilitas dicek manual via WhatsApp,Ketersediaan akhir dan payment dilanjutkan manual via WhatsApp,1322,2026-07-06,INACTIVE,Source: (Makka Hotel 2026) New Season Far East 15 June 202_260630_174549.pdf | Page: makka_page-11.png | Meal: FB | Source period text: 15 JUNE 2026 TO 1 JULY 2026,"Harga, pajak, dan availability final setelah admin cek manual ke hotel/OTA."
MAKKAH,STANDARD,Elaf Al Khair Hotel,,Alharmain PDF 15 Jun - 1 Jul 2026,Triple Room,FB meal plan,2026-06-15,2026-07-01,15 Jun - 1 Jul 2026,per kamar per malam,SAR,500,2,2,1,WiFi/detail fasilitas dicek manual via WhatsApp,Ketersediaan akhir dan payment dilanjutkan manual via WhatsApp,1323,2026-07-06,INACTIVE,Source: (Makka Hotel 2026) New Season Far East 15 June 202_260630_174549.pdf | Page: makka_page-11.png | Meal: FB | Source period text: 15 JUNE 2026 TO 1 JULY 2026,"Harga, pajak, dan availability final setelah admin cek manual ke hotel/OTA."
MAKKAH,STANDARD,Elaf Al Khair Hotel,,Alharmain PDF 15 Jun - 1 Jul 2026,Quad Room,FB meal plan,2026-06-15,2026-07-01,15 Jun - 1 Jul 2026,per kamar per malam,SAR,550,2,2,1,WiFi/detail fasilitas dicek manual via WhatsApp,Ketersediaan akhir dan payment dilanjutkan manual via WhatsApp,1324,2026-07-06,INACTIVE,Source: (Makka Hotel 2026) New Season Far East 15 June 202_260630_174549.pdf | Page: makka_page-11.png | Meal: FB | Source period text: 15 JUNE 2026 TO 1 JULY 2026,"Harga, pajak, dan availability final setelah admin cek manual ke hotel/OTA."
MAKKAH,STANDARD,Elaf Al Khair Hotel,,Alharmain PDF 1 Jul - 1 Aug 2026,Double Room,FB meal plan,2026-07-01,2026-08-01,1 Jul - 1 Aug 2026,per kamar per malam,SAR,510,2,2,1,WiFi/detail fasilitas dicek manual via WhatsApp,Ketersediaan akhir dan payment dilanjutkan manual via WhatsApp,1325,2026-07-06,INACTIVE,Source: (Makka Hotel 2026) New Season Far East 15 June 202_260630_174549.pdf | Page: makka_page-11.png | Meal: FB | Source period text: 1 JULY 2026 TO 1 AUGUST 2026,"Harga, pajak, dan availability final setelah admin cek manual ke hotel/OTA."
MAKKAH,STANDARD,Elaf Al Khair Hotel,,Alharmain PDF 1 Jul - 1 Aug 2026,Triple Room,FB meal plan,2026-07-01,2026-08-01,1 Jul - 1 Aug 2026,per kamar per malam,SAR,550,2,2,1,WiFi/detail fasilitas dicek manual via WhatsApp,Ketersediaan akhir dan payment dilanjutkan manual via WhatsApp,1326,2026-07-06,INACTIVE,Source: (Makka Hotel 2026) New Season Far East 15 June 202_260630_174549.pdf | Page: makka_page-11.png | Meal: FB | Source period text: 1 JULY 2026 TO 1 AUGUST 2026,"Harga, pajak, dan availability final setelah admin cek manual ke hotel/OTA."
MAKKAH,STANDARD,Elaf Al Khair Hotel,,Alharmain PDF 1 Jul - 1 Aug 2026,Quad Room,FB meal plan,2026-07-01,2026-08-01,1 Jul - 1 Aug 2026,per kamar per malam,SAR,600,2,2,1,WiFi/detail fasilitas dicek manual via WhatsApp,Ketersediaan akhir dan payment dilanjutkan manual via WhatsApp,1327,2026-07-06,INACTIVE,Source: (Makka Hotel 2026) New Season Far East 15 June 202_260630_174549.pdf | Page: makka_page-11.png | Meal: FB | Source period text: 1 JULY 2026 TO 1 AUGUST 2026,"Harga, pajak, dan availability final setelah admin cek manual ke hotel/OTA."
MAKKAH,STANDARD,Elaf Al Khair Hotel,,Alharmain PDF Aug-Sep 2026,Double Room,FB meal plan,2026-08-01,2026-09-30,Aug-Sep 2026,per kamar per malam,SAR,525,2,2,1,WiFi/detail fasilitas dicek manual via WhatsApp,Ketersediaan akhir dan payment dilanjutkan manual via WhatsApp,1328,2026-07-06,INACTIVE,Source: (Makka Hotel 2026) New Season Far East 15 June 202_260630_174549.pdf | Page: makka_page-11.png | Meal: FB | Source period text: 1 AUGUST 2026 TO 30 SEP 2026,"Harga, pajak, dan availability final setelah admin cek manual ke hotel/OTA."
MAKKAH,STANDARD,Elaf Al Khair Hotel,,Alharmain PDF Aug-Sep 2026,Triple Room,FB meal plan,2026-08-01,2026-09-30,Aug-Sep 2026,per kamar per malam,SAR,575,2,2,1,WiFi/detail fasilitas dicek manual via WhatsApp,Ketersediaan akhir dan payment dilanjutkan manual via WhatsApp,1329,2026-07-06,INACTIVE,Source: (Makka Hotel 2026) New Season Far East 15 June 202_260630_174549.pdf | Page: makka_page-11.png | Meal: FB | Source period text: 1 AUGUST 2026 TO 30 SEP 2026,"Harga, pajak, dan availability final setelah admin cek manual ke hotel/OTA."
MAKKAH,STANDARD,Elaf Al Khair Hotel,,Alharmain PDF Aug-Sep 2026,Quad Room,FB meal plan,2026-08-01,2026-09-30,Aug-Sep 2026,per kamar per malam,SAR,625,2,2,1,WiFi/detail fasilitas dicek manual via WhatsApp,Ketersediaan akhir dan payment dilanjutkan manual via WhatsApp,1330,2026-07-06,INACTIVE,Source: (Makka Hotel 2026) New Season Far East 15 June 202_260630_174549.pdf | Page: makka_page-11.png | Meal: FB | Source period text: 1 AUGUST 2026 TO 30 SEP 2026,"Harga, pajak, dan availability final setelah admin cek manual ke hotel/OTA."
MAKKAH,STANDARD,Marsa Al Jariah Hotel,,Alharmain PDF 15 Jun - 1 Jul 2026,Double Room,FB meal plan,2026-06-15,2026-07-01,15 Jun - 1 Jul 2026,per kamar per malam,SAR,450,2,2,1,WiFi/detail fasilitas dicek manual via WhatsApp,Ketersediaan akhir dan payment dilanjutkan manual via WhatsApp,1331,2026-07-06,INACTIVE,Source: (Makka Hotel 2026) New Season Far East 15 June 202_260630_174549.pdf | Page: makka_page-11.png | Meal: FB | Source period text: 15 JUNE 2026 TO 1 JULY 2026,"Harga, pajak, dan availability final setelah admin cek manual ke hotel/OTA."
MAKKAH,STANDARD,Marsa Al Jariah Hotel,,Alharmain PDF 15 Jun - 1 Jul 2026,Triple Room,FB meal plan,2026-06-15,2026-07-01,15 Jun - 1 Jul 2026,per kamar per malam,SAR,500,2,2,1,WiFi/detail fasilitas dicek manual via WhatsApp,Ketersediaan akhir dan payment dilanjutkan manual via WhatsApp,1332,2026-07-06,INACTIVE,Source: (Makka Hotel 2026) New Season Far East 15 June 202_260630_174549.pdf | Page: makka_page-11.png | Meal: FB | Source period text: 15 JUNE 2026 TO 1 JULY 2026,"Harga, pajak, dan availability final setelah admin cek manual ke hotel/OTA."
MAKKAH,STANDARD,Marsa Al Jariah Hotel,,Alharmain PDF 15 Jun - 1 Jul 2026,Quad Room,FB meal plan,2026-06-15,2026-07-01,15 Jun - 1 Jul 2026,per kamar per malam,SAR,550,2,2,1,WiFi/detail fasilitas dicek manual via WhatsApp,Ketersediaan akhir dan payment dilanjutkan manual via WhatsApp,1333,2026-07-06,INACTIVE,Source: (Makka Hotel 2026) New Season Far East 15 June 202_260630_174549.pdf | Page: makka_page-11.png | Meal: FB | Source period text: 15 JUNE 2026 TO 1 JULY 2026,"Harga, pajak, dan availability final setelah admin cek manual ke hotel/OTA."
MAKKAH,STANDARD,Marsa Al Jariah Hotel,,Alharmain PDF 1 Jul - 1 Aug 2026,Double Room,FB meal plan,2026-07-01,2026-08-01,1 Jul - 1 Aug 2026,per kamar per malam,SAR,500,2,2,1,WiFi/detail fasilitas dicek manual via WhatsApp,Ketersediaan akhir dan payment dilanjutkan manual via WhatsApp,1334,2026-07-06,INACTIVE,Source: (Makka Hotel 2026) New Season Far East 15 June 202_260630_174549.pdf | Page: makka_page-11.png | Meal: FB | Source period text: 1 JULY 2026 TO 1 AUGUST 2026,"Harga, pajak, dan availability final setelah admin cek manual ke hotel/OTA."
MAKKAH,STANDARD,Marsa Al Jariah Hotel,,Alharmain PDF 1 Jul - 1 Aug 2026,Triple Room,FB meal plan,2026-07-01,2026-08-01,1 Jul - 1 Aug 2026,per kamar per malam,SAR,550,2,2,1,WiFi/detail fasilitas dicek manual via WhatsApp,Ketersediaan akhir dan payment dilanjutkan manual via WhatsApp,1335,2026-07-06,INACTIVE,Source: (Makka Hotel 2026) New Season Far East 15 June 202_260630_174549.pdf | Page: makka_page-11.png | Meal: FB | Source period text: 1 JULY 2026 TO 1 AUGUST 2026,"Harga, pajak, dan availability final setelah admin cek manual ke hotel/OTA."
MAKKAH,STANDARD,Marsa Al Jariah Hotel,,Alharmain PDF 1 Jul - 1 Aug 2026,Quad Room,FB meal plan,2026-07-01,2026-08-01,1 Jul - 1 Aug 2026,per kamar per malam,SAR,600,2,2,1,WiFi/detail fasilitas dicek manual via WhatsApp,Ketersediaan akhir dan payment dilanjutkan manual via WhatsApp,1336,2026-07-06,INACTIVE,Source: (Makka Hotel 2026) New Season Far East 15 June 202_260630_174549.pdf | Page: makka_page-11.png | Meal: FB | Source period text: 1 JULY 2026 TO 1 AUGUST 2026,"Harga, pajak, dan availability final setelah admin cek manual ke hotel/OTA."
MAKKAH,STANDARD,Marsa Al Jariah Hotel,,Alharmain PDF Aug-Sep 2026,Double Room,FB meal plan,2026-08-01,2026-09-30,Aug-Sep 2026,per kamar per malam,SAR,530,2,2,1,WiFi/detail fasilitas dicek manual via WhatsApp,Ketersediaan akhir dan payment dilanjutkan manual via WhatsApp,1337,2026-07-06,INACTIVE,Source: (Makka Hotel 2026) New Season Far East 15 June 202_260630_174549.pdf | Page: makka_page-11.png | Meal: FB | Source period text: 1 AUGUST 2026 TO 30 SEP 2026,"Harga, pajak, dan availability final setelah admin cek manual ke hotel/OTA."
MAKKAH,STANDARD,Marsa Al Jariah Hotel,,Alharmain PDF Aug-Sep 2026,Triple Room,FB meal plan,2026-08-01,2026-09-30,Aug-Sep 2026,per kamar per malam,SAR,580,2,2,1,WiFi/detail fasilitas dicek manual via WhatsApp,Ketersediaan akhir dan payment dilanjutkan manual via WhatsApp,1338,2026-07-06,INACTIVE,Source: (Makka Hotel 2026) New Season Far East 15 June 202_260630_174549.pdf | Page: makka_page-11.png | Meal: FB | Source period text: 1 AUGUST 2026 TO 30 SEP 2026,"Harga, pajak, dan availability final setelah admin cek manual ke hotel/OTA."
MAKKAH,STANDARD,Marsa Al Jariah Hotel,,Alharmain PDF Aug-Sep 2026,Quad Room,FB meal plan,2026-08-01,2026-09-30,Aug-Sep 2026,per kamar per malam,SAR,630,2,2,1,WiFi/detail fasilitas dicek manual via WhatsApp,Ketersediaan akhir dan payment dilanjutkan manual via WhatsApp,1339,2026-07-06,INACTIVE,Source: (Makka Hotel 2026) New Season Far East 15 June 202_260630_174549.pdf | Page: makka_page-11.png | Meal: FB | Source period text: 1 AUGUST 2026 TO 30 SEP 2026,"Harga, pajak, dan availability final setelah admin cek manual ke hotel/OTA."
MAKKAH,STANDARD,Snood Ajyad Hotel,,Alharmain PDF 30 Jun - 11 Sep 2026,Double Room,FB meal plan,2026-06-30,2026-09-11,30 Jun - 11 Sep 2026,per kamar per malam,SAR,480,2,2,1,WiFi/detail fasilitas dicek manual via WhatsApp,Ketersediaan akhir dan payment dilanjutkan manual via WhatsApp,1340,2026-07-06,INACTIVE,Source: (Makka Hotel 2026) New Season Far East 15 June 202_260630_174549.pdf | Page: makka_page-11.png | Meal: FB | Source period text: 30 JUNE 2026 TO 11 SEP 2026,"Harga, pajak, dan availability final setelah admin cek manual ke hotel/OTA."
MAKKAH,STANDARD,Snood Ajyad Hotel,,Alharmain PDF 30 Jun - 11 Sep 2026,Triple Room,FB meal plan,2026-06-30,2026-09-11,30 Jun - 11 Sep 2026,per kamar per malam,SAR,530,2,2,1,WiFi/detail fasilitas dicek manual via WhatsApp,Ketersediaan akhir dan payment dilanjutkan manual via WhatsApp,1341,2026-07-06,INACTIVE,Source: (Makka Hotel 2026) New Season Far East 15 June 202_260630_174549.pdf | Page: makka_page-11.png | Meal: FB | Source period text: 30 JUNE 2026 TO 11 SEP 2026,"Harga, pajak, dan availability final setelah admin cek manual ke hotel/OTA."
MAKKAH,STANDARD,Snood Ajyad Hotel,,Alharmain PDF 30 Jun - 11 Sep 2026,Quad Room,FB meal plan,2026-06-30,2026-09-11,30 Jun - 11 Sep 2026,per kamar per malam,SAR,580,2,2,1,WiFi/detail fasilitas dicek manual via WhatsApp,Ketersediaan akhir dan payment dilanjutkan manual via WhatsApp,1342,2026-07-06,INACTIVE,Source: (Makka Hotel 2026) New Season Far East 15 June 202_260630_174549.pdf | Page: makka_page-11.png | Meal: FB | Source period text: 30 JUNE 2026 TO 11 SEP 2026,"Harga, pajak, dan availability final setelah admin cek manual ke hotel/OTA."
MAKKAH,STANDARD,Elaf Al Rayyan Hotel,,Alharmain PDF 15 Jun - 1 Jul 2026,Double Room,FB meal plan,2026-06-15,2026-07-01,15 Jun - 1 Jul 2026,per kamar per malam,SAR,430,2,2,1,WiFi/detail fasilitas dicek manual via WhatsApp,Ketersediaan akhir dan payment dilanjutkan manual via WhatsApp,1343,2026-07-06,INACTIVE,Source: (Makka Hotel 2026) New Season Far East 15 June 202_260630_174549.pdf | Page: makka_page-11.png | Meal: FB | Source period text: 15 JUNE 2026 TO 1 JULY 2026,"Harga, pajak, dan availability final setelah admin cek manual ke hotel/OTA."
MAKKAH,STANDARD,Elaf Al Rayyan Hotel,,Alharmain PDF 15 Jun - 1 Jul 2026,Triple Room,FB meal plan,2026-06-15,2026-07-01,15 Jun - 1 Jul 2026,per kamar per malam,SAR,475,2,2,1,WiFi/detail fasilitas dicek manual via WhatsApp,Ketersediaan akhir dan payment dilanjutkan manual via WhatsApp,1344,2026-07-06,INACTIVE,Source: (Makka Hotel 2026) New Season Far East 15 June 202_260630_174549.pdf | Page: makka_page-11.png | Meal: FB | Source period text: 15 JUNE 2026 TO 1 JULY 2026,"Harga, pajak, dan availability final setelah admin cek manual ke hotel/OTA."
MAKKAH,STANDARD,Elaf Al Rayyan Hotel,,Alharmain PDF 15 Jun - 1 Jul 2026,Quad Room,FB meal plan,2026-06-15,2026-07-01,15 Jun - 1 Jul 2026,per kamar per malam,SAR,520,2,2,1,WiFi/detail fasilitas dicek manual via WhatsApp,Ketersediaan akhir dan payment dilanjutkan manual via WhatsApp,1345,2026-07-06,INACTIVE,Source: (Makka Hotel 2026) New Season Far East 15 June 202_260630_174549.pdf | Page: makka_page-11.png | Meal: FB | Source period text: 15 JUNE 2026 TO 1 JULY 2026,"Harga, pajak, dan availability final setelah admin cek manual ke hotel/OTA."
MAKKAH,STANDARD,Elaf Al Rayyan Hotel,,Alharmain PDF 1 Jul - 1 Aug 2026,Double Room,FB meal plan,2026-07-01,2026-08-01,1 Jul - 1 Aug 2026,per kamar per malam,SAR,500,2,2,1,WiFi/detail fasilitas dicek manual via WhatsApp,Ketersediaan akhir dan payment dilanjutkan manual via WhatsApp,1346,2026-07-06,INACTIVE,Source: (Makka Hotel 2026) New Season Far East 15 June 202_260630_174549.pdf | Page: makka_page-11.png | Meal: FB | Source period text: 1 JULY 2026 TO 1 AUGUST 2026,"Harga, pajak, dan availability final setelah admin cek manual ke hotel/OTA."
MAKKAH,STANDARD,Elaf Al Rayyan Hotel,,Alharmain PDF 1 Jul - 1 Aug 2026,Triple Room,FB meal plan,2026-07-01,2026-08-01,1 Jul - 1 Aug 2026,per kamar per malam,SAR,550,2,2,1,WiFi/detail fasilitas dicek manual via WhatsApp,Ketersediaan akhir dan payment dilanjutkan manual via WhatsApp,1347,2026-07-06,INACTIVE,Source: (Makka Hotel 2026) New Season Far East 15 June 202_260630_174549.pdf | Page: makka_page-11.png | Meal: FB | Source period text: 1 JULY 2026 TO 1 AUGUST 2026,"Harga, pajak, dan availability final setelah admin cek manual ke hotel/OTA."
MAKKAH,STANDARD,Elaf Al Rayyan Hotel,,Alharmain PDF 1 Jul - 1 Aug 2026,Quad Room,FB meal plan,2026-07-01,2026-08-01,1 Jul - 1 Aug 2026,per kamar per malam,SAR,600,2,2,1,WiFi/detail fasilitas dicek manual via WhatsApp,Ketersediaan akhir dan payment dilanjutkan manual via WhatsApp,1348,2026-07-06,INACTIVE,Source: (Makka Hotel 2026) New Season Far East 15 June 202_260630_174549.pdf | Page: makka_page-11.png | Meal: FB | Source period text: 1 JULY 2026 TO 1 AUGUST 2026,"Harga, pajak, dan availability final setelah admin cek manual ke hotel/OTA."
MAKKAH,STANDARD,Elaf Al Rayyan Hotel,,Alharmain PDF Aug-Sep 2026,Double Room,FB meal plan,2026-08-01,2026-09-30,Aug-Sep 2026,per kamar per malam,SAR,525,2,2,1,WiFi/detail fasilitas dicek manual via WhatsApp,Ketersediaan akhir dan payment dilanjutkan manual via WhatsApp,1349,2026-07-06,INACTIVE,Source: (Makka Hotel 2026) New Season Far East 15 June 202_260630_174549.pdf | Page: makka_page-11.png | Meal: FB | Source period text: 1 AUGUST 2026 TO 30 SEP 2026,"Harga, pajak, dan availability final setelah admin cek manual ke hotel/OTA."
MAKKAH,STANDARD,Elaf Al Rayyan Hotel,,Alharmain PDF Aug-Sep 2026,Triple Room,FB meal plan,2026-08-01,2026-09-30,Aug-Sep 2026,per kamar per malam,SAR,575,2,2,1,WiFi/detail fasilitas dicek manual via WhatsApp,Ketersediaan akhir dan payment dilanjutkan manual via WhatsApp,1350,2026-07-06,INACTIVE,Source: (Makka Hotel 2026) New Season Far East 15 June 202_260630_174549.pdf | Page: makka_page-11.png | Meal: FB | Source period text: 1 AUGUST 2026 TO 30 SEP 2026,"Harga, pajak, dan availability final setelah admin cek manual ke hotel/OTA."
MAKKAH,STANDARD,Elaf Al Rayyan Hotel,,Alharmain PDF Aug-Sep 2026,Quad Room,FB meal plan,2026-08-01,2026-09-30,Aug-Sep 2026,per kamar per malam,SAR,625,2,2,1,WiFi/detail fasilitas dicek manual via WhatsApp,Ketersediaan akhir dan payment dilanjutkan manual via WhatsApp,1351,2026-07-06,INACTIVE,Source: (Makka Hotel 2026) New Season Far East 15 June 202_260630_174549.pdf | Page: makka_page-11.png | Meal: FB | Source period text: 1 AUGUST 2026 TO 30 SEP 2026,"Harga, pajak, dan availability final setelah admin cek manual ke hotel/OTA."
MAKKAH,STANDARD,Elaf Diamond Hotel,,Alharmain PDF 15 Jun - 1 Jul 2026,Double Room,FB meal plan,2026-06-15,2026-07-01,15 Jun - 1 Jul 2026,per kamar per malam,SAR,400,2,2,1,WiFi/detail fasilitas dicek manual via WhatsApp,Ketersediaan akhir dan payment dilanjutkan manual via WhatsApp,1352,2026-07-06,INACTIVE,Source: (Makka Hotel 2026) New Season Far East 15 June 202_260630_174549.pdf | Page: makka_page-12.png | Meal: FB | Source period text: 15 JUNE 2026 TO 1 JULY 2026,"Harga, pajak, dan availability final setelah admin cek manual ke hotel/OTA."
MAKKAH,STANDARD,Elaf Diamond Hotel,,Alharmain PDF 15 Jun - 1 Jul 2026,Triple Room,FB meal plan,2026-06-15,2026-07-01,15 Jun - 1 Jul 2026,per kamar per malam,SAR,445,2,2,1,WiFi/detail fasilitas dicek manual via WhatsApp,Ketersediaan akhir dan payment dilanjutkan manual via WhatsApp,1353,2026-07-06,INACTIVE,Source: (Makka Hotel 2026) New Season Far East 15 June 202_260630_174549.pdf | Page: makka_page-12.png | Meal: FB | Source period text: 15 JUNE 2026 TO 1 JULY 2026,"Harga, pajak, dan availability final setelah admin cek manual ke hotel/OTA."
MAKKAH,STANDARD,Elaf Diamond Hotel,,Alharmain PDF 15 Jun - 1 Jul 2026,Quad Room,FB meal plan,2026-06-15,2026-07-01,15 Jun - 1 Jul 2026,per kamar per malam,SAR,490,2,2,1,WiFi/detail fasilitas dicek manual via WhatsApp,Ketersediaan akhir dan payment dilanjutkan manual via WhatsApp,1354,2026-07-06,INACTIVE,Source: (Makka Hotel 2026) New Season Far East 15 June 202_260630_174549.pdf | Page: makka_page-12.png | Meal: FB | Source period text: 15 JUNE 2026 TO 1 JULY 2026,"Harga, pajak, dan availability final setelah admin cek manual ke hotel/OTA."
MAKKAH,STANDARD,Elaf Diamond Hotel,,Alharmain PDF 1 Jul - 1 Aug 2026,Double Room,FB meal plan,2026-07-01,2026-08-01,1 Jul - 1 Aug 2026,per kamar per malam,SAR,480,2,2,1,WiFi/detail fasilitas dicek manual via WhatsApp,Ketersediaan akhir dan payment dilanjutkan manual via WhatsApp,1355,2026-07-06,INACTIVE,Source: (Makka Hotel 2026) New Season Far East 15 June 202_260630_174549.pdf | Page: makka_page-12.png | Meal: FB | Source period text: 1 JULY 2026 TO 1 AUGUST 2026,"Harga, pajak, dan availability final setelah admin cek manual ke hotel/OTA."
MAKKAH,STANDARD,Elaf Diamond Hotel,,Alharmain PDF 1 Jul - 1 Aug 2026,Triple Room,FB meal plan,2026-07-01,2026-08-01,1 Jul - 1 Aug 2026,per kamar per malam,SAR,525,2,2,1,WiFi/detail fasilitas dicek manual via WhatsApp,Ketersediaan akhir dan payment dilanjutkan manual via WhatsApp,1356,2026-07-06,INACTIVE,Source: (Makka Hotel 2026) New Season Far East 15 June 202_260630_174549.pdf | Page: makka_page-12.png | Meal: FB | Source period text: 1 JULY 2026 TO 1 AUGUST 2026,"Harga, pajak, dan availability final setelah admin cek manual ke hotel/OTA."
MAKKAH,STANDARD,Elaf Diamond Hotel,,Alharmain PDF 1 Jul - 1 Aug 2026,Quad Room,FB meal plan,2026-07-01,2026-08-01,1 Jul - 1 Aug 2026,per kamar per malam,SAR,570,2,2,1,WiFi/detail fasilitas dicek manual via WhatsApp,Ketersediaan akhir dan payment dilanjutkan manual via WhatsApp,1357,2026-07-06,INACTIVE,Source: (Makka Hotel 2026) New Season Far East 15 June 202_260630_174549.pdf | Page: makka_page-12.png | Meal: FB | Source period text: 1 JULY 2026 TO 1 AUGUST 2026,"Harga, pajak, dan availability final setelah admin cek manual ke hotel/OTA."
MAKKAH,STANDARD,Elaf Diamond Hotel,,Alharmain PDF Aug-Sep 2026,Double Room,FB meal plan,2026-08-01,2026-09-30,Aug-Sep 2026,per kamar per malam,SAR,500,2,2,1,WiFi/detail fasilitas dicek manual via WhatsApp,Ketersediaan akhir dan payment dilanjutkan manual via WhatsApp,1358,2026-07-06,INACTIVE,Source: (Makka Hotel 2026) New Season Far East 15 June 202_260630_174549.pdf | Page: makka_page-12.png | Meal: FB | Source period text: 1 AUGUST 2026 TO 30 SEP 2026,"Harga, pajak, dan availability final setelah admin cek manual ke hotel/OTA."
MAKKAH,STANDARD,Elaf Diamond Hotel,,Alharmain PDF Aug-Sep 2026,Triple Room,FB meal plan,2026-08-01,2026-09-30,Aug-Sep 2026,per kamar per malam,SAR,545,2,2,1,WiFi/detail fasilitas dicek manual via WhatsApp,Ketersediaan akhir dan payment dilanjutkan manual via WhatsApp,1359,2026-07-06,INACTIVE,Source: (Makka Hotel 2026) New Season Far East 15 June 202_260630_174549.pdf | Page: makka_page-12.png | Meal: FB | Source period text: 1 AUGUST 2026 TO 30 SEP 2026,"Harga, pajak, dan availability final setelah admin cek manual ke hotel/OTA."
MAKKAH,STANDARD,Elaf Diamond Hotel,,Alharmain PDF Aug-Sep 2026,Quad Room,FB meal plan,2026-08-01,2026-09-30,Aug-Sep 2026,per kamar per malam,SAR,590,2,2,1,WiFi/detail fasilitas dicek manual via WhatsApp,Ketersediaan akhir dan payment dilanjutkan manual via WhatsApp,1360,2026-07-06,INACTIVE,Source: (Makka Hotel 2026) New Season Far East 15 June 202_260630_174549.pdf | Page: makka_page-12.png | Meal: FB | Source period text: 1 AUGUST 2026 TO 30 SEP 2026,"Harga, pajak, dan availability final setelah admin cek manual ke hotel/OTA."
MAKKAH,STANDARD,Elaf Golden Hotel,,Alharmain PDF 15 Jun - 1 Jul 2026,Double Room,FB meal plan,2026-06-15,2026-07-01,15 Jun - 1 Jul 2026,per kamar per malam,SAR,390,2,2,1,WiFi/detail fasilitas dicek manual via WhatsApp,Ketersediaan akhir dan payment dilanjutkan manual via WhatsApp,1361,2026-07-06,INACTIVE,Source: (Makka Hotel 2026) New Season Far East 15 June 202_260630_174549.pdf | Page: makka_page-12.png | Meal: FB | Source period text: 15 JUNE 2026 TO 1 JULY 2026,"Harga, pajak, dan availability final setelah admin cek manual ke hotel/OTA."
MAKKAH,STANDARD,Elaf Golden Hotel,,Alharmain PDF 15 Jun - 1 Jul 2026,Triple Room,FB meal plan,2026-06-15,2026-07-01,15 Jun - 1 Jul 2026,per kamar per malam,SAR,430,2,2,1,WiFi/detail fasilitas dicek manual via WhatsApp,Ketersediaan akhir dan payment dilanjutkan manual via WhatsApp,1362,2026-07-06,INACTIVE,Source: (Makka Hotel 2026) New Season Far East 15 June 202_260630_174549.pdf | Page: makka_page-12.png | Meal: FB | Source period text: 15 JUNE 2026 TO 1 JULY 2026,"Harga, pajak, dan availability final setelah admin cek manual ke hotel/OTA."
MAKKAH,STANDARD,Elaf Golden Hotel,,Alharmain PDF 15 Jun - 1 Jul 2026,Quad Room,FB meal plan,2026-06-15,2026-07-01,15 Jun - 1 Jul 2026,per kamar per malam,SAR,470,2,2,1,WiFi/detail fasilitas dicek manual via WhatsApp,Ketersediaan akhir dan payment dilanjutkan manual via WhatsApp,1363,2026-07-06,INACTIVE,Source: (Makka Hotel 2026) New Season Far East 15 June 202_260630_174549.pdf | Page: makka_page-12.png | Meal: FB | Source period text: 15 JUNE 2026 TO 1 JULY 2026,"Harga, pajak, dan availability final setelah admin cek manual ke hotel/OTA."
MAKKAH,STANDARD,Elaf Golden Hotel,,Alharmain PDF 1 Jul - 1 Aug 2026,Double Room,FB meal plan,2026-07-01,2026-08-01,1 Jul - 1 Aug 2026,per kamar per malam,SAR,430,2,2,1,WiFi/detail fasilitas dicek manual via WhatsApp,Ketersediaan akhir dan payment dilanjutkan manual via WhatsApp,1364,2026-07-06,INACTIVE,Source: (Makka Hotel 2026) New Season Far East 15 June 202_260630_174549.pdf | Page: makka_page-12.png | Meal: FB | Source period text: 1 JULY 2026 TO 1 AUGUST 2026,"Harga, pajak, dan availability final setelah admin cek manual ke hotel/OTA."
MAKKAH,STANDARD,Elaf Golden Hotel,,Alharmain PDF 1 Jul - 1 Aug 2026,Triple Room,FB meal plan,2026-07-01,2026-08-01,1 Jul - 1 Aug 2026,per kamar per malam,SAR,470,2,2,1,WiFi/detail fasilitas dicek manual via WhatsApp,Ketersediaan akhir dan payment dilanjutkan manual via WhatsApp,1365,2026-07-06,INACTIVE,Source: (Makka Hotel 2026) New Season Far East 15 June 202_260630_174549.pdf | Page: makka_page-12.png | Meal: FB | Source period text: 1 JULY 2026 TO 1 AUGUST 2026,"Harga, pajak, dan availability final setelah admin cek manual ke hotel/OTA."
MAKKAH,STANDARD,Elaf Golden Hotel,,Alharmain PDF 1 Jul - 1 Aug 2026,Quad Room,FB meal plan,2026-07-01,2026-08-01,1 Jul - 1 Aug 2026,per kamar per malam,SAR,510,2,2,1,WiFi/detail fasilitas dicek manual via WhatsApp,Ketersediaan akhir dan payment dilanjutkan manual via WhatsApp,1366,2026-07-06,INACTIVE,Source: (Makka Hotel 2026) New Season Far East 15 June 202_260630_174549.pdf | Page: makka_page-12.png | Meal: FB | Source period text: 1 JULY 2026 TO 1 AUGUST 2026,"Harga, pajak, dan availability final setelah admin cek manual ke hotel/OTA."
MAKKAH,STANDARD,Elaf Golden Hotel,,Alharmain PDF Aug-Sep 2026,Double Room,FB meal plan,2026-08-01,2026-09-30,Aug-Sep 2026,per kamar per malam,SAR,460,2,2,1,WiFi/detail fasilitas dicek manual via WhatsApp,Ketersediaan akhir dan payment dilanjutkan manual via WhatsApp,1367,2026-07-06,INACTIVE,Source: (Makka Hotel 2026) New Season Far East 15 June 202_260630_174549.pdf | Page: makka_page-12.png | Meal: FB | Source period text: 1 AUGUST 2026 TO 30 SEP 2026,"Harga, pajak, dan availability final setelah admin cek manual ke hotel/OTA."
MAKKAH,STANDARD,Elaf Golden Hotel,,Alharmain PDF Aug-Sep 2026,Triple Room,FB meal plan,2026-08-01,2026-09-30,Aug-Sep 2026,per kamar per malam,SAR,500,2,2,1,WiFi/detail fasilitas dicek manual via WhatsApp,Ketersediaan akhir dan payment dilanjutkan manual via WhatsApp,1368,2026-07-06,INACTIVE,Source: (Makka Hotel 2026) New Season Far East 15 June 202_260630_174549.pdf | Page: makka_page-12.png | Meal: FB | Source period text: 1 AUGUST 2026 TO 30 SEP 2026,"Harga, pajak, dan availability final setelah admin cek manual ke hotel/OTA."
MAKKAH,STANDARD,Elaf Golden Hotel,,Alharmain PDF Aug-Sep 2026,Quad Room,FB meal plan,2026-08-01,2026-09-30,Aug-Sep 2026,per kamar per malam,SAR,540,2,2,1,WiFi/detail fasilitas dicek manual via WhatsApp,Ketersediaan akhir dan payment dilanjutkan manual via WhatsApp,1369,2026-07-06,INACTIVE,Source: (Makka Hotel 2026) New Season Far East 15 June 202_260630_174549.pdf | Page: makka_page-12.png | Meal: FB | Source period text: 1 AUGUST 2026 TO 30 SEP 2026,"Harga, pajak, dan availability final setelah admin cek manual ke hotel/OTA."
MAKKAH,STANDARD,Waha Diafa Hotel,,Alharmain PDF 15 Jun - 1 Jul 2026,Double Room,FB meal plan,2026-06-15,2026-07-01,15 Jun - 1 Jul 2026,per kamar per malam,SAR,260,2,2,1,WiFi/detail fasilitas dicek manual via WhatsApp,Ketersediaan akhir dan payment dilanjutkan manual via WhatsApp,1370,2026-07-06,INACTIVE,Source: (Makka Hotel 2026) New Season Far East 15 June 202_260630_174549.pdf | Page: makka_page-12.png | Meal: FB | Source period text: 15 JUNE 2026 TO 1 JULY 2026,"Harga, pajak, dan availability final setelah admin cek manual ke hotel/OTA."
MAKKAH,STANDARD,Waha Diafa Hotel,,Alharmain PDF 15 Jun - 1 Jul 2026,Triple Room,FB meal plan,2026-06-15,2026-07-01,15 Jun - 1 Jul 2026,per kamar per malam,SAR,300,2,2,1,WiFi/detail fasilitas dicek manual via WhatsApp,Ketersediaan akhir dan payment dilanjutkan manual via WhatsApp,1371,2026-07-06,INACTIVE,Source: (Makka Hotel 2026) New Season Far East 15 June 202_260630_174549.pdf | Page: makka_page-12.png | Meal: FB | Source period text: 15 JUNE 2026 TO 1 JULY 2026,"Harga, pajak, dan availability final setelah admin cek manual ke hotel/OTA."
MAKKAH,STANDARD,Waha Diafa Hotel,,Alharmain PDF 15 Jun - 1 Jul 2026,Quad Room,FB meal plan,2026-06-15,2026-07-01,15 Jun - 1 Jul 2026,per kamar per malam,SAR,340,2,2,1,WiFi/detail fasilitas dicek manual via WhatsApp,Ketersediaan akhir dan payment dilanjutkan manual via WhatsApp,1372,2026-07-06,INACTIVE,Source: (Makka Hotel 2026) New Season Far East 15 June 202_260630_174549.pdf | Page: makka_page-12.png | Meal: FB | Source period text: 15 JUNE 2026 TO 1 JULY 2026,"Harga, pajak, dan availability final setelah admin cek manual ke hotel/OTA."
MAKKAH,STANDARD,Waha Diafa Hotel,,Alharmain PDF 1 Jul - 1 Aug 2026,Double Room,FB meal plan,2026-07-01,2026-08-01,1 Jul - 1 Aug 2026,per kamar per malam,SAR,300,2,2,1,WiFi/detail fasilitas dicek manual via WhatsApp,Ketersediaan akhir dan payment dilanjutkan manual via WhatsApp,1373,2026-07-06,INACTIVE,Source: (Makka Hotel 2026) New Season Far East 15 June 202_260630_174549.pdf | Page: makka_page-12.png | Meal: FB | Source period text: 1 JULY 2026 TO 1 AUGUST 2026,"Harga, pajak, dan availability final setelah admin cek manual ke hotel/OTA."
MAKKAH,STANDARD,Waha Diafa Hotel,,Alharmain PDF 1 Jul - 1 Aug 2026,Triple Room,FB meal plan,2026-07-01,2026-08-01,1 Jul - 1 Aug 2026,per kamar per malam,SAR,340,2,2,1,WiFi/detail fasilitas dicek manual via WhatsApp,Ketersediaan akhir dan payment dilanjutkan manual via WhatsApp,1374,2026-07-06,INACTIVE,Source: (Makka Hotel 2026) New Season Far East 15 June 202_260630_174549.pdf | Page: makka_page-12.png | Meal: FB | Source period text: 1 JULY 2026 TO 1 AUGUST 2026,"Harga, pajak, dan availability final setelah admin cek manual ke hotel/OTA."
MAKKAH,STANDARD,Waha Diafa Hotel,,Alharmain PDF 1 Jul - 1 Aug 2026,Quad Room,FB meal plan,2026-07-01,2026-08-01,1 Jul - 1 Aug 2026,per kamar per malam,SAR,380,2,2,1,WiFi/detail fasilitas dicek manual via WhatsApp,Ketersediaan akhir dan payment dilanjutkan manual via WhatsApp,1375,2026-07-06,INACTIVE,Source: (Makka Hotel 2026) New Season Far East 15 June 202_260630_174549.pdf | Page: makka_page-12.png | Meal: FB | Source period text: 1 JULY 2026 TO 1 AUGUST 2026,"Harga, pajak, dan availability final setelah admin cek manual ke hotel/OTA."
MAKKAH,STANDARD,Kunuz Ajyad Hotel,,Alharmain PDF 15 Jun - 1 Jul 2026,Double Room,FB meal plan,2026-06-15,2026-07-01,15 Jun - 1 Jul 2026,per kamar per malam,SAR,460,2,2,1,WiFi/detail fasilitas dicek manual via WhatsApp,Ketersediaan akhir dan payment dilanjutkan manual via WhatsApp,1376,2026-07-06,INACTIVE,Source: (Makka Hotel 2026) New Season Far East 15 June 202_260630_174549.pdf | Page: makka_page-12.png | Meal: FB | Source period text: 15 JUNE 2026 TO 1 JULY 2026,"Harga, pajak, dan availability final setelah admin cek manual ke hotel/OTA."
MAKKAH,STANDARD,Kunuz Ajyad Hotel,,Alharmain PDF 15 Jun - 1 Jul 2026,Triple Room,FB meal plan,2026-06-15,2026-07-01,15 Jun - 1 Jul 2026,per kamar per malam,SAR,505,2,2,1,WiFi/detail fasilitas dicek manual via WhatsApp,Ketersediaan akhir dan payment dilanjutkan manual via WhatsApp,1377,2026-07-06,INACTIVE,Source: (Makka Hotel 2026) New Season Far East 15 June 202_260630_174549.pdf | Page: makka_page-12.png | Meal: FB | Source period text: 15 JUNE 2026 TO 1 JULY 2026,"Harga, pajak, dan availability final setelah admin cek manual ke hotel/OTA."
MAKKAH,STANDARD,Kunuz Ajyad Hotel,,Alharmain PDF 15 Jun - 1 Jul 2026,Quad Room,FB meal plan,2026-06-15,2026-07-01,15 Jun - 1 Jul 2026,per kamar per malam,SAR,550,2,2,1,WiFi/detail fasilitas dicek manual via WhatsApp,Ketersediaan akhir dan payment dilanjutkan manual via WhatsApp,1378,2026-07-06,INACTIVE,Source: (Makka Hotel 2026) New Season Far East 15 June 202_260630_174549.pdf | Page: makka_page-12.png | Meal: FB | Source period text: 15 JUNE 2026 TO 1 JULY 2026,"Harga, pajak, dan availability final setelah admin cek manual ke hotel/OTA."
MAKKAH,STANDARD,Kunuz Ajyad Hotel,,Alharmain PDF 1 Jul - 1 Aug 2026,Double Room,FB meal plan,2026-07-01,2026-08-01,1 Jul - 1 Aug 2026,per kamar per malam,SAR,510,2,2,1,WiFi/detail fasilitas dicek manual via WhatsApp,Ketersediaan akhir dan payment dilanjutkan manual via WhatsApp,1379,2026-07-06,INACTIVE,Source: (Makka Hotel 2026) New Season Far East 15 June 202_260630_174549.pdf | Page: makka_page-12.png | Meal: FB | Source period text: 1 JULY 2026 TO 1 AUGUST 2026,"Harga, pajak, dan availability final setelah admin cek manual ke hotel/OTA."
MAKKAH,STANDARD,Kunuz Ajyad Hotel,,Alharmain PDF 1 Jul - 1 Aug 2026,Triple Room,FB meal plan,2026-07-01,2026-08-01,1 Jul - 1 Aug 2026,per kamar per malam,SAR,555,2,2,1,WiFi/detail fasilitas dicek manual via WhatsApp,Ketersediaan akhir dan payment dilanjutkan manual via WhatsApp,1380,2026-07-06,INACTIVE,Source: (Makka Hotel 2026) New Season Far East 15 June 202_260630_174549.pdf | Page: makka_page-12.png | Meal: FB | Source period text: 1 JULY 2026 TO 1 AUGUST 2026,"Harga, pajak, dan availability final setelah admin cek manual ke hotel/OTA."
MAKKAH,STANDARD,Kunuz Ajyad Hotel,,Alharmain PDF 1 Jul - 1 Aug 2026,Quad Room,FB meal plan,2026-07-01,2026-08-01,1 Jul - 1 Aug 2026,per kamar per malam,SAR,600,2,2,1,WiFi/detail fasilitas dicek manual via WhatsApp,Ketersediaan akhir dan payment dilanjutkan manual via WhatsApp,1381,2026-07-06,INACTIVE,Source: (Makka Hotel 2026) New Season Far East 15 June 202_260630_174549.pdf | Page: makka_page-12.png | Meal: FB | Source period text: 1 JULY 2026 TO 1 AUGUST 2026,"Harga, pajak, dan availability final setelah admin cek manual ke hotel/OTA."
MAKKAH,STANDARD,Kunuz Ajyad Hotel,,Alharmain PDF Aug-Sep 2026,Double Room,FB meal plan,2026-08-01,2026-09-30,Aug-Sep 2026,per kamar per malam,SAR,540,2,2,1,WiFi/detail fasilitas dicek manual via WhatsApp,Ketersediaan akhir dan payment dilanjutkan manual via WhatsApp,1382,2026-07-06,INACTIVE,Source: (Makka Hotel 2026) New Season Far East 15 June 202_260630_174549.pdf | Page: makka_page-12.png | Meal: FB | Source period text: 1 AUGUST 2026 TO 30 SEP 2026,"Harga, pajak, dan availability final setelah admin cek manual ke hotel/OTA."
MAKKAH,STANDARD,Kunuz Ajyad Hotel,,Alharmain PDF Aug-Sep 2026,Triple Room,FB meal plan,2026-08-01,2026-09-30,Aug-Sep 2026,per kamar per malam,SAR,585,2,2,1,WiFi/detail fasilitas dicek manual via WhatsApp,Ketersediaan akhir dan payment dilanjutkan manual via WhatsApp,1383,2026-07-06,INACTIVE,Source: (Makka Hotel 2026) New Season Far East 15 June 202_260630_174549.pdf | Page: makka_page-12.png | Meal: FB | Source period text: 1 AUGUST 2026 TO 30 SEP 2026,"Harga, pajak, dan availability final setelah admin cek manual ke hotel/OTA."
MAKKAH,STANDARD,Kunuz Ajyad Hotel,,Alharmain PDF Aug-Sep 2026,Quad Room,FB meal plan,2026-08-01,2026-09-30,Aug-Sep 2026,per kamar per malam,SAR,630,2,2,1,WiFi/detail fasilitas dicek manual via WhatsApp,Ketersediaan akhir dan payment dilanjutkan manual via WhatsApp,1384,2026-07-06,INACTIVE,Source: (Makka Hotel 2026) New Season Far East 15 June 202_260630_174549.pdf | Page: makka_page-12.png | Meal: FB | Source period text: 1 AUGUST 2026 TO 30 SEP 2026,"Harga, pajak, dan availability final setelah admin cek manual ke hotel/OTA."
MAKKAH,STANDARD,Elaf Al Noor Hotel,,Alharmain PDF 1 Jul - 1 Oct 2026,Double Room,FB meal plan,2026-07-01,2026-10-01,1 Jul - 1 Oct 2026,per kamar per malam,SAR,200,2,2,1,WiFi/detail fasilitas dicek manual via WhatsApp,Ketersediaan akhir dan payment dilanjutkan manual via WhatsApp,1385,2026-07-06,INACTIVE,Source: (Makka Hotel 2026) New Season Far East 15 June 202_260630_174549.pdf | Page: makka_page-12.png | Meal: FB | Source period text: 1 JULY 2026 TO 1 OCT 2026,"Harga, pajak, dan availability final setelah admin cek manual ke hotel/OTA."
MAKKAH,STANDARD,Elaf Al Noor Hotel,,Alharmain PDF 1 Jul - 1 Oct 2026,Triple Room,FB meal plan,2026-07-01,2026-10-01,1 Jul - 1 Oct 2026,per kamar per malam,SAR,235,2,2,1,WiFi/detail fasilitas dicek manual via WhatsApp,Ketersediaan akhir dan payment dilanjutkan manual via WhatsApp,1386,2026-07-06,INACTIVE,Source: (Makka Hotel 2026) New Season Far East 15 June 202_260630_174549.pdf | Page: makka_page-12.png | Meal: FB | Source period text: 1 JULY 2026 TO 1 OCT 2026,"Harga, pajak, dan availability final setelah admin cek manual ke hotel/OTA."
MAKKAH,STANDARD,Elaf Al Noor Hotel,,Alharmain PDF 1 Jul - 1 Oct 2026,Quad Room,FB meal plan,2026-07-01,2026-10-01,1 Jul - 1 Oct 2026,per kamar per malam,SAR,270,2,2,1,WiFi/detail fasilitas dicek manual via WhatsApp,Ketersediaan akhir dan payment dilanjutkan manual via WhatsApp,1387,2026-07-06,INACTIVE,Source: (Makka Hotel 2026) New Season Far East 15 June 202_260630_174549.pdf | Page: makka_page-12.png | Meal: FB | Source period text: 1 JULY 2026 TO 1 OCT 2026,"Harga, pajak, dan availability final setelah admin cek manual ke hotel/OTA."
MAKKAH,STANDARD,Le Meridien Tower Hotel,,Alharmain PDF 7 Jun - 13 Aug 2026,Double Room,FB meal plan,2026-06-07,2026-08-13,7 Jun - 13 Aug 2026,per kamar per malam,SAR,350,2,2,1,WiFi/detail fasilitas dicek manual via WhatsApp,Ketersediaan akhir dan payment dilanjutkan manual via WhatsApp,1388,2026-07-06,INACTIVE,Source: (Makka Hotel 2026) New Season Far East 15 June 202_260630_174549.pdf | Page: makka_page-13.png | Meal: FB | TYPE OF ROOM : EXECUTIVE SUITE | Source period text: 7 JUNE 2026 TO 13 AUGUST 2026,"Harga, pajak, dan availability final setelah admin cek manual ke hotel/OTA."
MAKKAH,STANDARD,Le Meridien Tower Hotel,,Alharmain PDF 7 Jun - 13 Aug 2026,Triple Room,FB meal plan,2026-06-07,2026-08-13,7 Jun - 13 Aug 2026,per kamar per malam,SAR,430,2,2,1,WiFi/detail fasilitas dicek manual via WhatsApp,Ketersediaan akhir dan payment dilanjutkan manual via WhatsApp,1389,2026-07-06,INACTIVE,Source: (Makka Hotel 2026) New Season Far East 15 June 202_260630_174549.pdf | Page: makka_page-13.png | Meal: FB | TYPE OF ROOM : EXECUTIVE SUITE | Source period text: 7 JUNE 2026 TO 13 AUGUST 2026,"Harga, pajak, dan availability final setelah admin cek manual ke hotel/OTA."
MAKKAH,STANDARD,Le Meridien Tower Hotel,,Alharmain PDF 7 Jun - 13 Aug 2026,Quad Room,FB meal plan,2026-06-07,2026-08-13,7 Jun - 13 Aug 2026,per kamar per malam,SAR,510,2,2,1,WiFi/detail fasilitas dicek manual via WhatsApp,Ketersediaan akhir dan payment dilanjutkan manual via WhatsApp,1390,2026-07-06,INACTIVE,Source: (Makka Hotel 2026) New Season Far East 15 June 202_260630_174549.pdf | Page: makka_page-13.png | Meal: FB | TYPE OF ROOM : EXECUTIVE SUITE | Source period text: 7 JUNE 2026 TO 13 AUGUST 2026,"Harga, pajak, dan availability final setelah admin cek manual ke hotel/OTA."
MAKKAH,STANDARD,Le Meridien Tower Hotel,,Alharmain PDF 7 Jun - 13 Aug 2026,Quint Room,FB meal plan,2026-06-07,2026-08-13,7 Jun - 13 Aug 2026,per kamar per malam,SAR,590,2,2,1,WiFi/detail fasilitas dicek manual via WhatsApp,Ketersediaan akhir dan payment dilanjutkan manual via WhatsApp,1391,2026-07-06,INACTIVE,Source: (Makka Hotel 2026) New Season Far East 15 June 202_260630_174549.pdf | Page: makka_page-13.png | Meal: FB | TYPE OF ROOM : EXECUTIVE SUITE | Source period text: 7 JUNE 2026 TO 13 AUGUST 2026,"Harga, pajak, dan availability final setelah admin cek manual ke hotel/OTA."
MAKKAH,STANDARD,Le Meridien Tower Hotel,,Alharmain PDF 14 Aug - 19 Sep 2026,Double Room,FB meal plan,2026-08-14,2026-09-19,14 Aug - 19 Sep 2026,per kamar per malam,SAR,385,2,2,1,WiFi/detail fasilitas dicek manual via WhatsApp,Ketersediaan akhir dan payment dilanjutkan manual via WhatsApp,1392,2026-07-06,INACTIVE,Source: (Makka Hotel 2026) New Season Far East 15 June 202_260630_174549.pdf | Page: makka_page-13.png | Meal: FB | TYPE OF ROOM : EXECUTIVE SUITE | Source period text: 14 AUGUST 2026 TO 19 SEP 2026,"Harga, pajak, dan availability final setelah admin cek manual ke hotel/OTA."
MAKKAH,STANDARD,Le Meridien Tower Hotel,,Alharmain PDF 14 Aug - 19 Sep 2026,Triple Room,FB meal plan,2026-08-14,2026-09-19,14 Aug - 19 Sep 2026,per kamar per malam,SAR,465,2,2,1,WiFi/detail fasilitas dicek manual via WhatsApp,Ketersediaan akhir dan payment dilanjutkan manual via WhatsApp,1393,2026-07-06,INACTIVE,Source: (Makka Hotel 2026) New Season Far East 15 June 202_260630_174549.pdf | Page: makka_page-13.png | Meal: FB | TYPE OF ROOM : EXECUTIVE SUITE | Source period text: 14 AUGUST 2026 TO 19 SEP 2026,"Harga, pajak, dan availability final setelah admin cek manual ke hotel/OTA."
MAKKAH,STANDARD,Le Meridien Tower Hotel,,Alharmain PDF 14 Aug - 19 Sep 2026,Quad Room,FB meal plan,2026-08-14,2026-09-19,14 Aug - 19 Sep 2026,per kamar per malam,SAR,545,2,2,1,WiFi/detail fasilitas dicek manual via WhatsApp,Ketersediaan akhir dan payment dilanjutkan manual via WhatsApp,1394,2026-07-06,INACTIVE,Source: (Makka Hotel 2026) New Season Far East 15 June 202_260630_174549.pdf | Page: makka_page-13.png | Meal: FB | TYPE OF ROOM : EXECUTIVE SUITE | Source period text: 14 AUGUST 2026 TO 19 SEP 2026,"Harga, pajak, dan availability final setelah admin cek manual ke hotel/OTA."
MAKKAH,STANDARD,Le Meridien Tower Hotel,,Alharmain PDF 14 Aug - 19 Sep 2026,Quint Room,FB meal plan,2026-08-14,2026-09-19,14 Aug - 19 Sep 2026,per kamar per malam,SAR,625,2,2,1,WiFi/detail fasilitas dicek manual via WhatsApp,Ketersediaan akhir dan payment dilanjutkan manual via WhatsApp,1395,2026-07-06,INACTIVE,Source: (Makka Hotel 2026) New Season Far East 15 June 202_260630_174549.pdf | Page: makka_page-13.png | Meal: FB | TYPE OF ROOM : EXECUTIVE SUITE | Source period text: 14 AUGUST 2026 TO 19 SEP 2026,"Harga, pajak, dan availability final setelah admin cek manual ke hotel/OTA."
MAKKAH,STANDARD,Le Meridien Tower Hotel,,Alharmain PDF 20 Sep - 26 Sep 2026,Double Room,FB meal plan,2026-09-20,2026-09-26,20 Sep - 26 Sep 2026,per kamar per malam,SAR,535,2,2,1,WiFi/detail fasilitas dicek manual via WhatsApp,Ketersediaan akhir dan payment dilanjutkan manual via WhatsApp,1396,2026-07-06,INACTIVE,Source: (Makka Hotel 2026) New Season Far East 15 June 202_260630_174549.pdf | Page: makka_page-13.png | Meal: FB | TYPE OF ROOM : EXECUTIVE SUITE | Source period text: 20 SEP 2026 TO 26 SEP 2026,"Harga, pajak, dan availability final setelah admin cek manual ke hotel/OTA."
MAKKAH,STANDARD,Le Meridien Tower Hotel,,Alharmain PDF 20 Sep - 26 Sep 2026,Triple Room,FB meal plan,2026-09-20,2026-09-26,20 Sep - 26 Sep 2026,per kamar per malam,SAR,625,2,2,1,WiFi/detail fasilitas dicek manual via WhatsApp,Ketersediaan akhir dan payment dilanjutkan manual via WhatsApp,1397,2026-07-06,INACTIVE,Source: (Makka Hotel 2026) New Season Far East 15 June 202_260630_174549.pdf | Page: makka_page-13.png | Meal: FB | TYPE OF ROOM : EXECUTIVE SUITE | Source period text: 20 SEP 2026 TO 26 SEP 2026,"Harga, pajak, dan availability final setelah admin cek manual ke hotel/OTA."
MAKKAH,STANDARD,Le Meridien Tower Hotel,,Alharmain PDF 20 Sep - 26 Sep 2026,Quad Room,FB meal plan,2026-09-20,2026-09-26,20 Sep - 26 Sep 2026,per kamar per malam,SAR,715,2,2,1,WiFi/detail fasilitas dicek manual via WhatsApp,Ketersediaan akhir dan payment dilanjutkan manual via WhatsApp,1398,2026-07-06,INACTIVE,Source: (Makka Hotel 2026) New Season Far East 15 June 202_260630_174549.pdf | Page: makka_page-13.png | Meal: FB | TYPE OF ROOM : EXECUTIVE SUITE | Source period text: 20 SEP 2026 TO 26 SEP 2026,"Harga, pajak, dan availability final setelah admin cek manual ke hotel/OTA."
MAKKAH,STANDARD,Le Meridien Tower Hotel,,Alharmain PDF 20 Sep - 26 Sep 2026,Quint Room,FB meal plan,2026-09-20,2026-09-26,20 Sep - 26 Sep 2026,per kamar per malam,SAR,805,2,2,1,WiFi/detail fasilitas dicek manual via WhatsApp,Ketersediaan akhir dan payment dilanjutkan manual via WhatsApp,1399,2026-07-06,INACTIVE,Source: (Makka Hotel 2026) New Season Far East 15 June 202_260630_174549.pdf | Page: makka_page-13.png | Meal: FB | TYPE OF ROOM : EXECUTIVE SUITE | Source period text: 20 SEP 2026 TO 26 SEP 2026,"Harga, pajak, dan availability final setelah admin cek manual ke hotel/OTA."
MAKKAH,STANDARD,Le Meridien Tower Hotel,,Alharmain PDF 27 Sep - 5 Dec 2026,Double Room,FB meal plan,2026-09-27,2026-12-05,27 Sep - 5 Dec 2026,per kamar per malam,SAR,385,2,2,1,WiFi/detail fasilitas dicek manual via WhatsApp,Ketersediaan akhir dan payment dilanjutkan manual via WhatsApp,1400,2026-07-06,INACTIVE,Source: (Makka Hotel 2026) New Season Far East 15 June 202_260630_174549.pdf | Page: makka_page-13.png | Meal: FB | TYPE OF ROOM : EXECUTIVE SUITE | Source period text: 27 SEP 2026 TO 5 DEC 2026,"Harga, pajak, dan availability final setelah admin cek manual ke hotel/OTA."
MAKKAH,STANDARD,Le Meridien Tower Hotel,,Alharmain PDF 27 Sep - 5 Dec 2026,Triple Room,FB meal plan,2026-09-27,2026-12-05,27 Sep - 5 Dec 2026,per kamar per malam,SAR,465,2,2,1,WiFi/detail fasilitas dicek manual via WhatsApp,Ketersediaan akhir dan payment dilanjutkan manual via WhatsApp,1401,2026-07-06,INACTIVE,Source: (Makka Hotel 2026) New Season Far East 15 June 202_260630_174549.pdf | Page: makka_page-13.png | Meal: FB | TYPE OF ROOM : EXECUTIVE SUITE | Source period text: 27 SEP 2026 TO 5 DEC 2026,"Harga, pajak, dan availability final setelah admin cek manual ke hotel/OTA."
MAKKAH,STANDARD,Le Meridien Tower Hotel,,Alharmain PDF 27 Sep - 5 Dec 2026,Quad Room,FB meal plan,2026-09-27,2026-12-05,27 Sep - 5 Dec 2026,per kamar per malam,SAR,545,2,2,1,WiFi/detail fasilitas dicek manual via WhatsApp,Ketersediaan akhir dan payment dilanjutkan manual via WhatsApp,1402,2026-07-06,INACTIVE,Source: (Makka Hotel 2026) New Season Far East 15 June 202_260630_174549.pdf | Page: makka_page-13.png | Meal: FB | TYPE OF ROOM : EXECUTIVE SUITE | Source period text: 27 SEP 2026 TO 5 DEC 2026,"Harga, pajak, dan availability final setelah admin cek manual ke hotel/OTA."
MAKKAH,STANDARD,Le Meridien Tower Hotel,,Alharmain PDF 27 Sep - 5 Dec 2026,Quint Room,FB meal plan,2026-09-27,2026-12-05,27 Sep - 5 Dec 2026,per kamar per malam,SAR,625,2,2,1,WiFi/detail fasilitas dicek manual via WhatsApp,Ketersediaan akhir dan payment dilanjutkan manual via WhatsApp,1403,2026-07-06,INACTIVE,Source: (Makka Hotel 2026) New Season Far East 15 June 202_260630_174549.pdf | Page: makka_page-13.png | Meal: FB | TYPE OF ROOM : EXECUTIVE SUITE | Source period text: 27 SEP 2026 TO 5 DEC 2026,"Harga, pajak, dan availability final setelah admin cek manual ke hotel/OTA."
MAKKAH,STANDARD,Le Meridien Tower Hotel,,Alharmain PDF 6 Dec 2026 - 8 Jan 2027,Double Room,FB meal plan,2026-12-06,2027-01-08,6 Dec 2026 - 8 Jan 2027,per kamar per malam,SAR,535,2,2,1,WiFi/detail fasilitas dicek manual via WhatsApp,Ketersediaan akhir dan payment dilanjutkan manual via WhatsApp,1404,2026-07-06,INACTIVE,Source: (Makka Hotel 2026) New Season Far East 15 June 202_260630_174549.pdf | Page: makka_page-13.png | Meal: FB | TYPE OF ROOM : EXECUTIVE SUITE | Source period text: 6 DEC 2026 TO 8 JAN 2027,"Harga, pajak, dan availability final setelah admin cek manual ke hotel/OTA."
MAKKAH,STANDARD,Le Meridien Tower Hotel,,Alharmain PDF 6 Dec 2026 - 8 Jan 2027,Triple Room,FB meal plan,2026-12-06,2027-01-08,6 Dec 2026 - 8 Jan 2027,per kamar per malam,SAR,625,2,2,1,WiFi/detail fasilitas dicek manual via WhatsApp,Ketersediaan akhir dan payment dilanjutkan manual via WhatsApp,1405,2026-07-06,INACTIVE,Source: (Makka Hotel 2026) New Season Far East 15 June 202_260630_174549.pdf | Page: makka_page-13.png | Meal: FB | TYPE OF ROOM : EXECUTIVE SUITE | Source period text: 6 DEC 2026 TO 8 JAN 2027,"Harga, pajak, dan availability final setelah admin cek manual ke hotel/OTA."
MAKKAH,STANDARD,Le Meridien Tower Hotel,,Alharmain PDF 6 Dec 2026 - 8 Jan 2027,Quad Room,FB meal plan,2026-12-06,2027-01-08,6 Dec 2026 - 8 Jan 2027,per kamar per malam,SAR,715,2,2,1,WiFi/detail fasilitas dicek manual via WhatsApp,Ketersediaan akhir dan payment dilanjutkan manual via WhatsApp,1406,2026-07-06,INACTIVE,Source: (Makka Hotel 2026) New Season Far East 15 June 202_260630_174549.pdf | Page: makka_page-13.png | Meal: FB | TYPE OF ROOM : EXECUTIVE SUITE | Source period text: 6 DEC 2026 TO 8 JAN 2027,"Harga, pajak, dan availability final setelah admin cek manual ke hotel/OTA."
MAKKAH,STANDARD,Le Meridien Tower Hotel,,Alharmain PDF 6 Dec 2026 - 8 Jan 2027,Quint Room,FB meal plan,2026-12-06,2027-01-08,6 Dec 2026 - 8 Jan 2027,per kamar per malam,SAR,805,2,2,1,WiFi/detail fasilitas dicek manual via WhatsApp,Ketersediaan akhir dan payment dilanjutkan manual via WhatsApp,1407,2026-07-06,INACTIVE,Source: (Makka Hotel 2026) New Season Far East 15 June 202_260630_174549.pdf | Page: makka_page-13.png | Meal: FB | TYPE OF ROOM : EXECUTIVE SUITE | Source period text: 6 DEC 2026 TO 8 JAN 2027,"Harga, pajak, dan availability final setelah admin cek manual ke hotel/OTA."
MAKKAH,STANDARD,Le Meridien Tower Hotel,,Alharmain PDF 9 Jan - 7 Feb 2027,Double Room,FB meal plan,2027-01-09,2027-02-07,9 Jan - 7 Feb 2027,per kamar per malam,SAR,385,2,2,1,WiFi/detail fasilitas dicek manual via WhatsApp,Ketersediaan akhir dan payment dilanjutkan manual via WhatsApp,1408,2026-07-06,INACTIVE,Source: (Makka Hotel 2026) New Season Far East 15 June 202_260630_174549.pdf | Page: makka_page-13.png | Meal: FB | TYPE OF ROOM : EXECUTIVE SUITE | Source period text: 9 JAN 2027 TO 7 FEB 2027,"Harga, pajak, dan availability final setelah admin cek manual ke hotel/OTA."
MAKKAH,STANDARD,Le Meridien Tower Hotel,,Alharmain PDF 9 Jan - 7 Feb 2027,Triple Room,FB meal plan,2027-01-09,2027-02-07,9 Jan - 7 Feb 2027,per kamar per malam,SAR,465,2,2,1,WiFi/detail fasilitas dicek manual via WhatsApp,Ketersediaan akhir dan payment dilanjutkan manual via WhatsApp,1409,2026-07-06,INACTIVE,Source: (Makka Hotel 2026) New Season Far East 15 June 202_260630_174549.pdf | Page: makka_page-13.png | Meal: FB | TYPE OF ROOM : EXECUTIVE SUITE | Source period text: 9 JAN 2027 TO 7 FEB 2027,"Harga, pajak, dan availability final setelah admin cek manual ke hotel/OTA."
MAKKAH,STANDARD,Le Meridien Tower Hotel,,Alharmain PDF 9 Jan - 7 Feb 2027,Quad Room,FB meal plan,2027-01-09,2027-02-07,9 Jan - 7 Feb 2027,per kamar per malam,SAR,545,2,2,1,WiFi/detail fasilitas dicek manual via WhatsApp,Ketersediaan akhir dan payment dilanjutkan manual via WhatsApp,1410,2026-07-06,INACTIVE,Source: (Makka Hotel 2026) New Season Far East 15 June 202_260630_174549.pdf | Page: makka_page-13.png | Meal: FB | TYPE OF ROOM : EXECUTIVE SUITE | Source period text: 9 JAN 2027 TO 7 FEB 2027,"Harga, pajak, dan availability final setelah admin cek manual ke hotel/OTA."
MAKKAH,STANDARD,Le Meridien Tower Hotel,,Alharmain PDF 9 Jan - 7 Feb 2027,Quint Room,FB meal plan,2027-01-09,2027-02-07,9 Jan - 7 Feb 2027,per kamar per malam,SAR,625,2,2,1,WiFi/detail fasilitas dicek manual via WhatsApp,Ketersediaan akhir dan payment dilanjutkan manual via WhatsApp,1411,2026-07-06,INACTIVE,Source: (Makka Hotel 2026) New Season Far East 15 June 202_260630_174549.pdf | Page: makka_page-13.png | Meal: FB | TYPE OF ROOM : EXECUTIVE SUITE | Source period text: 9 JAN 2027 TO 7 FEB 2027,"Harga, pajak, dan availability final setelah admin cek manual ke hotel/OTA."
MAKKAH,STANDARD,Nada Ajyad Hotel,,Alharmain PDF 11 Jun - 30 Jul 2026,Double Room,FB meal plan,2026-06-11,2026-07-30,11 Jun - 30 Jul 2026,per kamar per malam,SAR,350,2,2,1,WiFi/detail fasilitas dicek manual via WhatsApp,Ketersediaan akhir dan payment dilanjutkan manual via WhatsApp,1412,2026-07-06,INACTIVE,Source: (Makka Hotel 2026) New Season Far East 15 June 202_260630_174549.pdf | Page: makka_page-13.png | Meal: FB | Source period text: 11 JUNE 2026 TO 30 JULY 2026,"Harga, pajak, dan availability final setelah admin cek manual ke hotel/OTA."
MAKKAH,STANDARD,Nada Ajyad Hotel,,Alharmain PDF 11 Jun - 30 Jul 2026,Triple Room,FB meal plan,2026-06-11,2026-07-30,11 Jun - 30 Jul 2026,per kamar per malam,SAR,390,2,2,1,WiFi/detail fasilitas dicek manual via WhatsApp,Ketersediaan akhir dan payment dilanjutkan manual via WhatsApp,1413,2026-07-06,INACTIVE,Source: (Makka Hotel 2026) New Season Far East 15 June 202_260630_174549.pdf | Page: makka_page-13.png | Meal: FB | Source period text: 11 JUNE 2026 TO 30 JULY 2026,"Harga, pajak, dan availability final setelah admin cek manual ke hotel/OTA."
MAKKAH,STANDARD,Nada Ajyad Hotel,,Alharmain PDF 11 Jun - 30 Jul 2026,Quad Room,FB meal plan,2026-06-11,2026-07-30,11 Jun - 30 Jul 2026,per kamar per malam,SAR,430,2,2,1,WiFi/detail fasilitas dicek manual via WhatsApp,Ketersediaan akhir dan payment dilanjutkan manual via WhatsApp,1414,2026-07-06,INACTIVE,Source: (Makka Hotel 2026) New Season Far East 15 June 202_260630_174549.pdf | Page: makka_page-13.png | Meal: FB | Source period text: 11 JUNE 2026 TO 30 JULY 2026,"Harga, pajak, dan availability final setelah admin cek manual ke hotel/OTA."
MAKKAH,STANDARD,Nada Ajyad Hotel,,Alharmain PDF 30 Jun - 30 Jul 2026,Double Room,FB meal plan,2026-06-30,2026-07-30,30 Jun - 30 Jul 2026,per kamar per malam,SAR,380,2,2,1,WiFi/detail fasilitas dicek manual via WhatsApp,Ketersediaan akhir dan payment dilanjutkan manual via WhatsApp,1415,2026-07-06,INACTIVE,Source: (Makka Hotel 2026) New Season Far East 15 June 202_260630_174549.pdf | Page: makka_page-13.png | Meal: FB | Source period text: 30 JUNE 2026 TO 30 JULY 2026,"Harga, pajak, dan availability final setelah admin cek manual ke hotel/OTA."
MAKKAH,STANDARD,Nada Ajyad Hotel,,Alharmain PDF 30 Jun - 30 Jul 2026,Triple Room,FB meal plan,2026-06-30,2026-07-30,30 Jun - 30 Jul 2026,per kamar per malam,SAR,420,2,2,1,WiFi/detail fasilitas dicek manual via WhatsApp,Ketersediaan akhir dan payment dilanjutkan manual via WhatsApp,1416,2026-07-06,INACTIVE,Source: (Makka Hotel 2026) New Season Far East 15 June 202_260630_174549.pdf | Page: makka_page-13.png | Meal: FB | Source period text: 30 JUNE 2026 TO 30 JULY 2026,"Harga, pajak, dan availability final setelah admin cek manual ke hotel/OTA."
MAKKAH,STANDARD,Nada Ajyad Hotel,,Alharmain PDF 30 Jun - 30 Jul 2026,Quad Room,FB meal plan,2026-06-30,2026-07-30,30 Jun - 30 Jul 2026,per kamar per malam,SAR,460,2,2,1,WiFi/detail fasilitas dicek manual via WhatsApp,Ketersediaan akhir dan payment dilanjutkan manual via WhatsApp,1417,2026-07-06,INACTIVE,Source: (Makka Hotel 2026) New Season Far East 15 June 202_260630_174549.pdf | Page: makka_page-13.png | Meal: FB | Source period text: 30 JUNE 2026 TO 30 JULY 2026,"Harga, pajak, dan availability final setelah admin cek manual ke hotel/OTA."
MAKKAH,STANDARD,Azka Al Maqam Hotel,,Alharmain PDF 20 Jun - 1 Jul 2026,Double Room,FB meal plan,2026-06-20,2026-07-01,20 Jun - 1 Jul 2026,per kamar per malam,SAR,580,2,2,1,WiFi/detail fasilitas dicek manual via WhatsApp,Ketersediaan akhir dan payment dilanjutkan manual via WhatsApp,1418,2026-07-06,INACTIVE,Source: (Makka Hotel 2026) New Season Far East 15 June 202_260630_174549.pdf | Page: makka_page-13.png | Meal: FB | Source period text: 20 JUNE 2026 TO 1 JULY 2026,"Harga, pajak, dan availability final setelah admin cek manual ke hotel/OTA."
MAKKAH,STANDARD,Azka Al Maqam Hotel,,Alharmain PDF 20 Jun - 1 Jul 2026,Triple Room,FB meal plan,2026-06-20,2026-07-01,20 Jun - 1 Jul 2026,per kamar per malam,SAR,650,2,2,1,WiFi/detail fasilitas dicek manual via WhatsApp,Ketersediaan akhir dan payment dilanjutkan manual via WhatsApp,1419,2026-07-06,INACTIVE,Source: (Makka Hotel 2026) New Season Far East 15 June 202_260630_174549.pdf | Page: makka_page-13.png | Meal: FB | Source period text: 20 JUNE 2026 TO 1 JULY 2026,"Harga, pajak, dan availability final setelah admin cek manual ke hotel/OTA."
MAKKAH,STANDARD,Azka Al Maqam Hotel,,Alharmain PDF 20 Jun - 1 Jul 2026,Quad Room,FB meal plan,2026-06-20,2026-07-01,20 Jun - 1 Jul 2026,per kamar per malam,SAR,720,2,2,1,WiFi/detail fasilitas dicek manual via WhatsApp,Ketersediaan akhir dan payment dilanjutkan manual via WhatsApp,1420,2026-07-06,INACTIVE,Source: (Makka Hotel 2026) New Season Far East 15 June 202_260630_174549.pdf | Page: makka_page-13.png | Meal: FB | Source period text: 20 JUNE 2026 TO 1 JULY 2026,"Harga, pajak, dan availability final setelah admin cek manual ke hotel/OTA."
MAKKAH,STANDARD,Azka Al Maqam Hotel,,Alharmain PDF 1 Jul - 1 Aug 2026,Double Room,FB meal plan,2026-07-01,2026-08-01,1 Jul - 1 Aug 2026,per kamar per malam,SAR,630,2,2,1,WiFi/detail fasilitas dicek manual via WhatsApp,Ketersediaan akhir dan payment dilanjutkan manual via WhatsApp,1421,2026-07-06,INACTIVE,Source: (Makka Hotel 2026) New Season Far East 15 June 202_260630_174549.pdf | Page: makka_page-13.png | Meal: FB | Source period text: 1 JULY 2026 TO 1 AUGUST 2026,"Harga, pajak, dan availability final setelah admin cek manual ke hotel/OTA."
MAKKAH,STANDARD,Azka Al Maqam Hotel,,Alharmain PDF 1 Jul - 1 Aug 2026,Triple Room,FB meal plan,2026-07-01,2026-08-01,1 Jul - 1 Aug 2026,per kamar per malam,SAR,720,2,2,1,WiFi/detail fasilitas dicek manual via WhatsApp,Ketersediaan akhir dan payment dilanjutkan manual via WhatsApp,1422,2026-07-06,INACTIVE,Source: (Makka Hotel 2026) New Season Far East 15 June 202_260630_174549.pdf | Page: makka_page-13.png | Meal: FB | Source period text: 1 JULY 2026 TO 1 AUGUST 2026,"Harga, pajak, dan availability final setelah admin cek manual ke hotel/OTA."
MAKKAH,STANDARD,Azka Al Maqam Hotel,,Alharmain PDF 1 Jul - 1 Aug 2026,Quad Room,FB meal plan,2026-07-01,2026-08-01,1 Jul - 1 Aug 2026,per kamar per malam,SAR,810,2,2,1,WiFi/detail fasilitas dicek manual via WhatsApp,Ketersediaan akhir dan payment dilanjutkan manual via WhatsApp,1423,2026-07-06,INACTIVE,Source: (Makka Hotel 2026) New Season Far East 15 June 202_260630_174549.pdf | Page: makka_page-13.png | Meal: FB | Source period text: 1 JULY 2026 TO 1 AUGUST 2026,"Harga, pajak, dan availability final setelah admin cek manual ke hotel/OTA."
MAKKAH,STANDARD,Azka Al Maqam Hotel,,Alharmain PDF 1 Aug - 1 Sep 2026,Double Room,FB meal plan,2026-08-01,2026-09-01,1 Aug - 1 Sep 2026,per kamar per malam,SAR,660,2,2,1,WiFi/detail fasilitas dicek manual via WhatsApp,Ketersediaan akhir dan payment dilanjutkan manual via WhatsApp,1424,2026-07-06,INACTIVE,Source: (Makka Hotel 2026) New Season Far East 15 June 202_260630_174549.pdf | Page: makka_page-13.png | Meal: FB | Source period text: 1 AUGUST 2026 TO 1 SEP 2026,"Harga, pajak, dan availability final setelah admin cek manual ke hotel/OTA."
MAKKAH,STANDARD,Azka Al Maqam Hotel,,Alharmain PDF 1 Aug - 1 Sep 2026,Triple Room,FB meal plan,2026-08-01,2026-09-01,1 Aug - 1 Sep 2026,per kamar per malam,SAR,760,2,2,1,WiFi/detail fasilitas dicek manual via WhatsApp,Ketersediaan akhir dan payment dilanjutkan manual via WhatsApp,1425,2026-07-06,INACTIVE,Source: (Makka Hotel 2026) New Season Far East 15 June 202_260630_174549.pdf | Page: makka_page-13.png | Meal: FB | Source period text: 1 AUGUST 2026 TO 1 SEP 2026,"Harga, pajak, dan availability final setelah admin cek manual ke hotel/OTA."
MAKKAH,STANDARD,Azka Al Maqam Hotel,,Alharmain PDF 1 Aug - 1 Sep 2026,Quad Room,FB meal plan,2026-08-01,2026-09-01,1 Aug - 1 Sep 2026,per kamar per malam,SAR,850,2,2,1,WiFi/detail fasilitas dicek manual via WhatsApp,Ketersediaan akhir dan payment dilanjutkan manual via WhatsApp,1426,2026-07-06,INACTIVE,Source: (Makka Hotel 2026) New Season Far East 15 June 202_260630_174549.pdf | Page: makka_page-13.png | Meal: FB | Source period text: 1 AUGUST 2026 TO 1 SEP 2026,"Harga, pajak, dan availability final setelah admin cek manual ke hotel/OTA."
MAKKAH,STANDARD,Elaf Al Bait Hotel,,Alharmain PDF 15 Jun - 1 Jul 2026,Double Room,FB meal plan,2026-06-15,2026-07-01,15 Jun - 1 Jul 2026,per kamar per malam,SAR,600,2,2,1,WiFi/detail fasilitas dicek manual via WhatsApp,Ketersediaan akhir dan payment dilanjutkan manual via WhatsApp,1427,2026-07-06,INACTIVE,Source: (Makka Hotel 2026) New Season Far East 15 June 202_260630_174549.pdf | Page: makka_page-13.png | Meal: FB | Source period text: 15 JUNE 2026 TO 1 JULY 2026,"Harga, pajak, dan availability final setelah admin cek manual ke hotel/OTA."
MAKKAH,STANDARD,Elaf Al Bait Hotel,,Alharmain PDF 15 Jun - 1 Jul 2026,Triple Room,FB meal plan,2026-06-15,2026-07-01,15 Jun - 1 Jul 2026,per kamar per malam,SAR,675,2,2,1,WiFi/detail fasilitas dicek manual via WhatsApp,Ketersediaan akhir dan payment dilanjutkan manual via WhatsApp,1428,2026-07-06,INACTIVE,Source: (Makka Hotel 2026) New Season Far East 15 June 202_260630_174549.pdf | Page: makka_page-13.png | Meal: FB | Source period text: 15 JUNE 2026 TO 1 JULY 2026,"Harga, pajak, dan availability final setelah admin cek manual ke hotel/OTA."
MAKKAH,STANDARD,Elaf Al Bait Hotel,,Alharmain PDF 15 Jun - 1 Jul 2026,Quad Room,FB meal plan,2026-06-15,2026-07-01,15 Jun - 1 Jul 2026,per kamar per malam,SAR,750,2,2,1,WiFi/detail fasilitas dicek manual via WhatsApp,Ketersediaan akhir dan payment dilanjutkan manual via WhatsApp,1429,2026-07-06,INACTIVE,Source: (Makka Hotel 2026) New Season Far East 15 June 202_260630_174549.pdf | Page: makka_page-13.png | Meal: FB | Source period text: 15 JUNE 2026 TO 1 JULY 2026,"Harga, pajak, dan availability final setelah admin cek manual ke hotel/OTA."
MAKKAH,STANDARD,Elaf Al Bait Hotel,,Alharmain PDF Jul 2026,Double Room,FB meal plan,2026-07-01,2026-07-31,Jul 2026,per kamar per malam,SAR,625,2,2,1,WiFi/detail fasilitas dicek manual via WhatsApp,Ketersediaan akhir dan payment dilanjutkan manual via WhatsApp,1430,2026-07-06,INACTIVE,Source: (Makka Hotel 2026) New Season Far East 15 June 202_260630_174549.pdf | Page: makka_page-13.png | Meal: FB | Source period text: 1 JULY 2026 TO,"Harga, pajak, dan availability final setelah admin cek manual ke hotel/OTA."
MAKKAH,STANDARD,Elaf Al Bait Hotel,,Alharmain PDF Jul 2026,Triple Room,FB meal plan,2026-07-01,2026-07-31,Jul 2026,per kamar per malam,SAR,725,2,2,1,WiFi/detail fasilitas dicek manual via WhatsApp,Ketersediaan akhir dan payment dilanjutkan manual via WhatsApp,1431,2026-07-06,INACTIVE,Source: (Makka Hotel 2026) New Season Far East 15 June 202_260630_174549.pdf | Page: makka_page-13.png | Meal: FB | Source period text: 1 JULY 2026 TO,"Harga, pajak, dan availability final setelah admin cek manual ke hotel/OTA."
MAKKAH,STANDARD,Elaf Al Bait Hotel,,Alharmain PDF Jul 2026,Quad Room,FB meal plan,2026-07-01,2026-07-31,Jul 2026,per kamar per malam,SAR,825,2,2,1,WiFi/detail fasilitas dicek manual via WhatsApp,Ketersediaan akhir dan payment dilanjutkan manual via WhatsApp,1432,2026-07-06,INACTIVE,Source: (Makka Hotel 2026) New Season Far East 15 June 202_260630_174549.pdf | Page: makka_page-13.png | Meal: FB | Source period text: 1 JULY 2026 TO,"Harga, pajak, dan availability final setelah admin cek manual ke hotel/OTA."
MAKKAH,STANDARD,Elaf Al Bait Hotel,,Alharmain PDF 1 Aug - 1 Sep 2026,Double Room,FB meal plan,2026-08-01,2026-09-01,1 Aug - 1 Sep 2026,per kamar per malam,SAR,650,2,2,1,WiFi/detail fasilitas dicek manual via WhatsApp,Ketersediaan akhir dan payment dilanjutkan manual via WhatsApp,1433,2026-07-06,INACTIVE,Source: (Makka Hotel 2026) New Season Far East 15 June 202_260630_174549.pdf | Page: makka_page-13.png | Meal: FB | Source period text: 1 AUGUST 2026 TO 1 SEP 2026,"Harga, pajak, dan availability final setelah admin cek manual ke hotel/OTA."
MAKKAH,STANDARD,Elaf Al Bait Hotel,,Alharmain PDF 1 Aug - 1 Sep 2026,Triple Room,FB meal plan,2026-08-01,2026-09-01,1 Aug - 1 Sep 2026,per kamar per malam,SAR,750,2,2,1,WiFi/detail fasilitas dicek manual via WhatsApp,Ketersediaan akhir dan payment dilanjutkan manual via WhatsApp,1434,2026-07-06,INACTIVE,Source: (Makka Hotel 2026) New Season Far East 15 June 202_260630_174549.pdf | Page: makka_page-13.png | Meal: FB | Source period text: 1 AUGUST 2026 TO 1 SEP 2026,"Harga, pajak, dan availability final setelah admin cek manual ke hotel/OTA."
MAKKAH,STANDARD,Elaf Al Bait Hotel,,Alharmain PDF 1 Aug - 1 Sep 2026,Quad Room,FB meal plan,2026-08-01,2026-09-01,1 Aug - 1 Sep 2026,per kamar per malam,SAR,850,2,2,1,WiFi/detail fasilitas dicek manual via WhatsApp,Ketersediaan akhir dan payment dilanjutkan manual via WhatsApp,1435,2026-07-06,INACTIVE,Source: (Makka Hotel 2026) New Season Far East 15 June 202_260630_174549.pdf | Page: makka_page-13.png | Meal: FB | Source period text: 1 AUGUST 2026 TO 1 SEP 2026,"Harga, pajak, dan availability final setelah admin cek manual ke hotel/OTA."
MAKKAH,STANDARD,Manazel Ajyad Ex Elaf Ajyad,,Alharmain PDF 16 Jun - 14 Aug 2026,Double Room,FB meal plan,2026-06-16,2026-08-14,16 Jun - 14 Aug 2026,per kamar per malam,SAR,500,2,2,1,WiFi/detail fasilitas dicek manual via WhatsApp,Ketersediaan akhir dan payment dilanjutkan manual via WhatsApp,1436,2026-07-06,INACTIVE,Source: (Makka Hotel 2026) New Season Far East 15 June 202_260630_174549.pdf | Page: makka_page-14.png | Meal: FB | Source period text: 16 JUNE 2026 TO 14 AUGUST 2026,"Harga, pajak, dan availability final setelah admin cek manual ke hotel/OTA."
MAKKAH,STANDARD,Manazel Ajyad Ex Elaf Ajyad,,Alharmain PDF 16 Jun - 14 Aug 2026,Triple Room,FB meal plan,2026-06-16,2026-08-14,16 Jun - 14 Aug 2026,per kamar per malam,SAR,560,2,2,1,WiFi/detail fasilitas dicek manual via WhatsApp,Ketersediaan akhir dan payment dilanjutkan manual via WhatsApp,1437,2026-07-06,INACTIVE,Source: (Makka Hotel 2026) New Season Far East 15 June 202_260630_174549.pdf | Page: makka_page-14.png | Meal: FB | Source period text: 16 JUNE 2026 TO 14 AUGUST 2026,"Harga, pajak, dan availability final setelah admin cek manual ke hotel/OTA."
MAKKAH,STANDARD,Manazel Ajyad Ex Elaf Ajyad,,Alharmain PDF 16 Jun - 14 Aug 2026,Quad Room,FB meal plan,2026-06-16,2026-08-14,16 Jun - 14 Aug 2026,per kamar per malam,SAR,620,2,2,1,WiFi/detail fasilitas dicek manual via WhatsApp,Ketersediaan akhir dan payment dilanjutkan manual via WhatsApp,1438,2026-07-06,INACTIVE,Source: (Makka Hotel 2026) New Season Far East 15 June 202_260630_174549.pdf | Page: makka_page-14.png | Meal: FB | Source period text: 16 JUNE 2026 TO 14 AUGUST 2026,"Harga, pajak, dan availability final setelah admin cek manual ke hotel/OTA."
MAKKAH,STANDARD,Manazel Ajyad Ex Elaf Ajyad,,Alharmain PDF 16 Jun - 14 Aug 2026,Suite (5pax),FB meal plan,2026-06-16,2026-08-14,16 Jun - 14 Aug 2026,per kamar per malam,SAR,720,2,2,1,WiFi/detail fasilitas dicek manual via WhatsApp,Ketersediaan akhir dan payment dilanjutkan manual via WhatsApp,1439,2026-07-06,INACTIVE,Source: (Makka Hotel 2026) New Season Far East 15 June 202_260630_174549.pdf | Page: makka_page-14.png | Meal: FB | Source period text: 16 JUNE 2026 TO 14 AUGUST 2026,"Harga, pajak, dan availability final setelah admin cek manual ke hotel/OTA."
MAKKAH,STANDARD,Manazel Ajyad Ex Elaf Ajyad,,Alharmain PDF 14 Aug - 21 Dec 2026,Double Room,FB meal plan,2026-08-14,2026-12-21,14 Aug - 21 Dec 2026,per kamar per malam,SAR,540,2,2,1,WiFi/detail fasilitas dicek manual via WhatsApp,Ketersediaan akhir dan payment dilanjutkan manual via WhatsApp,1440,2026-07-06,INACTIVE,Source: (Makka Hotel 2026) New Season Far East 15 June 202_260630_174549.pdf | Page: makka_page-14.png | Meal: FB | Source period text: 14 AUGUST 2026 TO 21 DEC 2026,"Harga, pajak, dan availability final setelah admin cek manual ke hotel/OTA."
MAKKAH,STANDARD,Manazel Ajyad Ex Elaf Ajyad,,Alharmain PDF 14 Aug - 21 Dec 2026,Triple Room,FB meal plan,2026-08-14,2026-12-21,14 Aug - 21 Dec 2026,per kamar per malam,SAR,600,2,2,1,WiFi/detail fasilitas dicek manual via WhatsApp,Ketersediaan akhir dan payment dilanjutkan manual via WhatsApp,1441,2026-07-06,INACTIVE,Source: (Makka Hotel 2026) New Season Far East 15 June 202_260630_174549.pdf | Page: makka_page-14.png | Meal: FB | Source period text: 14 AUGUST 2026 TO 21 DEC 2026,"Harga, pajak, dan availability final setelah admin cek manual ke hotel/OTA."
MAKKAH,STANDARD,Manazel Ajyad Ex Elaf Ajyad,,Alharmain PDF 14 Aug - 21 Dec 2026,Quad Room,FB meal plan,2026-08-14,2026-12-21,14 Aug - 21 Dec 2026,per kamar per malam,SAR,660,2,2,1,WiFi/detail fasilitas dicek manual via WhatsApp,Ketersediaan akhir dan payment dilanjutkan manual via WhatsApp,1442,2026-07-06,INACTIVE,Source: (Makka Hotel 2026) New Season Far East 15 June 202_260630_174549.pdf | Page: makka_page-14.png | Meal: FB | Source period text: 14 AUGUST 2026 TO 21 DEC 2026,"Harga, pajak, dan availability final setelah admin cek manual ke hotel/OTA."
MAKKAH,STANDARD,Manazel Ajyad Ex Elaf Ajyad,,Alharmain PDF 14 Aug - 21 Dec 2026,Suite (5pax),FB meal plan,2026-08-14,2026-12-21,14 Aug - 21 Dec 2026,per kamar per malam,SAR,760,2,2,1,WiFi/detail fasilitas dicek manual via WhatsApp,Ketersediaan akhir dan payment dilanjutkan manual via WhatsApp,1443,2026-07-06,INACTIVE,Source: (Makka Hotel 2026) New Season Far East 15 June 202_260630_174549.pdf | Page: makka_page-14.png | Meal: FB | Source period text: 14 AUGUST 2026 TO 21 DEC 2026,"Harga, pajak, dan availability final setelah admin cek manual ke hotel/OTA."
MAKKAH,STANDARD,Manazel Ajyad Ex Elaf Ajyad,,Alharmain PDF 21 Dec 2026 - 4 Jan 2027,Double Room,FB meal plan,2026-12-21,2027-01-04,21 Dec 2026 - 4 Jan 2027,per kamar per malam,SAR,680,2,2,1,WiFi/detail fasilitas dicek manual via WhatsApp,Ketersediaan akhir dan payment dilanjutkan manual via WhatsApp,1444,2026-07-06,INACTIVE,Source: (Makka Hotel 2026) New Season Far East 15 June 202_260630_174549.pdf | Page: makka_page-14.png | Meal: FB | Source period text: 21 DEC 2026 TO 4 JAN 2027,"Harga, pajak, dan availability final setelah admin cek manual ke hotel/OTA."
MAKKAH,STANDARD,Manazel Ajyad Ex Elaf Ajyad,,Alharmain PDF 21 Dec 2026 - 4 Jan 2027,Triple Room,FB meal plan,2026-12-21,2027-01-04,21 Dec 2026 - 4 Jan 2027,per kamar per malam,SAR,740,2,2,1,WiFi/detail fasilitas dicek manual via WhatsApp,Ketersediaan akhir dan payment dilanjutkan manual via WhatsApp,1445,2026-07-06,INACTIVE,Source: (Makka Hotel 2026) New Season Far East 15 June 202_260630_174549.pdf | Page: makka_page-14.png | Meal: FB | Source period text: 21 DEC 2026 TO 4 JAN 2027,"Harga, pajak, dan availability final setelah admin cek manual ke hotel/OTA."
MAKKAH,STANDARD,Manazel Ajyad Ex Elaf Ajyad,,Alharmain PDF 21 Dec 2026 - 4 Jan 2027,Quad Room,FB meal plan,2026-12-21,2027-01-04,21 Dec 2026 - 4 Jan 2027,per kamar per malam,SAR,800,2,2,1,WiFi/detail fasilitas dicek manual via WhatsApp,Ketersediaan akhir dan payment dilanjutkan manual via WhatsApp,1446,2026-07-06,INACTIVE,Source: (Makka Hotel 2026) New Season Far East 15 June 202_260630_174549.pdf | Page: makka_page-14.png | Meal: FB | Source period text: 21 DEC 2026 TO 4 JAN 2027,"Harga, pajak, dan availability final setelah admin cek manual ke hotel/OTA."
MAKKAH,STANDARD,Manazel Ajyad Ex Elaf Ajyad,,Alharmain PDF 21 Dec 2026 - 4 Jan 2027,Suite (5pax),FB meal plan,2026-12-21,2027-01-04,21 Dec 2026 - 4 Jan 2027,per kamar per malam,SAR,900,2,2,1,WiFi/detail fasilitas dicek manual via WhatsApp,Ketersediaan akhir dan payment dilanjutkan manual via WhatsApp,1447,2026-07-06,INACTIVE,Source: (Makka Hotel 2026) New Season Far East 15 June 202_260630_174549.pdf | Page: makka_page-14.png | Meal: FB | Source period text: 21 DEC 2026 TO 4 JAN 2027,"Harga, pajak, dan availability final setelah admin cek manual ke hotel/OTA."
MAKKAH,STANDARD,Manazel Ajyad Ex Elaf Ajyad,,Alharmain PDF 4 Jan - 8 Feb 2027,Double Room,FB meal plan,2027-01-04,2027-02-08,4 Jan - 8 Feb 2027,per kamar per malam,SAR,570,2,2,1,WiFi/detail fasilitas dicek manual via WhatsApp,Ketersediaan akhir dan payment dilanjutkan manual via WhatsApp,1448,2026-07-06,INACTIVE,Source: (Makka Hotel 2026) New Season Far East 15 June 202_260630_174549.pdf | Page: makka_page-14.png | Meal: FB | Source period text: 4 JAN 2027 TO 8 FEB 2027,"Harga, pajak, dan availability final setelah admin cek manual ke hotel/OTA."
MAKKAH,STANDARD,Manazel Ajyad Ex Elaf Ajyad,,Alharmain PDF 4 Jan - 8 Feb 2027,Triple Room,FB meal plan,2027-01-04,2027-02-08,4 Jan - 8 Feb 2027,per kamar per malam,SAR,630,2,2,1,WiFi/detail fasilitas dicek manual via WhatsApp,Ketersediaan akhir dan payment dilanjutkan manual via WhatsApp,1449,2026-07-06,INACTIVE,Source: (Makka Hotel 2026) New Season Far East 15 June 202_260630_174549.pdf | Page: makka_page-14.png | Meal: FB | Source period text: 4 JAN 2027 TO 8 FEB 2027,"Harga, pajak, dan availability final setelah admin cek manual ke hotel/OTA."
MAKKAH,STANDARD,Manazel Ajyad Ex Elaf Ajyad,,Alharmain PDF 4 Jan - 8 Feb 2027,Quad Room,FB meal plan,2027-01-04,2027-02-08,4 Jan - 8 Feb 2027,per kamar per malam,SAR,690,2,2,1,WiFi/detail fasilitas dicek manual via WhatsApp,Ketersediaan akhir dan payment dilanjutkan manual via WhatsApp,1450,2026-07-06,INACTIVE,Source: (Makka Hotel 2026) New Season Far East 15 June 202_260630_174549.pdf | Page: makka_page-14.png | Meal: FB | Source period text: 4 JAN 2027 TO 8 FEB 2027,"Harga, pajak, dan availability final setelah admin cek manual ke hotel/OTA."
MAKKAH,STANDARD,Manazel Ajyad Ex Elaf Ajyad,,Alharmain PDF 4 Jan - 8 Feb 2027,Suite (5pax),FB meal plan,2027-01-04,2027-02-08,4 Jan - 8 Feb 2027,per kamar per malam,SAR,790,2,2,1,WiFi/detail fasilitas dicek manual via WhatsApp,Ketersediaan akhir dan payment dilanjutkan manual via WhatsApp,1451,2026-07-06,INACTIVE,Source: (Makka Hotel 2026) New Season Far East 15 June 202_260630_174549.pdf | Page: makka_page-14.png | Meal: FB | Source period text: 4 JAN 2027 TO 8 FEB 2027,"Harga, pajak, dan availability final setelah admin cek manual ke hotel/OTA."
MAKKAH,STANDARD,Manazel Ajyad Ex Elaf Ajyad,,Alharmain PDF 9 Mar - 8 Apr 2027,Double Room,FB meal plan,2027-03-09,2027-04-08,9 Mar - 8 Apr 2027,per kamar per malam,SAR,570,2,2,1,WiFi/detail fasilitas dicek manual via WhatsApp,Ketersediaan akhir dan payment dilanjutkan manual via WhatsApp,1452,2026-07-06,INACTIVE,Source: (Makka Hotel 2026) New Season Far East 15 June 202_260630_174549.pdf | Page: makka_page-14.png | Meal: FB | Source period text: 9 MAR 2027 TO 8 APR 2027,"Harga, pajak, dan availability final setelah admin cek manual ke hotel/OTA."
MAKKAH,STANDARD,Manazel Ajyad Ex Elaf Ajyad,,Alharmain PDF 9 Mar - 8 Apr 2027,Triple Room,FB meal plan,2027-03-09,2027-04-08,9 Mar - 8 Apr 2027,per kamar per malam,SAR,630,2,2,1,WiFi/detail fasilitas dicek manual via WhatsApp,Ketersediaan akhir dan payment dilanjutkan manual via WhatsApp,1453,2026-07-06,INACTIVE,Source: (Makka Hotel 2026) New Season Far East 15 June 202_260630_174549.pdf | Page: makka_page-14.png | Meal: FB | Source period text: 9 MAR 2027 TO 8 APR 2027,"Harga, pajak, dan availability final setelah admin cek manual ke hotel/OTA."
MAKKAH,STANDARD,Manazel Ajyad Ex Elaf Ajyad,,Alharmain PDF 9 Mar - 8 Apr 2027,Quad Room,FB meal plan,2027-03-09,2027-04-08,9 Mar - 8 Apr 2027,per kamar per malam,SAR,690,2,2,1,WiFi/detail fasilitas dicek manual via WhatsApp,Ketersediaan akhir dan payment dilanjutkan manual via WhatsApp,1454,2026-07-06,INACTIVE,Source: (Makka Hotel 2026) New Season Far East 15 June 202_260630_174549.pdf | Page: makka_page-14.png | Meal: FB | Source period text: 9 MAR 2027 TO 8 APR 2027,"Harga, pajak, dan availability final setelah admin cek manual ke hotel/OTA."
MAKKAH,STANDARD,Manazel Ajyad Ex Elaf Ajyad,,Alharmain PDF 9 Mar - 8 Apr 2027,Suite (5pax),FB meal plan,2027-03-09,2027-04-08,9 Mar - 8 Apr 2027,per kamar per malam,SAR,790,2,2,1,WiFi/detail fasilitas dicek manual via WhatsApp,Ketersediaan akhir dan payment dilanjutkan manual via WhatsApp,1455,2026-07-06,INACTIVE,Source: (Makka Hotel 2026) New Season Far East 15 June 202_260630_174549.pdf | Page: makka_page-14.png | Meal: FB | Source period text: 9 MAR 2027 TO 8 APR 2027,"Harga, pajak, dan availability final setelah admin cek manual ke hotel/OTA."
MAKKAH,STANDARD,Elaf Bakkah Hotel,,Alharmain PDF 16 Jun - 14 Aug 2026,Double Room,FB meal plan,2026-06-16,2026-08-14,16 Jun - 14 Aug 2026,per kamar per malam,SAR,320,2,2,1,WiFi/detail fasilitas dicek manual via WhatsApp,Ketersediaan akhir dan payment dilanjutkan manual via WhatsApp,1456,2026-07-06,INACTIVE,Source: (Makka Hotel 2026) New Season Far East 15 June 202_260630_174549.pdf | Page: makka_page-14.png | Meal: FB | Source period text: 16 JUNE 2026 TO 14 AUGUST 2026,"Harga, pajak, dan availability final setelah admin cek manual ke hotel/OTA."
MAKKAH,STANDARD,Elaf Bakkah Hotel,,Alharmain PDF 16 Jun - 14 Aug 2026,Triple Room,FB meal plan,2026-06-16,2026-08-14,16 Jun - 14 Aug 2026,per kamar per malam,SAR,380,2,2,1,WiFi/detail fasilitas dicek manual via WhatsApp,Ketersediaan akhir dan payment dilanjutkan manual via WhatsApp,1457,2026-07-06,INACTIVE,Source: (Makka Hotel 2026) New Season Far East 15 June 202_260630_174549.pdf | Page: makka_page-14.png | Meal: FB | Source period text: 16 JUNE 2026 TO 14 AUGUST 2026,"Harga, pajak, dan availability final setelah admin cek manual ke hotel/OTA."
MAKKAH,STANDARD,Elaf Bakkah Hotel,,Alharmain PDF 16 Jun - 14 Aug 2026,Quad Room,FB meal plan,2026-06-16,2026-08-14,16 Jun - 14 Aug 2026,per kamar per malam,SAR,440,2,2,1,WiFi/detail fasilitas dicek manual via WhatsApp,Ketersediaan akhir dan payment dilanjutkan manual via WhatsApp,1458,2026-07-06,INACTIVE,Source: (Makka Hotel 2026) New Season Far East 15 June 202_260630_174549.pdf | Page: makka_page-14.png | Meal: FB | Source period text: 16 JUNE 2026 TO 14 AUGUST 2026,"Harga, pajak, dan availability final setelah admin cek manual ke hotel/OTA."
MAKKAH,STANDARD,Elaf Bakkah Hotel,,Alharmain PDF 14 Aug - 21 Dec 2026,Double Room,FB meal plan,2026-08-14,2026-12-21,14 Aug - 21 Dec 2026,per kamar per malam,SAR,360,2,2,1,WiFi/detail fasilitas dicek manual via WhatsApp,Ketersediaan akhir dan payment dilanjutkan manual via WhatsApp,1459,2026-07-06,INACTIVE,Source: (Makka Hotel 2026) New Season Far East 15 June 202_260630_174549.pdf | Page: makka_page-14.png | Meal: FB | Source period text: 14 AUGUST 2026 TO 21 DEC 2026,"Harga, pajak, dan availability final setelah admin cek manual ke hotel/OTA."
MAKKAH,STANDARD,Elaf Bakkah Hotel,,Alharmain PDF 14 Aug - 21 Dec 2026,Triple Room,FB meal plan,2026-08-14,2026-12-21,14 Aug - 21 Dec 2026,per kamar per malam,SAR,420,2,2,1,WiFi/detail fasilitas dicek manual via WhatsApp,Ketersediaan akhir dan payment dilanjutkan manual via WhatsApp,1460,2026-07-06,INACTIVE,Source: (Makka Hotel 2026) New Season Far East 15 June 202_260630_174549.pdf | Page: makka_page-14.png | Meal: FB | Source period text: 14 AUGUST 2026 TO 21 DEC 2026,"Harga, pajak, dan availability final setelah admin cek manual ke hotel/OTA."
MAKKAH,STANDARD,Elaf Bakkah Hotel,,Alharmain PDF 14 Aug - 21 Dec 2026,Quad Room,FB meal plan,2026-08-14,2026-12-21,14 Aug - 21 Dec 2026,per kamar per malam,SAR,480,2,2,1,WiFi/detail fasilitas dicek manual via WhatsApp,Ketersediaan akhir dan payment dilanjutkan manual via WhatsApp,1461,2026-07-06,INACTIVE,Source: (Makka Hotel 2026) New Season Far East 15 June 202_260630_174549.pdf | Page: makka_page-14.png | Meal: FB | Source period text: 14 AUGUST 2026 TO 21 DEC 2026,"Harga, pajak, dan availability final setelah admin cek manual ke hotel/OTA."
MAKKAH,STANDARD,Elaf Bakkah Hotel,,Alharmain PDF 21 Dec 2026 - 4 Jan 2027,Double Room,FB meal plan,2026-12-21,2027-01-04,21 Dec 2026 - 4 Jan 2027,per kamar per malam,SAR,440,2,2,1,WiFi/detail fasilitas dicek manual via WhatsApp,Ketersediaan akhir dan payment dilanjutkan manual via WhatsApp,1462,2026-07-06,INACTIVE,Source: (Makka Hotel 2026) New Season Far East 15 June 202_260630_174549.pdf | Page: makka_page-14.png | Meal: FB | Source period text: 21 DEC 2026 TO 4 JAN 2027,"Harga, pajak, dan availability final setelah admin cek manual ke hotel/OTA."
MAKKAH,STANDARD,Elaf Bakkah Hotel,,Alharmain PDF 21 Dec 2026 - 4 Jan 2027,Triple Room,FB meal plan,2026-12-21,2027-01-04,21 Dec 2026 - 4 Jan 2027,per kamar per malam,SAR,500,2,2,1,WiFi/detail fasilitas dicek manual via WhatsApp,Ketersediaan akhir dan payment dilanjutkan manual via WhatsApp,1463,2026-07-06,INACTIVE,Source: (Makka Hotel 2026) New Season Far East 15 June 202_260630_174549.pdf | Page: makka_page-14.png | Meal: FB | Source period text: 21 DEC 2026 TO 4 JAN 2027,"Harga, pajak, dan availability final setelah admin cek manual ke hotel/OTA."
MAKKAH,STANDARD,Elaf Bakkah Hotel,,Alharmain PDF 21 Dec 2026 - 4 Jan 2027,Quad Room,FB meal plan,2026-12-21,2027-01-04,21 Dec 2026 - 4 Jan 2027,per kamar per malam,SAR,560,2,2,1,WiFi/detail fasilitas dicek manual via WhatsApp,Ketersediaan akhir dan payment dilanjutkan manual via WhatsApp,1464,2026-07-06,INACTIVE,Source: (Makka Hotel 2026) New Season Far East 15 June 202_260630_174549.pdf | Page: makka_page-14.png | Meal: FB | Source period text: 21 DEC 2026 TO 4 JAN 2027,"Harga, pajak, dan availability final setelah admin cek manual ke hotel/OTA."
MAKKAH,STANDARD,Elaf Bakkah Hotel,,Alharmain PDF 4 Jan - 8 Feb 2027,Double Room,FB meal plan,2027-01-04,2027-02-08,4 Jan - 8 Feb 2027,per kamar per malam,SAR,380,2,2,1,WiFi/detail fasilitas dicek manual via WhatsApp,Ketersediaan akhir dan payment dilanjutkan manual via WhatsApp,1465,2026-07-06,INACTIVE,Source: (Makka Hotel 2026) New Season Far East 15 June 202_260630_174549.pdf | Page: makka_page-14.png | Meal: FB | Source period text: 4 JAN 2027 TO 8 FEB 2027,"Harga, pajak, dan availability final setelah admin cek manual ke hotel/OTA."
MAKKAH,STANDARD,Elaf Bakkah Hotel,,Alharmain PDF 4 Jan - 8 Feb 2027,Triple Room,FB meal plan,2027-01-04,2027-02-08,4 Jan - 8 Feb 2027,per kamar per malam,SAR,440,2,2,1,WiFi/detail fasilitas dicek manual via WhatsApp,Ketersediaan akhir dan payment dilanjutkan manual via WhatsApp,1466,2026-07-06,INACTIVE,Source: (Makka Hotel 2026) New Season Far East 15 June 202_260630_174549.pdf | Page: makka_page-14.png | Meal: FB | Source period text: 4 JAN 2027 TO 8 FEB 2027,"Harga, pajak, dan availability final setelah admin cek manual ke hotel/OTA."
MAKKAH,STANDARD,Elaf Bakkah Hotel,,Alharmain PDF 4 Jan - 8 Feb 2027,Quad Room,FB meal plan,2027-01-04,2027-02-08,4 Jan - 8 Feb 2027,per kamar per malam,SAR,500,2,2,1,WiFi/detail fasilitas dicek manual via WhatsApp,Ketersediaan akhir dan payment dilanjutkan manual via WhatsApp,1467,2026-07-06,INACTIVE,Source: (Makka Hotel 2026) New Season Far East 15 June 202_260630_174549.pdf | Page: makka_page-14.png | Meal: FB | Source period text: 4 JAN 2027 TO 8 FEB 2027,"Harga, pajak, dan availability final setelah admin cek manual ke hotel/OTA."
MAKKAH,STANDARD,Elaf Bakkah Hotel,,Alharmain PDF 9 Mar - 8 Apr 2027,Double Room,FB meal plan,2027-03-09,2027-04-08,9 Mar - 8 Apr 2027,per kamar per malam,SAR,380,2,2,1,WiFi/detail fasilitas dicek manual via WhatsApp,Ketersediaan akhir dan payment dilanjutkan manual via WhatsApp,1468,2026-07-06,INACTIVE,Source: (Makka Hotel 2026) New Season Far East 15 June 202_260630_174549.pdf | Page: makka_page-14.png | Meal: FB | Source period text: 9 MAR 2027 TO 8 APR 2027,"Harga, pajak, dan availability final setelah admin cek manual ke hotel/OTA."
MAKKAH,STANDARD,Elaf Bakkah Hotel,,Alharmain PDF 9 Mar - 8 Apr 2027,Triple Room,FB meal plan,2027-03-09,2027-04-08,9 Mar - 8 Apr 2027,per kamar per malam,SAR,440,2,2,1,WiFi/detail fasilitas dicek manual via WhatsApp,Ketersediaan akhir dan payment dilanjutkan manual via WhatsApp,1469,2026-07-06,INACTIVE,Source: (Makka Hotel 2026) New Season Far East 15 June 202_260630_174549.pdf | Page: makka_page-14.png | Meal: FB | Source period text: 9 MAR 2027 TO 8 APR 2027,"Harga, pajak, dan availability final setelah admin cek manual ke hotel/OTA."
MAKKAH,STANDARD,Elaf Bakkah Hotel,,Alharmain PDF 9 Mar - 8 Apr 2027,Quad Room,FB meal plan,2027-03-09,2027-04-08,9 Mar - 8 Apr 2027,per kamar per malam,SAR,500,2,2,1,WiFi/detail fasilitas dicek manual via WhatsApp,Ketersediaan akhir dan payment dilanjutkan manual via WhatsApp,1470,2026-07-06,INACTIVE,Source: (Makka Hotel 2026) New Season Far East 15 June 202_260630_174549.pdf | Page: makka_page-14.png | Meal: FB | Source period text: 9 MAR 2027 TO 8 APR 2027,"Harga, pajak, dan availability final setelah admin cek manual ke hotel/OTA."
MAKKAH,STANDARD,Elaf Qinwan Hotel,,Alharmain PDF 16 Jun - 14 Aug 2026,Double Room,FB meal plan,2026-06-16,2026-08-14,16 Jun - 14 Aug 2026,per kamar per malam,SAR,280,2,2,1,WiFi/detail fasilitas dicek manual via WhatsApp,Ketersediaan akhir dan payment dilanjutkan manual via WhatsApp,1471,2026-07-06,INACTIVE,Source: (Makka Hotel 2026) New Season Far East 15 June 202_260630_174549.pdf | Page: makka_page-14.png | Meal: FB | Source period text: 16 JUNE 2026 TO 14 AUGUST 2026,"Harga, pajak, dan availability final setelah admin cek manual ke hotel/OTA."
MAKKAH,STANDARD,Elaf Qinwan Hotel,,Alharmain PDF 16 Jun - 14 Aug 2026,Triple Room,FB meal plan,2026-06-16,2026-08-14,16 Jun - 14 Aug 2026,per kamar per malam,SAR,340,2,2,1,WiFi/detail fasilitas dicek manual via WhatsApp,Ketersediaan akhir dan payment dilanjutkan manual via WhatsApp,1472,2026-07-06,INACTIVE,Source: (Makka Hotel 2026) New Season Far East 15 June 202_260630_174549.pdf | Page: makka_page-14.png | Meal: FB | Source period text: 16 JUNE 2026 TO 14 AUGUST 2026,"Harga, pajak, dan availability final setelah admin cek manual ke hotel/OTA."
MAKKAH,STANDARD,Elaf Qinwan Hotel,,Alharmain PDF 16 Jun - 14 Aug 2026,Quad Room,FB meal plan,2026-06-16,2026-08-14,16 Jun - 14 Aug 2026,per kamar per malam,SAR,400,2,2,1,WiFi/detail fasilitas dicek manual via WhatsApp,Ketersediaan akhir dan payment dilanjutkan manual via WhatsApp,1473,2026-07-06,INACTIVE,Source: (Makka Hotel 2026) New Season Far East 15 June 202_260630_174549.pdf | Page: makka_page-14.png | Meal: FB | Source period text: 16 JUNE 2026 TO 14 AUGUST 2026,"Harga, pajak, dan availability final setelah admin cek manual ke hotel/OTA."
MAKKAH,STANDARD,Elaf Qinwan Hotel,,Alharmain PDF 14 Aug - 21 Dec 2026,Double Room,FB meal plan,2026-08-14,2026-12-21,14 Aug - 21 Dec 2026,per kamar per malam,SAR,320,2,2,1,WiFi/detail fasilitas dicek manual via WhatsApp,Ketersediaan akhir dan payment dilanjutkan manual via WhatsApp,1474,2026-07-06,INACTIVE,Source: (Makka Hotel 2026) New Season Far East 15 June 202_260630_174549.pdf | Page: makka_page-14.png | Meal: FB | Source period text: 14 AUGUST 2026 TO 21 DEC 2026,"Harga, pajak, dan availability final setelah admin cek manual ke hotel/OTA."
MAKKAH,STANDARD,Elaf Qinwan Hotel,,Alharmain PDF 14 Aug - 21 Dec 2026,Triple Room,FB meal plan,2026-08-14,2026-12-21,14 Aug - 21 Dec 2026,per kamar per malam,SAR,380,2,2,1,WiFi/detail fasilitas dicek manual via WhatsApp,Ketersediaan akhir dan payment dilanjutkan manual via WhatsApp,1475,2026-07-06,INACTIVE,Source: (Makka Hotel 2026) New Season Far East 15 June 202_260630_174549.pdf | Page: makka_page-14.png | Meal: FB | Source period text: 14 AUGUST 2026 TO 21 DEC 2026,"Harga, pajak, dan availability final setelah admin cek manual ke hotel/OTA."
MAKKAH,STANDARD,Elaf Qinwan Hotel,,Alharmain PDF 14 Aug - 21 Dec 2026,Quad Room,FB meal plan,2026-08-14,2026-12-21,14 Aug - 21 Dec 2026,per kamar per malam,SAR,440,2,2,1,WiFi/detail fasilitas dicek manual via WhatsApp,Ketersediaan akhir dan payment dilanjutkan manual via WhatsApp,1476,2026-07-06,INACTIVE,Source: (Makka Hotel 2026) New Season Far East 15 June 202_260630_174549.pdf | Page: makka_page-14.png | Meal: FB | Source period text: 14 AUGUST 2026 TO 21 DEC 2026,"Harga, pajak, dan availability final setelah admin cek manual ke hotel/OTA."
MAKKAH,STANDARD,Elaf Qinwan Hotel,,Alharmain PDF 21 Dec 2026 - 4 Jan 2027,Double Room,FB meal plan,2026-12-21,2027-01-04,21 Dec 2026 - 4 Jan 2027,per kamar per malam,SAR,400,2,2,1,WiFi/detail fasilitas dicek manual via WhatsApp,Ketersediaan akhir dan payment dilanjutkan manual via WhatsApp,1477,2026-07-06,INACTIVE,Source: (Makka Hotel 2026) New Season Far East 15 June 202_260630_174549.pdf | Page: makka_page-14.png | Meal: FB | Source period text: 21 DEC 2026 TO 4 JAN 2027,"Harga, pajak, dan availability final setelah admin cek manual ke hotel/OTA."
MAKKAH,STANDARD,Elaf Qinwan Hotel,,Alharmain PDF 21 Dec 2026 - 4 Jan 2027,Triple Room,FB meal plan,2026-12-21,2027-01-04,21 Dec 2026 - 4 Jan 2027,per kamar per malam,SAR,460,2,2,1,WiFi/detail fasilitas dicek manual via WhatsApp,Ketersediaan akhir dan payment dilanjutkan manual via WhatsApp,1478,2026-07-06,INACTIVE,Source: (Makka Hotel 2026) New Season Far East 15 June 202_260630_174549.pdf | Page: makka_page-14.png | Meal: FB | Source period text: 21 DEC 2026 TO 4 JAN 2027,"Harga, pajak, dan availability final setelah admin cek manual ke hotel/OTA."
MAKKAH,STANDARD,Elaf Qinwan Hotel,,Alharmain PDF 21 Dec 2026 - 4 Jan 2027,Quad Room,FB meal plan,2026-12-21,2027-01-04,21 Dec 2026 - 4 Jan 2027,per kamar per malam,SAR,520,2,2,1,WiFi/detail fasilitas dicek manual via WhatsApp,Ketersediaan akhir dan payment dilanjutkan manual via WhatsApp,1479,2026-07-06,INACTIVE,Source: (Makka Hotel 2026) New Season Far East 15 June 202_260630_174549.pdf | Page: makka_page-14.png | Meal: FB | Source period text: 21 DEC 2026 TO 4 JAN 2027,"Harga, pajak, dan availability final setelah admin cek manual ke hotel/OTA."
MAKKAH,STANDARD,Elaf Qinwan Hotel,,Alharmain PDF 4 Jan - 8 Feb 2027,Double Room,FB meal plan,2027-01-04,2027-02-08,4 Jan - 8 Feb 2027,per kamar per malam,SAR,340,2,2,1,WiFi/detail fasilitas dicek manual via WhatsApp,Ketersediaan akhir dan payment dilanjutkan manual via WhatsApp,1480,2026-07-06,INACTIVE,Source: (Makka Hotel 2026) New Season Far East 15 June 202_260630_174549.pdf | Page: makka_page-14.png | Meal: FB | Source period text: 4 JAN 2027 TO 8 FEB 2027,"Harga, pajak, dan availability final setelah admin cek manual ke hotel/OTA."
MAKKAH,STANDARD,Elaf Qinwan Hotel,,Alharmain PDF 4 Jan - 8 Feb 2027,Triple Room,FB meal plan,2027-01-04,2027-02-08,4 Jan - 8 Feb 2027,per kamar per malam,SAR,400,2,2,1,WiFi/detail fasilitas dicek manual via WhatsApp,Ketersediaan akhir dan payment dilanjutkan manual via WhatsApp,1481,2026-07-06,INACTIVE,Source: (Makka Hotel 2026) New Season Far East 15 June 202_260630_174549.pdf | Page: makka_page-14.png | Meal: FB | Source period text: 4 JAN 2027 TO 8 FEB 2027,"Harga, pajak, dan availability final setelah admin cek manual ke hotel/OTA."
MAKKAH,STANDARD,Elaf Qinwan Hotel,,Alharmain PDF 4 Jan - 8 Feb 2027,Quad Room,FB meal plan,2027-01-04,2027-02-08,4 Jan - 8 Feb 2027,per kamar per malam,SAR,460,2,2,1,WiFi/detail fasilitas dicek manual via WhatsApp,Ketersediaan akhir dan payment dilanjutkan manual via WhatsApp,1482,2026-07-06,INACTIVE,Source: (Makka Hotel 2026) New Season Far East 15 June 202_260630_174549.pdf | Page: makka_page-14.png | Meal: FB | Source period text: 4 JAN 2027 TO 8 FEB 2027,"Harga, pajak, dan availability final setelah admin cek manual ke hotel/OTA."
MAKKAH,STANDARD,Elaf Qinwan Hotel,,Alharmain PDF 9 Mar - 8 Apr 2027,Double Room,FB meal plan,2027-03-09,2027-04-08,9 Mar - 8 Apr 2027,per kamar per malam,SAR,340,2,2,1,WiFi/detail fasilitas dicek manual via WhatsApp,Ketersediaan akhir dan payment dilanjutkan manual via WhatsApp,1483,2026-07-06,INACTIVE,Source: (Makka Hotel 2026) New Season Far East 15 June 202_260630_174549.pdf | Page: makka_page-14.png | Meal: FB | Source period text: 9 MAR 2027 TO 8 APR 2027,"Harga, pajak, dan availability final setelah admin cek manual ke hotel/OTA."
MAKKAH,STANDARD,Elaf Qinwan Hotel,,Alharmain PDF 9 Mar - 8 Apr 2027,Triple Room,FB meal plan,2027-03-09,2027-04-08,9 Mar - 8 Apr 2027,per kamar per malam,SAR,400,2,2,1,WiFi/detail fasilitas dicek manual via WhatsApp,Ketersediaan akhir dan payment dilanjutkan manual via WhatsApp,1484,2026-07-06,INACTIVE,Source: (Makka Hotel 2026) New Season Far East 15 June 202_260630_174549.pdf | Page: makka_page-14.png | Meal: FB | Source period text: 9 MAR 2027 TO 8 APR 2027,"Harga, pajak, dan availability final setelah admin cek manual ke hotel/OTA."
MAKKAH,STANDARD,Elaf Qinwan Hotel,,Alharmain PDF 9 Mar - 8 Apr 2027,Quad Room,FB meal plan,2027-03-09,2027-04-08,9 Mar - 8 Apr 2027,per kamar per malam,SAR,460,2,2,1,WiFi/detail fasilitas dicek manual via WhatsApp,Ketersediaan akhir dan payment dilanjutkan manual via WhatsApp,1485,2026-07-06,INACTIVE,Source: (Makka Hotel 2026) New Season Far East 15 June 202_260630_174549.pdf | Page: makka_page-14.png | Meal: FB | Source period text: 9 MAR 2027 TO 8 APR 2027,"Harga, pajak, dan availability final setelah admin cek manual ke hotel/OTA."
MAKKAH,STANDARD,Nawarat Al Shams 1 Hotel,,Alharmain PDF 16 Jun - 16 Jul 2026,Double Room,FB meal plan,2026-06-16,2026-07-16,16 Jun - 16 Jul 2026,per kamar per malam,SAR,410,2,2,1,WiFi/detail fasilitas dicek manual via WhatsApp,Ketersediaan akhir dan payment dilanjutkan manual via WhatsApp,1486,2026-07-06,INACTIVE,Source: (Makka Hotel 2026) New Season Far East 15 June 202_260630_174549.pdf | Page: makka_page-15.png | Meal: FB | Source period text: 16 JUNE 2026 TO 16 JULY 2026,"Harga, pajak, dan availability final setelah admin cek manual ke hotel/OTA."
MAKKAH,STANDARD,Nawarat Al Shams 1 Hotel,,Alharmain PDF 16 Jun - 16 Jul 2026,Triple Room,FB meal plan,2026-06-16,2026-07-16,16 Jun - 16 Jul 2026,per kamar per malam,SAR,455,2,2,1,WiFi/detail fasilitas dicek manual via WhatsApp,Ketersediaan akhir dan payment dilanjutkan manual via WhatsApp,1487,2026-07-06,INACTIVE,Source: (Makka Hotel 2026) New Season Far East 15 June 202_260630_174549.pdf | Page: makka_page-15.png | Meal: FB | Source period text: 16 JUNE 2026 TO 16 JULY 2026,"Harga, pajak, dan availability final setelah admin cek manual ke hotel/OTA."
MAKKAH,STANDARD,Nawarat Al Shams 1 Hotel,,Alharmain PDF 16 Jun - 16 Jul 2026,Quad Room,FB meal plan,2026-06-16,2026-07-16,16 Jun - 16 Jul 2026,per kamar per malam,SAR,500,2,2,1,WiFi/detail fasilitas dicek manual via WhatsApp,Ketersediaan akhir dan payment dilanjutkan manual via WhatsApp,1488,2026-07-06,INACTIVE,Source: (Makka Hotel 2026) New Season Far East 15 June 202_260630_174549.pdf | Page: makka_page-15.png | Meal: FB | Source period text: 16 JUNE 2026 TO 16 JULY 2026,"Harga, pajak, dan availability final setelah admin cek manual ke hotel/OTA."
MAKKAH,STANDARD,Nawarat Al Shams 2 Hotel,,Alharmain PDF 16 Jun - 16 Jul 2026,Double Room,FB meal plan,2026-06-16,2026-07-16,16 Jun - 16 Jul 2026,per kamar per malam,SAR,410,2,2,1,WiFi/detail fasilitas dicek manual via WhatsApp,Ketersediaan akhir dan payment dilanjutkan manual via WhatsApp,1489,2026-07-06,INACTIVE,Source: (Makka Hotel 2026) New Season Far East 15 June 202_260630_174549.pdf | Page: makka_page-15.png | Meal: FB | Source period text: 16 JUNE 2026 TO 16 JULY 2026,"Harga, pajak, dan availability final setelah admin cek manual ke hotel/OTA."
MAKKAH,STANDARD,Nawarat Al Shams 2 Hotel,,Alharmain PDF 16 Jun - 16 Jul 2026,Triple Room,FB meal plan,2026-06-16,2026-07-16,16 Jun - 16 Jul 2026,per kamar per malam,SAR,455,2,2,1,WiFi/detail fasilitas dicek manual via WhatsApp,Ketersediaan akhir dan payment dilanjutkan manual via WhatsApp,1490,2026-07-06,INACTIVE,Source: (Makka Hotel 2026) New Season Far East 15 June 202_260630_174549.pdf | Page: makka_page-15.png | Meal: FB | Source period text: 16 JUNE 2026 TO 16 JULY 2026,"Harga, pajak, dan availability final setelah admin cek manual ke hotel/OTA."
MAKKAH,STANDARD,Nawarat Al Shams 2 Hotel,,Alharmain PDF 16 Jun - 16 Jul 2026,Quad Room,FB meal plan,2026-06-16,2026-07-16,16 Jun - 16 Jul 2026,per kamar per malam,SAR,500,2,2,1,WiFi/detail fasilitas dicek manual via WhatsApp,Ketersediaan akhir dan payment dilanjutkan manual via WhatsApp,1491,2026-07-06,INACTIVE,Source: (Makka Hotel 2026) New Season Far East 15 June 202_260630_174549.pdf | Page: makka_page-15.png | Meal: FB | Source period text: 16 JUNE 2026 TO 16 JULY 2026,"Harga, pajak, dan availability final setelah admin cek manual ke hotel/OTA."
MAKKAH,STANDARD,Nawarat Al Shams 3 Hotel,,Alharmain PDF 16 Jun - 16 Jul 2026,Double Room,FB meal plan,2026-06-16,2026-07-16,16 Jun - 16 Jul 2026,per kamar per malam,SAR,410,2,2,1,WiFi/detail fasilitas dicek manual via WhatsApp,Ketersediaan akhir dan payment dilanjutkan manual via WhatsApp,1492,2026-07-06,INACTIVE,Source: (Makka Hotel 2026) New Season Far East 15 June 202_260630_174549.pdf | Page: makka_page-15.png | Meal: FB | Source period text: 16 JUNE 2026 TO 16 JULY 2026,"Harga, pajak, dan availability final setelah admin cek manual ke hotel/OTA."
MAKKAH,STANDARD,Nawarat Al Shams 3 Hotel,,Alharmain PDF 16 Jun - 16 Jul 2026,Triple Room,FB meal plan,2026-06-16,2026-07-16,16 Jun - 16 Jul 2026,per kamar per malam,SAR,455,2,2,1,WiFi/detail fasilitas dicek manual via WhatsApp,Ketersediaan akhir dan payment dilanjutkan manual via WhatsApp,1493,2026-07-06,INACTIVE,Source: (Makka Hotel 2026) New Season Far East 15 June 202_260630_174549.pdf | Page: makka_page-15.png | Meal: FB | Source period text: 16 JUNE 2026 TO 16 JULY 2026,"Harga, pajak, dan availability final setelah admin cek manual ke hotel/OTA."
MAKKAH,STANDARD,Nawarat Al Shams 3 Hotel,,Alharmain PDF 16 Jun - 16 Jul 2026,Quad Room,FB meal plan,2026-06-16,2026-07-16,16 Jun - 16 Jul 2026,per kamar per malam,SAR,500,2,2,1,WiFi/detail fasilitas dicek manual via WhatsApp,Ketersediaan akhir dan payment dilanjutkan manual via WhatsApp,1494,2026-07-06,INACTIVE,Source: (Makka Hotel 2026) New Season Far East 15 June 202_260630_174549.pdf | Page: makka_page-15.png | Meal: FB | Source period text: 16 JUNE 2026 TO 16 JULY 2026,"Harga, pajak, dan availability final setelah admin cek manual ke hotel/OTA."
MAKKAH,STANDARD,Al Ziady Ajyad Hotel,,Alharmain PDF 16 Jun - 16 Jul 2026,Double Room,FB meal plan,2026-06-16,2026-07-16,16 Jun - 16 Jul 2026,per kamar per malam,SAR,350,2,2,1,WiFi/detail fasilitas dicek manual via WhatsApp,Ketersediaan akhir dan payment dilanjutkan manual via WhatsApp,1495,2026-07-06,INACTIVE,Source: (Makka Hotel 2026) New Season Far East 15 June 202_260630_174549.pdf | Page: makka_page-15.png | Meal: FB | Source period text: 16 JUNE 2026 TO 16 JULY 2026,"Harga, pajak, dan availability final setelah admin cek manual ke hotel/OTA."
MAKKAH,STANDARD,Al Ziady Ajyad Hotel,,Alharmain PDF 16 Jun - 16 Jul 2026,Triple Room,FB meal plan,2026-06-16,2026-07-16,16 Jun - 16 Jul 2026,per kamar per malam,SAR,390,2,2,1,WiFi/detail fasilitas dicek manual via WhatsApp,Ketersediaan akhir dan payment dilanjutkan manual via WhatsApp,1496,2026-07-06,INACTIVE,Source: (Makka Hotel 2026) New Season Far East 15 June 202_260630_174549.pdf | Page: makka_page-15.png | Meal: FB | Source period text: 16 JUNE 2026 TO 16 JULY 2026,"Harga, pajak, dan availability final setelah admin cek manual ke hotel/OTA."
MAKKAH,STANDARD,Al Ziady Ajyad Hotel,,Alharmain PDF 16 Jun - 16 Jul 2026,Quad Room,FB meal plan,2026-06-16,2026-07-16,16 Jun - 16 Jul 2026,per kamar per malam,SAR,430,2,2,1,WiFi/detail fasilitas dicek manual via WhatsApp,Ketersediaan akhir dan payment dilanjutkan manual via WhatsApp,1497,2026-07-06,INACTIVE,Source: (Makka Hotel 2026) New Season Far East 15 June 202_260630_174549.pdf | Page: makka_page-15.png | Meal: FB | Source period text: 16 JUNE 2026 TO 16 JULY 2026,"Harga, pajak, dan availability final setelah admin cek manual ke hotel/OTA."
MAKKAH,STANDARD,Al Ziady Ajyad Hotel,,Alharmain PDF 16 Jul - 14 Aug 2026,Double Room,FB meal plan,2026-07-16,2026-08-14,16 Jul - 14 Aug 2026,per kamar per malam,SAR,370,2,2,1,WiFi/detail fasilitas dicek manual via WhatsApp,Ketersediaan akhir dan payment dilanjutkan manual via WhatsApp,1498,2026-07-06,INACTIVE,Source: (Makka Hotel 2026) New Season Far East 15 June 202_260630_174549.pdf | Page: makka_page-15.png | Meal: FB | Source period text: 16 JULY 2026 TO 14 AUGUST 2026,"Harga, pajak, dan availability final setelah admin cek manual ke hotel/OTA."
MAKKAH,STANDARD,Al Ziady Ajyad Hotel,,Alharmain PDF 16 Jul - 14 Aug 2026,Triple Room,FB meal plan,2026-07-16,2026-08-14,16 Jul - 14 Aug 2026,per kamar per malam,SAR,410,2,2,1,WiFi/detail fasilitas dicek manual via WhatsApp,Ketersediaan akhir dan payment dilanjutkan manual via WhatsApp,1499,2026-07-06,INACTIVE,Source: (Makka Hotel 2026) New Season Far East 15 June 202_260630_174549.pdf | Page: makka_page-15.png | Meal: FB | Source period text: 16 JULY 2026 TO 14 AUGUST 2026,"Harga, pajak, dan availability final setelah admin cek manual ke hotel/OTA."
MAKKAH,STANDARD,Al Ziady Ajyad Hotel,,Alharmain PDF 16 Jul - 14 Aug 2026,Quad Room,FB meal plan,2026-07-16,2026-08-14,16 Jul - 14 Aug 2026,per kamar per malam,SAR,450,2,2,1,WiFi/detail fasilitas dicek manual via WhatsApp,Ketersediaan akhir dan payment dilanjutkan manual via WhatsApp,1500,2026-07-06,INACTIVE,Source: (Makka Hotel 2026) New Season Far East 15 June 202_260630_174549.pdf | Page: makka_page-15.png | Meal: FB | Source period text: 16 JULY 2026 TO 14 AUGUST 2026,"Harga, pajak, dan availability final setelah admin cek manual ke hotel/OTA."
MAKKAH,STANDARD,Diyafa Al Jamal Ex Noran Hotel,,Alharmain PDF 16 Jun - 16 Jul 2026,Double Room,FB meal plan,2026-06-16,2026-07-16,16 Jun - 16 Jul 2026,per kamar per malam,SAR,380,2,2,1,WiFi/detail fasilitas dicek manual via WhatsApp,Ketersediaan akhir dan payment dilanjutkan manual via WhatsApp,1501,2026-07-06,INACTIVE,Source: (Makka Hotel 2026) New Season Far East 15 June 202_260630_174549.pdf | Page: makka_page-15.png | Meal: FB | Source period text: 16 JUNE 2026 TO 16 JULY 2026,"Harga, pajak, dan availability final setelah admin cek manual ke hotel/OTA."
MAKKAH,STANDARD,Diyafa Al Jamal Ex Noran Hotel,,Alharmain PDF 16 Jun - 16 Jul 2026,Triple Room,FB meal plan,2026-06-16,2026-07-16,16 Jun - 16 Jul 2026,per kamar per malam,SAR,425,2,2,1,WiFi/detail fasilitas dicek manual via WhatsApp,Ketersediaan akhir dan payment dilanjutkan manual via WhatsApp,1502,2026-07-06,INACTIVE,Source: (Makka Hotel 2026) New Season Far East 15 June 202_260630_174549.pdf | Page: makka_page-15.png | Meal: FB | Source period text: 16 JUNE 2026 TO 16 JULY 2026,"Harga, pajak, dan availability final setelah admin cek manual ke hotel/OTA."
MAKKAH,STANDARD,Diyafa Al Jamal Ex Noran Hotel,,Alharmain PDF 16 Jun - 16 Jul 2026,Quad Room,FB meal plan,2026-06-16,2026-07-16,16 Jun - 16 Jul 2026,per kamar per malam,SAR,470,2,2,1,WiFi/detail fasilitas dicek manual via WhatsApp,Ketersediaan akhir dan payment dilanjutkan manual via WhatsApp,1503,2026-07-06,INACTIVE,Source: (Makka Hotel 2026) New Season Far East 15 June 202_260630_174549.pdf | Page: makka_page-15.png | Meal: FB | Source period text: 16 JUNE 2026 TO 16 JULY 2026,"Harga, pajak, dan availability final setelah admin cek manual ke hotel/OTA."
MAKKAH,STANDARD,Miqat Ajyad Hotel,,Alharmain PDF Jul 2026,Double Room,FB meal plan,2026-07-01,2026-07-31,Jul 2026,per kamar per malam,SAR,490,2,2,1,WiFi/detail fasilitas dicek manual via WhatsApp,Ketersediaan akhir dan payment dilanjutkan manual via WhatsApp,1504,2026-07-06,INACTIVE,Source: (Makka Hotel 2026) New Season Far East 15 June 202_260630_174549.pdf | Page: makka_page-15.png | Meal: FB | Source period text: JULY 2026,"Harga, pajak, dan availability final setelah admin cek manual ke hotel/OTA."
MAKKAH,STANDARD,Miqat Ajyad Hotel,,Alharmain PDF Jul 2026,Triple Room,FB meal plan,2026-07-01,2026-07-31,Jul 2026,per kamar per malam,SAR,535,2,2,1,WiFi/detail fasilitas dicek manual via WhatsApp,Ketersediaan akhir dan payment dilanjutkan manual via WhatsApp,1505,2026-07-06,INACTIVE,Source: (Makka Hotel 2026) New Season Far East 15 June 202_260630_174549.pdf | Page: makka_page-15.png | Meal: FB | Source period text: JULY 2026,"Harga, pajak, dan availability final setelah admin cek manual ke hotel/OTA."
MAKKAH,STANDARD,Miqat Ajyad Hotel,,Alharmain PDF Jul 2026,Quad Room,FB meal plan,2026-07-01,2026-07-31,Jul 2026,per kamar per malam,SAR,580,2,2,1,WiFi/detail fasilitas dicek manual via WhatsApp,Ketersediaan akhir dan payment dilanjutkan manual via WhatsApp,1506,2026-07-06,INACTIVE,Source: (Makka Hotel 2026) New Season Far East 15 June 202_260630_174549.pdf | Page: makka_page-15.png | Meal: FB | Source period text: JULY 2026,"Harga, pajak, dan availability final setelah admin cek manual ke hotel/OTA."
MAKKAH,STANDARD,Miqat Ajyad Hotel,,Alharmain PDF Aug 2026,Double Room,FB meal plan,2026-08-01,2026-08-31,Aug 2026,per kamar per malam,SAR,500,2,2,1,WiFi/detail fasilitas dicek manual via WhatsApp,Ketersediaan akhir dan payment dilanjutkan manual via WhatsApp,1507,2026-07-06,INACTIVE,Source: (Makka Hotel 2026) New Season Far East 15 June 202_260630_174549.pdf | Page: makka_page-15.png | Meal: FB | Source period text: AUGUST 2026,"Harga, pajak, dan availability final setelah admin cek manual ke hotel/OTA."
MAKKAH,STANDARD,Miqat Ajyad Hotel,,Alharmain PDF Aug 2026,Triple Room,FB meal plan,2026-08-01,2026-08-31,Aug 2026,per kamar per malam,SAR,545,2,2,1,WiFi/detail fasilitas dicek manual via WhatsApp,Ketersediaan akhir dan payment dilanjutkan manual via WhatsApp,1508,2026-07-06,INACTIVE,Source: (Makka Hotel 2026) New Season Far East 15 June 202_260630_174549.pdf | Page: makka_page-15.png | Meal: FB | Source period text: AUGUST 2026,"Harga, pajak, dan availability final setelah admin cek manual ke hotel/OTA."
MAKKAH,STANDARD,Miqat Ajyad Hotel,,Alharmain PDF Aug 2026,Quad Room,FB meal plan,2026-08-01,2026-08-31,Aug 2026,per kamar per malam,SAR,590,2,2,1,WiFi/detail fasilitas dicek manual via WhatsApp,Ketersediaan akhir dan payment dilanjutkan manual via WhatsApp,1509,2026-07-06,INACTIVE,Source: (Makka Hotel 2026) New Season Far East 15 June 202_260630_174549.pdf | Page: makka_page-15.png | Meal: FB | Source period text: AUGUST 2026,"Harga, pajak, dan availability final setelah admin cek manual ke hotel/OTA."
MAKKAH,STANDARD,Sunrise Ajyad Hotel,,Alharmain PDF 16 Jun - 24 Jul 2026,Double Room,FB meal plan,2026-06-16,2026-07-24,16 Jun - 24 Jul 2026,per kamar per malam,SAR,340,2,2,1,WiFi/detail fasilitas dicek manual via WhatsApp,Ketersediaan akhir dan payment dilanjutkan manual via WhatsApp,1510,2026-07-06,INACTIVE,Source: (Makka Hotel 2026) New Season Far East 15 June 202_260630_174549.pdf | Page: makka_page-15.png | Meal: FB | Source period text: 16 JUNE 2026 TO 24 JULY 2026,"Harga, pajak, dan availability final setelah admin cek manual ke hotel/OTA."
MAKKAH,STANDARD,Sunrise Ajyad Hotel,,Alharmain PDF 16 Jun - 24 Jul 2026,Triple Room,FB meal plan,2026-06-16,2026-07-24,16 Jun - 24 Jul 2026,per kamar per malam,SAR,410,2,2,1,WiFi/detail fasilitas dicek manual via WhatsApp,Ketersediaan akhir dan payment dilanjutkan manual via WhatsApp,1511,2026-07-06,INACTIVE,Source: (Makka Hotel 2026) New Season Far East 15 June 202_260630_174549.pdf | Page: makka_page-15.png | Meal: FB | Source period text: 16 JUNE 2026 TO 24 JULY 2026,"Harga, pajak, dan availability final setelah admin cek manual ke hotel/OTA."
MAKKAH,STANDARD,Sunrise Ajyad Hotel,,Alharmain PDF 16 Jun - 24 Jul 2026,Quad Room,FB meal plan,2026-06-16,2026-07-24,16 Jun - 24 Jul 2026,per kamar per malam,SAR,480,2,2,1,WiFi/detail fasilitas dicek manual via WhatsApp,Ketersediaan akhir dan payment dilanjutkan manual via WhatsApp,1512,2026-07-06,INACTIVE,Source: (Makka Hotel 2026) New Season Far East 15 June 202_260630_174549.pdf | Page: makka_page-15.png | Meal: FB | Source period text: 16 JUNE 2026 TO 24 JULY 2026,"Harga, pajak, dan availability final setelah admin cek manual ke hotel/OTA."
MAKKAH,STANDARD,Sunrise Ajyad Hotel,,Alharmain PDF 25 Jul 2026 - 6 Feb 2027,Double Room,FB meal plan,2026-07-25,2027-02-06,25 Jul 2026 - 6 Feb 2027,per kamar per malam,SAR,360,2,2,1,WiFi/detail fasilitas dicek manual via WhatsApp,Ketersediaan akhir dan payment dilanjutkan manual via WhatsApp,1513,2026-07-06,INACTIVE,Source: (Makka Hotel 2026) New Season Far East 15 June 202_260630_174549.pdf | Page: makka_page-15.png | Meal: FB | Source period text: 25 JULY 2026 TO 6 FEB 2027,"Harga, pajak, dan availability final setelah admin cek manual ke hotel/OTA."
MAKKAH,STANDARD,Sunrise Ajyad Hotel,,Alharmain PDF 25 Jul 2026 - 6 Feb 2027,Triple Room,FB meal plan,2026-07-25,2027-02-06,25 Jul 2026 - 6 Feb 2027,per kamar per malam,SAR,440,2,2,1,WiFi/detail fasilitas dicek manual via WhatsApp,Ketersediaan akhir dan payment dilanjutkan manual via WhatsApp,1514,2026-07-06,INACTIVE,Source: (Makka Hotel 2026) New Season Far East 15 June 202_260630_174549.pdf | Page: makka_page-15.png | Meal: FB | Source period text: 25 JULY 2026 TO 6 FEB 2027,"Harga, pajak, dan availability final setelah admin cek manual ke hotel/OTA."
MAKKAH,STANDARD,Sunrise Ajyad Hotel,,Alharmain PDF 25 Jul 2026 - 6 Feb 2027,Quad Room,FB meal plan,2026-07-25,2027-02-06,25 Jul 2026 - 6 Feb 2027,per kamar per malam,SAR,520,2,2,1,WiFi/detail fasilitas dicek manual via WhatsApp,Ketersediaan akhir dan payment dilanjutkan manual via WhatsApp,1515,2026-07-06,INACTIVE,Source: (Makka Hotel 2026) New Season Far East 15 June 202_260630_174549.pdf | Page: makka_page-15.png | Meal: FB | Source period text: 25 JULY 2026 TO 6 FEB 2027,"Harga, pajak, dan availability final setelah admin cek manual ke hotel/OTA."
MAKKAH,STANDARD,Sunrise Ajyad Hotel,,Alharmain PDF 9 Mar - 27 Apr 2027,Double Room,FB meal plan,2027-03-09,2027-04-27,9 Mar - 27 Apr 2027,per kamar per malam,SAR,350,2,2,1,WiFi/detail fasilitas dicek manual via WhatsApp,Ketersediaan akhir dan payment dilanjutkan manual via WhatsApp,1516,2026-07-06,INACTIVE,Source: (Makka Hotel 2026) New Season Far East 15 June 202_260630_174549.pdf | Page: makka_page-15.png | Meal: FB | Source period text: 9 MAR 2026 TO 27 APR 2027,"Harga, pajak, dan availability final setelah admin cek manual ke hotel/OTA."
MAKKAH,STANDARD,Sunrise Ajyad Hotel,,Alharmain PDF 9 Mar - 27 Apr 2027,Triple Room,FB meal plan,2027-03-09,2027-04-27,9 Mar - 27 Apr 2027,per kamar per malam,SAR,420,2,2,1,WiFi/detail fasilitas dicek manual via WhatsApp,Ketersediaan akhir dan payment dilanjutkan manual via WhatsApp,1517,2026-07-06,INACTIVE,Source: (Makka Hotel 2026) New Season Far East 15 June 202_260630_174549.pdf | Page: makka_page-15.png | Meal: FB | Source period text: 9 MAR 2026 TO 27 APR 2027,"Harga, pajak, dan availability final setelah admin cek manual ke hotel/OTA."
MAKKAH,STANDARD,Sunrise Ajyad Hotel,,Alharmain PDF 9 Mar - 27 Apr 2027,Quad Room,FB meal plan,2027-03-09,2027-04-27,9 Mar - 27 Apr 2027,per kamar per malam,SAR,490,2,2,1,WiFi/detail fasilitas dicek manual via WhatsApp,Ketersediaan akhir dan payment dilanjutkan manual via WhatsApp,1518,2026-07-06,INACTIVE,Source: (Makka Hotel 2026) New Season Far East 15 June 202_260630_174549.pdf | Page: makka_page-15.png | Meal: FB | Source period text: 9 MAR 2026 TO 27 APR 2027,"Harga, pajak, dan availability final setelah admin cek manual ke hotel/OTA."
MAKKAH,STANDARD,Sawaed Al Khair Hotel,,Alharmain PDF 16 Jun - 30 Jul 2026,Double Room,FB meal plan,2026-06-16,2026-07-30,16 Jun - 30 Jul 2026,per kamar per malam,SAR,455,2,2,1,WiFi/detail fasilitas dicek manual via WhatsApp,Ketersediaan akhir dan payment dilanjutkan manual via WhatsApp,1519,2026-07-06,INACTIVE,Source: (Makka Hotel 2026) New Season Far East 15 June 202_260630_174549.pdf | Page: makka_page-16.png | Meal: FB | Source period text: 16 JUNE 2026 TO 30 JULY 2026,"Harga, pajak, dan availability final setelah admin cek manual ke hotel/OTA."
MAKKAH,STANDARD,Sawaed Al Khair Hotel,,Alharmain PDF 16 Jun - 30 Jul 2026,Triple Room,FB meal plan,2026-06-16,2026-07-30,16 Jun - 30 Jul 2026,per kamar per malam,SAR,500,2,2,1,WiFi/detail fasilitas dicek manual via WhatsApp,Ketersediaan akhir dan payment dilanjutkan manual via WhatsApp,1520,2026-07-06,INACTIVE,Source: (Makka Hotel 2026) New Season Far East 15 June 202_260630_174549.pdf | Page: makka_page-16.png | Meal: FB | Source period text: 16 JUNE 2026 TO 30 JULY 2026,"Harga, pajak, dan availability final setelah admin cek manual ke hotel/OTA."
MAKKAH,STANDARD,Sawaed Al Khair Hotel,,Alharmain PDF 16 Jun - 30 Jul 2026,Quad Room,FB meal plan,2026-06-16,2026-07-30,16 Jun - 30 Jul 2026,per kamar per malam,SAR,555,2,2,1,WiFi/detail fasilitas dicek manual via WhatsApp,Ketersediaan akhir dan payment dilanjutkan manual via WhatsApp,1521,2026-07-06,INACTIVE,Source: (Makka Hotel 2026) New Season Far East 15 June 202_260630_174549.pdf | Page: makka_page-16.png | Meal: FB | Source period text: 16 JUNE 2026 TO 30 JULY 2026,"Harga, pajak, dan availability final setelah admin cek manual ke hotel/OTA."
MAKKAH,STANDARD,Sawaed Al Khair Hotel,,Alharmain PDF 30 Jul - 1 Sep 2026,Double Room,FB meal plan,2026-07-30,2026-09-01,30 Jul - 1 Sep 2026,per kamar per malam,SAR,475,2,2,1,WiFi/detail fasilitas dicek manual via WhatsApp,Ketersediaan akhir dan payment dilanjutkan manual via WhatsApp,1522,2026-07-06,INACTIVE,Source: (Makka Hotel 2026) New Season Far East 15 June 202_260630_174549.pdf | Page: makka_page-16.png | Meal: FB | Source period text: 30 JULY 2026 TO 1 SEP 2026,"Harga, pajak, dan availability final setelah admin cek manual ke hotel/OTA."
MAKKAH,STANDARD,Sawaed Al Khair Hotel,,Alharmain PDF 30 Jul - 1 Sep 2026,Triple Room,FB meal plan,2026-07-30,2026-09-01,30 Jul - 1 Sep 2026,per kamar per malam,SAR,520,2,2,1,WiFi/detail fasilitas dicek manual via WhatsApp,Ketersediaan akhir dan payment dilanjutkan manual via WhatsApp,1523,2026-07-06,INACTIVE,Source: (Makka Hotel 2026) New Season Far East 15 June 202_260630_174549.pdf | Page: makka_page-16.png | Meal: FB | Source period text: 30 JULY 2026 TO 1 SEP 2026,"Harga, pajak, dan availability final setelah admin cek manual ke hotel/OTA."
MAKKAH,STANDARD,Sawaed Al Khair Hotel,,Alharmain PDF 30 Jul - 1 Sep 2026,Quad Room,FB meal plan,2026-07-30,2026-09-01,30 Jul - 1 Sep 2026,per kamar per malam,SAR,565,2,2,1,WiFi/detail fasilitas dicek manual via WhatsApp,Ketersediaan akhir dan payment dilanjutkan manual via WhatsApp,1524,2026-07-06,INACTIVE,Source: (Makka Hotel 2026) New Season Far East 15 June 202_260630_174549.pdf | Page: makka_page-16.png | Meal: FB | Source period text: 30 JULY 2026 TO 1 SEP 2026,"Harga, pajak, dan availability final setelah admin cek manual ke hotel/OTA."
MAKKAH,STANDARD,Wahat Ajyad Hotel,,Alharmain PDF 16 Jun - 1 Jul 2026,Double Room,FB meal plan,2026-06-16,2026-07-01,16 Jun - 1 Jul 2026,per kamar per malam,SAR,350,2,2,1,WiFi/detail fasilitas dicek manual via WhatsApp,Ketersediaan akhir dan payment dilanjutkan manual via WhatsApp,1525,2026-07-06,INACTIVE,Source: (Makka Hotel 2026) New Season Far East 15 June 202_260630_174549.pdf | Page: makka_page-16.png | Meal: FB | Source period text: 16 JUNE 2026 TO 1 JULY 2026,"Harga, pajak, dan availability final setelah admin cek manual ke hotel/OTA."
MAKKAH,STANDARD,Wahat Ajyad Hotel,,Alharmain PDF 16 Jun - 1 Jul 2026,Triple Room,FB meal plan,2026-06-16,2026-07-01,16 Jun - 1 Jul 2026,per kamar per malam,SAR,390,2,2,1,WiFi/detail fasilitas dicek manual via WhatsApp,Ketersediaan akhir dan payment dilanjutkan manual via WhatsApp,1526,2026-07-06,INACTIVE,Source: (Makka Hotel 2026) New Season Far East 15 June 202_260630_174549.pdf | Page: makka_page-16.png | Meal: FB | Source period text: 16 JUNE 2026 TO 1 JULY 2026,"Harga, pajak, dan availability final setelah admin cek manual ke hotel/OTA."
MAKKAH,STANDARD,Wahat Ajyad Hotel,,Alharmain PDF 16 Jun - 1 Jul 2026,Quad Room,FB meal plan,2026-06-16,2026-07-01,16 Jun - 1 Jul 2026,per kamar per malam,SAR,430,2,2,1,WiFi/detail fasilitas dicek manual via WhatsApp,Ketersediaan akhir dan payment dilanjutkan manual via WhatsApp,1527,2026-07-06,INACTIVE,Source: (Makka Hotel 2026) New Season Far East 15 June 202_260630_174549.pdf | Page: makka_page-16.png | Meal: FB | Source period text: 16 JUNE 2026 TO 1 JULY 2026,"Harga, pajak, dan availability final setelah admin cek manual ke hotel/OTA."
MAKKAH,STANDARD,Wahat Ajyad Hotel,,Alharmain PDF 1 Jul - 1 Oct 2026,Double Room,FB meal plan,2026-07-01,2026-10-01,1 Jul - 1 Oct 2026,per kamar per malam,SAR,370,2,2,1,WiFi/detail fasilitas dicek manual via WhatsApp,Ketersediaan akhir dan payment dilanjutkan manual via WhatsApp,1528,2026-07-06,INACTIVE,Source: (Makka Hotel 2026) New Season Far East 15 June 202_260630_174549.pdf | Page: makka_page-16.png | Meal: FB | Source period text: 1 JULY 2026 TO 1 OCT 2026,"Harga, pajak, dan availability final setelah admin cek manual ke hotel/OTA."
MAKKAH,STANDARD,Wahat Ajyad Hotel,,Alharmain PDF 1 Jul - 1 Oct 2026,Triple Room,FB meal plan,2026-07-01,2026-10-01,1 Jul - 1 Oct 2026,per kamar per malam,SAR,410,2,2,1,WiFi/detail fasilitas dicek manual via WhatsApp,Ketersediaan akhir dan payment dilanjutkan manual via WhatsApp,1529,2026-07-06,INACTIVE,Source: (Makka Hotel 2026) New Season Far East 15 June 202_260630_174549.pdf | Page: makka_page-16.png | Meal: FB | Source period text: 1 JULY 2026 TO 1 OCT 2026,"Harga, pajak, dan availability final setelah admin cek manual ke hotel/OTA."
MAKKAH,STANDARD,Wahat Ajyad Hotel,,Alharmain PDF 1 Jul - 1 Oct 2026,Quad Room,FB meal plan,2026-07-01,2026-10-01,1 Jul - 1 Oct 2026,per kamar per malam,SAR,450,2,2,1,WiFi/detail fasilitas dicek manual via WhatsApp,Ketersediaan akhir dan payment dilanjutkan manual via WhatsApp,1530,2026-07-06,INACTIVE,Source: (Makka Hotel 2026) New Season Far East 15 June 202_260630_174549.pdf | Page: makka_page-16.png | Meal: FB | Source period text: 1 JULY 2026 TO 1 OCT 2026,"Harga, pajak, dan availability final setelah admin cek manual ke hotel/OTA."
MAKKAH,STANDARD,Rawabi Zam Zam Hotel,,Alharmain PDF 16 Jun - 14 Aug 2026,Double Room,FB meal plan,2026-06-16,2026-08-14,16 Jun - 14 Aug 2026,per kamar per malam,SAR,410,2,2,1,WiFi/detail fasilitas dicek manual via WhatsApp,Ketersediaan akhir dan payment dilanjutkan manual via WhatsApp,1531,2026-07-06,INACTIVE,Source: (Makka Hotel 2026) New Season Far East 15 June 202_260630_174549.pdf | Page: makka_page-16.png | Meal: FB | Source period text: 16 JUNE 2026 TO 14 AUGUST 2026,"Harga, pajak, dan availability final setelah admin cek manual ke hotel/OTA."
MAKKAH,STANDARD,Rawabi Zam Zam Hotel,,Alharmain PDF 16 Jun - 14 Aug 2026,Triple Room,FB meal plan,2026-06-16,2026-08-14,16 Jun - 14 Aug 2026,per kamar per malam,SAR,450,2,2,1,WiFi/detail fasilitas dicek manual via WhatsApp,Ketersediaan akhir dan payment dilanjutkan manual via WhatsApp,1532,2026-07-06,INACTIVE,Source: (Makka Hotel 2026) New Season Far East 15 June 202_260630_174549.pdf | Page: makka_page-16.png | Meal: FB | Source period text: 16 JUNE 2026 TO 14 AUGUST 2026,"Harga, pajak, dan availability final setelah admin cek manual ke hotel/OTA."
MAKKAH,STANDARD,Rawabi Zam Zam Hotel,,Alharmain PDF 16 Jun - 14 Aug 2026,Quad Room,FB meal plan,2026-06-16,2026-08-14,16 Jun - 14 Aug 2026,per kamar per malam,SAR,490,2,2,1,WiFi/detail fasilitas dicek manual via WhatsApp,Ketersediaan akhir dan payment dilanjutkan manual via WhatsApp,1533,2026-07-06,INACTIVE,Source: (Makka Hotel 2026) New Season Far East 15 June 202_260630_174549.pdf | Page: makka_page-16.png | Meal: FB | Source period text: 16 JUNE 2026 TO 14 AUGUST 2026,"Harga, pajak, dan availability final setelah admin cek manual ke hotel/OTA."
MAKKAH,STANDARD,Rawabi Zam Zam Hotel,,Alharmain PDF 14 Aug - 1 Nov 2026,Double Room,FB meal plan,2026-08-14,2026-11-01,14 Aug - 1 Nov 2026,per kamar per malam,SAR,440,2,2,1,WiFi/detail fasilitas dicek manual via WhatsApp,Ketersediaan akhir dan payment dilanjutkan manual via WhatsApp,1534,2026-07-06,INACTIVE,Source: (Makka Hotel 2026) New Season Far East 15 June 202_260630_174549.pdf | Page: makka_page-16.png | Meal: FB | Source period text: 14 AUGUST 2026 TO 1 NOV 2026,"Harga, pajak, dan availability final setelah admin cek manual ke hotel/OTA."
MAKKAH,STANDARD,Rawabi Zam Zam Hotel,,Alharmain PDF 14 Aug - 1 Nov 2026,Triple Room,FB meal plan,2026-08-14,2026-11-01,14 Aug - 1 Nov 2026,per kamar per malam,SAR,480,2,2,1,WiFi/detail fasilitas dicek manual via WhatsApp,Ketersediaan akhir dan payment dilanjutkan manual via WhatsApp,1535,2026-07-06,INACTIVE,Source: (Makka Hotel 2026) New Season Far East 15 June 202_260630_174549.pdf | Page: makka_page-16.png | Meal: FB | Source period text: 14 AUGUST 2026 TO 1 NOV 2026,"Harga, pajak, dan availability final setelah admin cek manual ke hotel/OTA."
MAKKAH,STANDARD,Rawabi Zam Zam Hotel,,Alharmain PDF 14 Aug - 1 Nov 2026,Quad Room,FB meal plan,2026-08-14,2026-11-01,14 Aug - 1 Nov 2026,per kamar per malam,SAR,520,2,2,1,WiFi/detail fasilitas dicek manual via WhatsApp,Ketersediaan akhir dan payment dilanjutkan manual via WhatsApp,1536,2026-07-06,INACTIVE,Source: (Makka Hotel 2026) New Season Far East 15 June 202_260630_174549.pdf | Page: makka_page-16.png | Meal: FB | Source period text: 14 AUGUST 2026 TO 1 NOV 2026,"Harga, pajak, dan availability final setelah admin cek manual ke hotel/OTA."
MAKKAH,STANDARD,Burj Al Fuad Hotel,,Alharmain PDF 16 Jun - 1 Jul 2026,Double Room,FB meal plan,2026-06-16,2026-07-01,16 Jun - 1 Jul 2026,per kamar per malam,SAR,425,2,2,1,WiFi/detail fasilitas dicek manual via WhatsApp,Ketersediaan akhir dan payment dilanjutkan manual via WhatsApp,1537,2026-07-06,INACTIVE,Source: (Makka Hotel 2026) New Season Far East 15 June 202_260630_174549.pdf | Page: makka_page-16.png | Meal: FB | Source period text: 16 JUNE 2026 TO 1 JULY 2026,"Harga, pajak, dan availability final setelah admin cek manual ke hotel/OTA."
MAKKAH,STANDARD,Burj Al Fuad Hotel,,Alharmain PDF 16 Jun - 1 Jul 2026,Triple Room,FB meal plan,2026-06-16,2026-07-01,16 Jun - 1 Jul 2026,per kamar per malam,SAR,465,2,2,1,WiFi/detail fasilitas dicek manual via WhatsApp,Ketersediaan akhir dan payment dilanjutkan manual via WhatsApp,1538,2026-07-06,INACTIVE,Source: (Makka Hotel 2026) New Season Far East 15 June 202_260630_174549.pdf | Page: makka_page-16.png | Meal: FB | Source period text: 16 JUNE 2026 TO 1 JULY 2026,"Harga, pajak, dan availability final setelah admin cek manual ke hotel/OTA."
MAKKAH,STANDARD,Burj Al Fuad Hotel,,Alharmain PDF 16 Jun - 1 Jul 2026,Quad Room,FB meal plan,2026-06-16,2026-07-01,16 Jun - 1 Jul 2026,per kamar per malam,SAR,505,2,2,1,WiFi/detail fasilitas dicek manual via WhatsApp,Ketersediaan akhir dan payment dilanjutkan manual via WhatsApp,1539,2026-07-06,INACTIVE,Source: (Makka Hotel 2026) New Season Far East 15 June 202_260630_174549.pdf | Page: makka_page-16.png | Meal: FB | Source period text: 16 JUNE 2026 TO 1 JULY 2026,"Harga, pajak, dan availability final setelah admin cek manual ke hotel/OTA."
MAKKAH,STANDARD,Burj Al Fuad Hotel,,Alharmain PDF 1 Jul - 1 Sep 2026,Double Room,FB meal plan,2026-07-01,2026-09-01,1 Jul - 1 Sep 2026,per kamar per malam,SAR,440,2,2,1,WiFi/detail fasilitas dicek manual via WhatsApp,Ketersediaan akhir dan payment dilanjutkan manual via WhatsApp,1540,2026-07-06,INACTIVE,Source: (Makka Hotel 2026) New Season Far East 15 June 202_260630_174549.pdf | Page: makka_page-16.png | Meal: FB | Source period text: 1 JULY 2026 TO 1 SEP 2026,"Harga, pajak, dan availability final setelah admin cek manual ke hotel/OTA."
MAKKAH,STANDARD,Burj Al Fuad Hotel,,Alharmain PDF 1 Jul - 1 Sep 2026,Triple Room,FB meal plan,2026-07-01,2026-09-01,1 Jul - 1 Sep 2026,per kamar per malam,SAR,480,2,2,1,WiFi/detail fasilitas dicek manual via WhatsApp,Ketersediaan akhir dan payment dilanjutkan manual via WhatsApp,1541,2026-07-06,INACTIVE,Source: (Makka Hotel 2026) New Season Far East 15 June 202_260630_174549.pdf | Page: makka_page-16.png | Meal: FB | Source period text: 1 JULY 2026 TO 1 SEP 2026,"Harga, pajak, dan availability final setelah admin cek manual ke hotel/OTA."
MAKKAH,STANDARD,Burj Al Fuad Hotel,,Alharmain PDF 1 Jul - 1 Sep 2026,Quad Room,FB meal plan,2026-07-01,2026-09-01,1 Jul - 1 Sep 2026,per kamar per malam,SAR,520,2,2,1,WiFi/detail fasilitas dicek manual via WhatsApp,Ketersediaan akhir dan payment dilanjutkan manual via WhatsApp,1542,2026-07-06,INACTIVE,Source: (Makka Hotel 2026) New Season Far East 15 June 202_260630_174549.pdf | Page: makka_page-16.png | Meal: FB | Source period text: 1 JULY 2026 TO 1 SEP 2026,"Harga, pajak, dan availability final setelah admin cek manual ke hotel/OTA."
MAKKAH,STANDARD,Nada Al Diafa Hotel,,Alharmain PDF 16 Jun - 30 Jul 2026,Double Room,FB meal plan,2026-06-16,2026-07-30,16 Jun - 30 Jul 2026,per kamar per malam,SAR,490,2,2,1,WiFi/detail fasilitas dicek manual via WhatsApp,Ketersediaan akhir dan payment dilanjutkan manual via WhatsApp,1543,2026-07-06,INACTIVE,Source: (Makka Hotel 2026) New Season Far East 15 June 202_260630_174549.pdf | Page: makka_page-16.png | Meal: FB | Source period text: 16 JUNE 2026 TO 30 JULY 2026,"Harga, pajak, dan availability final setelah admin cek manual ke hotel/OTA."
MAKKAH,STANDARD,Nada Al Diafa Hotel,,Alharmain PDF 16 Jun - 30 Jul 2026,Triple Room,FB meal plan,2026-06-16,2026-07-30,16 Jun - 30 Jul 2026,per kamar per malam,SAR,530,2,2,1,WiFi/detail fasilitas dicek manual via WhatsApp,Ketersediaan akhir dan payment dilanjutkan manual via WhatsApp,1544,2026-07-06,INACTIVE,Source: (Makka Hotel 2026) New Season Far East 15 June 202_260630_174549.pdf | Page: makka_page-16.png | Meal: FB | Source period text: 16 JUNE 2026 TO 30 JULY 2026,"Harga, pajak, dan availability final setelah admin cek manual ke hotel/OTA."
MAKKAH,STANDARD,Nada Al Diafa Hotel,,Alharmain PDF 16 Jun - 30 Jul 2026,Quad Room,FB meal plan,2026-06-16,2026-07-30,16 Jun - 30 Jul 2026,per kamar per malam,SAR,570,2,2,1,WiFi/detail fasilitas dicek manual via WhatsApp,Ketersediaan akhir dan payment dilanjutkan manual via WhatsApp,1545,2026-07-06,INACTIVE,Source: (Makka Hotel 2026) New Season Far East 15 June 202_260630_174549.pdf | Page: makka_page-16.png | Meal: FB | Source period text: 16 JUNE 2026 TO 30 JULY 2026,"Harga, pajak, dan availability final setelah admin cek manual ke hotel/OTA."
MAKKAH,STANDARD,Makarem Al Hijra Hotel,,Alharmain PDF 30 Jun - 15 Jul 2026,Double Room,FB meal plan,2026-06-30,2026-07-15,30 Jun - 15 Jul 2026,per kamar per malam,SAR,290,2,2,1,WiFi/detail fasilitas dicek manual via WhatsApp,Ketersediaan akhir dan payment dilanjutkan manual via WhatsApp,1546,2026-07-06,INACTIVE,Source: (Makka Hotel 2026) New Season Far East 15 June 202_260630_174549.pdf | Page: makka_page-17.png | Meal: FB | Source period text: 30 JUNE 2026 TO 15 JULY 2026,"Harga, pajak, dan availability final setelah admin cek manual ke hotel/OTA."
MAKKAH,STANDARD,Makarem Al Hijra Hotel,,Alharmain PDF 30 Jun - 15 Jul 2026,Triple Room,FB meal plan,2026-06-30,2026-07-15,30 Jun - 15 Jul 2026,per kamar per malam,SAR,330,2,2,1,WiFi/detail fasilitas dicek manual via WhatsApp,Ketersediaan akhir dan payment dilanjutkan manual via WhatsApp,1547,2026-07-06,INACTIVE,Source: (Makka Hotel 2026) New Season Far East 15 June 202_260630_174549.pdf | Page: makka_page-17.png | Meal: FB | Source period text: 30 JUNE 2026 TO 15 JULY 2026,"Harga, pajak, dan availability final setelah admin cek manual ke hotel/OTA."
MAKKAH,STANDARD,Makarem Al Hijra Hotel,,Alharmain PDF 30 Jun - 15 Jul 2026,Quad Room,FB meal plan,2026-06-30,2026-07-15,30 Jun - 15 Jul 2026,per kamar per malam,SAR,370,2,2,1,WiFi/detail fasilitas dicek manual via WhatsApp,Ketersediaan akhir dan payment dilanjutkan manual via WhatsApp,1548,2026-07-06,INACTIVE,Source: (Makka Hotel 2026) New Season Far East 15 June 202_260630_174549.pdf | Page: makka_page-17.png | Meal: FB | Source period text: 30 JUNE 2026 TO 15 JULY 2026,"Harga, pajak, dan availability final setelah admin cek manual ke hotel/OTA."
MAKKAH,STANDARD,Makarem Al Hijra Hotel,,Alharmain PDF 15 Jul - 12 Sep 2026,Double Room,FB meal plan,2026-07-15,2026-09-12,15 Jul - 12 Sep 2026,per kamar per malam,SAR,310,2,2,1,WiFi/detail fasilitas dicek manual via WhatsApp,Ketersediaan akhir dan payment dilanjutkan manual via WhatsApp,1549,2026-07-06,INACTIVE,Source: (Makka Hotel 2026) New Season Far East 15 June 202_260630_174549.pdf | Page: makka_page-17.png | Meal: FB | Source period text: 15 JULY 2026 TO 12 SEP 2026,"Harga, pajak, dan availability final setelah admin cek manual ke hotel/OTA."
MAKKAH,STANDARD,Makarem Al Hijra Hotel,,Alharmain PDF 15 Jul - 12 Sep 2026,Triple Room,FB meal plan,2026-07-15,2026-09-12,15 Jul - 12 Sep 2026,per kamar per malam,SAR,350,2,2,1,WiFi/detail fasilitas dicek manual via WhatsApp,Ketersediaan akhir dan payment dilanjutkan manual via WhatsApp,1550,2026-07-06,INACTIVE,Source: (Makka Hotel 2026) New Season Far East 15 June 202_260630_174549.pdf | Page: makka_page-17.png | Meal: FB | Source period text: 15 JULY 2026 TO 12 SEP 2026,"Harga, pajak, dan availability final setelah admin cek manual ke hotel/OTA."
MAKKAH,STANDARD,Makarem Al Hijra Hotel,,Alharmain PDF 15 Jul - 12 Sep 2026,Quad Room,FB meal plan,2026-07-15,2026-09-12,15 Jul - 12 Sep 2026,per kamar per malam,SAR,390,2,2,1,WiFi/detail fasilitas dicek manual via WhatsApp,Ketersediaan akhir dan payment dilanjutkan manual via WhatsApp,1551,2026-07-06,INACTIVE,Source: (Makka Hotel 2026) New Season Far East 15 June 202_260630_174549.pdf | Page: makka_page-17.png | Meal: FB | Source period text: 15 JULY 2026 TO 12 SEP 2026,"Harga, pajak, dan availability final setelah admin cek manual ke hotel/OTA."
MAKKAH,STANDARD,Makarem Al Hijra Hotel,,Alharmain PDF 12 Sep - 10 Dec 2026,Double Room,FB meal plan,2026-09-12,2026-12-10,12 Sep - 10 Dec 2026,per kamar per malam,SAR,330,2,2,1,WiFi/detail fasilitas dicek manual via WhatsApp,Ketersediaan akhir dan payment dilanjutkan manual via WhatsApp,1552,2026-07-06,INACTIVE,Source: (Makka Hotel 2026) New Season Far East 15 June 202_260630_174549.pdf | Page: makka_page-17.png | Meal: FB | Source period text: 12 SEP 2026 TO 10 DEC 2026,"Harga, pajak, dan availability final setelah admin cek manual ke hotel/OTA."
MAKKAH,STANDARD,Makarem Al Hijra Hotel,,Alharmain PDF 12 Sep - 10 Dec 2026,Triple Room,FB meal plan,2026-09-12,2026-12-10,12 Sep - 10 Dec 2026,per kamar per malam,SAR,370,2,2,1,WiFi/detail fasilitas dicek manual via WhatsApp,Ketersediaan akhir dan payment dilanjutkan manual via WhatsApp,1553,2026-07-06,INACTIVE,Source: (Makka Hotel 2026) New Season Far East 15 June 202_260630_174549.pdf | Page: makka_page-17.png | Meal: FB | Source period text: 12 SEP 2026 TO 10 DEC 2026,"Harga, pajak, dan availability final setelah admin cek manual ke hotel/OTA."
MAKKAH,STANDARD,Makarem Al Hijra Hotel,,Alharmain PDF 12 Sep - 10 Dec 2026,Quad Room,FB meal plan,2026-09-12,2026-12-10,12 Sep - 10 Dec 2026,per kamar per malam,SAR,410,2,2,1,WiFi/detail fasilitas dicek manual via WhatsApp,Ketersediaan akhir dan payment dilanjutkan manual via WhatsApp,1554,2026-07-06,INACTIVE,Source: (Makka Hotel 2026) New Season Far East 15 June 202_260630_174549.pdf | Page: makka_page-17.png | Meal: FB | Source period text: 12 SEP 2026 TO 10 DEC 2026,"Harga, pajak, dan availability final setelah admin cek manual ke hotel/OTA."
MAKKAH,STANDARD,Mira Ajyad Hotel,,Alharmain PDF 17 Jun - 31 Aug 2026,Double Room,FB meal plan,2026-06-17,2026-08-31,17 Jun - 31 Aug 2026,per kamar per malam,SAR,500,2,2,1,WiFi/detail fasilitas dicek manual via WhatsApp,Ketersediaan akhir dan payment dilanjutkan manual via WhatsApp,1555,2026-07-06,INACTIVE,Source: (Makka Hotel 2026) New Season Far East 15 June 202_260630_174549.pdf | Page: makka_page-17.png | Meal: FB | Source period text: 17 JUNE 2026 TO 31 AUGUST 2026,"Harga, pajak, dan availability final setelah admin cek manual ke hotel/OTA."
MAKKAH,STANDARD,Mira Ajyad Hotel,,Alharmain PDF 17 Jun - 31 Aug 2026,Triple Room,FB meal plan,2026-06-17,2026-08-31,17 Jun - 31 Aug 2026,per kamar per malam,SAR,560,2,2,1,WiFi/detail fasilitas dicek manual via WhatsApp,Ketersediaan akhir dan payment dilanjutkan manual via WhatsApp,1556,2026-07-06,INACTIVE,Source: (Makka Hotel 2026) New Season Far East 15 June 202_260630_174549.pdf | Page: makka_page-17.png | Meal: FB | Source period text: 17 JUNE 2026 TO 31 AUGUST 2026,"Harga, pajak, dan availability final setelah admin cek manual ke hotel/OTA."
MAKKAH,STANDARD,Mira Ajyad Hotel,,Alharmain PDF 17 Jun - 31 Aug 2026,Quad Room,FB meal plan,2026-06-17,2026-08-31,17 Jun - 31 Aug 2026,per kamar per malam,SAR,620,2,2,1,WiFi/detail fasilitas dicek manual via WhatsApp,Ketersediaan akhir dan payment dilanjutkan manual via WhatsApp,1557,2026-07-06,INACTIVE,Source: (Makka Hotel 2026) New Season Far East 15 June 202_260630_174549.pdf | Page: makka_page-17.png | Meal: FB | Source period text: 17 JUNE 2026 TO 31 AUGUST 2026,"Harga, pajak, dan availability final setelah admin cek manual ke hotel/OTA."
MAKKAH,STANDARD,Mira Ajyad Hotel,,Alharmain PDF 17 Jun - 31 Aug 2026,Quint Room,FB meal plan,2026-06-17,2026-08-31,17 Jun - 31 Aug 2026,per kamar per malam,SAR,690,2,2,1,WiFi/detail fasilitas dicek manual via WhatsApp,Ketersediaan akhir dan payment dilanjutkan manual via WhatsApp,1558,2026-07-06,INACTIVE,Source: (Makka Hotel 2026) New Season Far East 15 June 202_260630_174549.pdf | Page: makka_page-17.png | Meal: FB | Source period text: 17 JUNE 2026 TO 31 AUGUST 2026,"Harga, pajak, dan availability final setelah admin cek manual ke hotel/OTA."
MAKKAH,STANDARD,Mira Ajyad Hotel,,Alharmain PDF Sep-Oct 2026,Double Room,FB meal plan,2026-09-01,2026-10-31,Sep-Oct 2026,per kamar per malam,SAR,530,2,2,1,WiFi/detail fasilitas dicek manual via WhatsApp,Ketersediaan akhir dan payment dilanjutkan manual via WhatsApp,1559,2026-07-06,INACTIVE,Source: (Makka Hotel 2026) New Season Far East 15 June 202_260630_174549.pdf | Page: makka_page-17.png | Meal: FB | Source period text: 1 SEP 2026 TO 31 OCT 2026,"Harga, pajak, dan availability final setelah admin cek manual ke hotel/OTA."
MAKKAH,STANDARD,Mira Ajyad Hotel,,Alharmain PDF Sep-Oct 2026,Triple Room,FB meal plan,2026-09-01,2026-10-31,Sep-Oct 2026,per kamar per malam,SAR,590,2,2,1,WiFi/detail fasilitas dicek manual via WhatsApp,Ketersediaan akhir dan payment dilanjutkan manual via WhatsApp,1560,2026-07-06,INACTIVE,Source: (Makka Hotel 2026) New Season Far East 15 June 202_260630_174549.pdf | Page: makka_page-17.png | Meal: FB | Source period text: 1 SEP 2026 TO 31 OCT 2026,"Harga, pajak, dan availability final setelah admin cek manual ke hotel/OTA."
MAKKAH,STANDARD,Mira Ajyad Hotel,,Alharmain PDF Sep-Oct 2026,Quad Room,FB meal plan,2026-09-01,2026-10-31,Sep-Oct 2026,per kamar per malam,SAR,650,2,2,1,WiFi/detail fasilitas dicek manual via WhatsApp,Ketersediaan akhir dan payment dilanjutkan manual via WhatsApp,1561,2026-07-06,INACTIVE,Source: (Makka Hotel 2026) New Season Far East 15 June 202_260630_174549.pdf | Page: makka_page-17.png | Meal: FB | Source period text: 1 SEP 2026 TO 31 OCT 2026,"Harga, pajak, dan availability final setelah admin cek manual ke hotel/OTA."
MAKKAH,STANDARD,Mira Ajyad Hotel,,Alharmain PDF Sep-Oct 2026,Quint Room,FB meal plan,2026-09-01,2026-10-31,Sep-Oct 2026,per kamar per malam,SAR,720,2,2,1,WiFi/detail fasilitas dicek manual via WhatsApp,Ketersediaan akhir dan payment dilanjutkan manual via WhatsApp,1562,2026-07-06,INACTIVE,Source: (Makka Hotel 2026) New Season Far East 15 June 202_260630_174549.pdf | Page: makka_page-17.png | Meal: FB | Source period text: 1 SEP 2026 TO 31 OCT 2026,"Harga, pajak, dan availability final setelah admin cek manual ke hotel/OTA."
MAKKAH,STANDARD,Ghalib Ajyad Hotel,,Alharmain PDF 16 Jun - 20 Jul 2026,Double Room,FB meal plan,2026-06-16,2026-07-20,16 Jun - 20 Jul 2026,per kamar per malam,SAR,370,2,2,1,WiFi/detail fasilitas dicek manual via WhatsApp,Ketersediaan akhir dan payment dilanjutkan manual via WhatsApp,1563,2026-07-06,INACTIVE,Source: (Makka Hotel 2026) New Season Far East 15 June 202_260630_174549.pdf | Page: makka_page-17.png | Meal: FB | Source period text: 16 JUNE 2026 TO 20 JULY 2026,"Harga, pajak, dan availability final setelah admin cek manual ke hotel/OTA."
MAKKAH,STANDARD,Ghalib Ajyad Hotel,,Alharmain PDF 16 Jun - 20 Jul 2026,Triple Room,FB meal plan,2026-06-16,2026-07-20,16 Jun - 20 Jul 2026,per kamar per malam,SAR,415,2,2,1,WiFi/detail fasilitas dicek manual via WhatsApp,Ketersediaan akhir dan payment dilanjutkan manual via WhatsApp,1564,2026-07-06,INACTIVE,Source: (Makka Hotel 2026) New Season Far East 15 June 202_260630_174549.pdf | Page: makka_page-17.png | Meal: FB | Source period text: 16 JUNE 2026 TO 20 JULY 2026,"Harga, pajak, dan availability final setelah admin cek manual ke hotel/OTA."
MAKKAH,STANDARD,Ghalib Ajyad Hotel,,Alharmain PDF 16 Jun - 20 Jul 2026,Quad Room,FB meal plan,2026-06-16,2026-07-20,16 Jun - 20 Jul 2026,per kamar per malam,SAR,460,2,2,1,WiFi/detail fasilitas dicek manual via WhatsApp,Ketersediaan akhir dan payment dilanjutkan manual via WhatsApp,1565,2026-07-06,INACTIVE,Source: (Makka Hotel 2026) New Season Far East 15 June 202_260630_174549.pdf | Page: makka_page-17.png | Meal: FB | Source period text: 16 JUNE 2026 TO 20 JULY 2026,"Harga, pajak, dan availability final setelah admin cek manual ke hotel/OTA."
MAKKAH,STANDARD,Ghalib Ajyad Hotel,,Alharmain PDF 20 Jul - 30 Aug 2026,Double Room,FB meal plan,2026-07-20,2026-08-30,20 Jul - 30 Aug 2026,per kamar per malam,SAR,450,2,2,1,WiFi/detail fasilitas dicek manual via WhatsApp,Ketersediaan akhir dan payment dilanjutkan manual via WhatsApp,1566,2026-07-06,INACTIVE,Source: (Makka Hotel 2026) New Season Far East 15 June 202_260630_174549.pdf | Page: makka_page-17.png | Meal: FB | Source period text: 20 JULY 2026 TO 30 AUGUST 2026,"Harga, pajak, dan availability final setelah admin cek manual ke hotel/OTA."
MAKKAH,STANDARD,Ghalib Ajyad Hotel,,Alharmain PDF 20 Jul - 30 Aug 2026,Triple Room,FB meal plan,2026-07-20,2026-08-30,20 Jul - 30 Aug 2026,per kamar per malam,SAR,495,2,2,1,WiFi/detail fasilitas dicek manual via WhatsApp,Ketersediaan akhir dan payment dilanjutkan manual via WhatsApp,1567,2026-07-06,INACTIVE,Source: (Makka Hotel 2026) New Season Far East 15 June 202_260630_174549.pdf | Page: makka_page-17.png | Meal: FB | Source period text: 20 JULY 2026 TO 30 AUGUST 2026,"Harga, pajak, dan availability final setelah admin cek manual ke hotel/OTA."
MAKKAH,STANDARD,Ghalib Ajyad Hotel,,Alharmain PDF 20 Jul - 30 Aug 2026,Quad Room,FB meal plan,2026-07-20,2026-08-30,20 Jul - 30 Aug 2026,per kamar per malam,SAR,540,2,2,1,WiFi/detail fasilitas dicek manual via WhatsApp,Ketersediaan akhir dan payment dilanjutkan manual via WhatsApp,1568,2026-07-06,INACTIVE,Source: (Makka Hotel 2026) New Season Far East 15 June 202_260630_174549.pdf | Page: makka_page-17.png | Meal: FB | Source period text: 20 JULY 2026 TO 30 AUGUST 2026,"Harga, pajak, dan availability final setelah admin cek manual ke hotel/OTA."
MAKKAH,STANDARD,Ghalib Ajyad Hotel,,Alharmain PDF 1 Sep - 1 Oct 2026,Double Room,FB meal plan,2026-09-01,2026-10-01,1 Sep - 1 Oct 2026,per kamar per malam,SAR,470,2,2,1,WiFi/detail fasilitas dicek manual via WhatsApp,Ketersediaan akhir dan payment dilanjutkan manual via WhatsApp,1569,2026-07-06,INACTIVE,Source: (Makka Hotel 2026) New Season Far East 15 June 202_260630_174549.pdf | Page: makka_page-17.png | Meal: FB | Source period text: 1 SEP 2026 TO 1 OCT 2026,"Harga, pajak, dan availability final setelah admin cek manual ke hotel/OTA."
MAKKAH,STANDARD,Ghalib Ajyad Hotel,,Alharmain PDF 1 Sep - 1 Oct 2026,Triple Room,FB meal plan,2026-09-01,2026-10-01,1 Sep - 1 Oct 2026,per kamar per malam,SAR,515,2,2,1,WiFi/detail fasilitas dicek manual via WhatsApp,Ketersediaan akhir dan payment dilanjutkan manual via WhatsApp,1570,2026-07-06,INACTIVE,Source: (Makka Hotel 2026) New Season Far East 15 June 202_260630_174549.pdf | Page: makka_page-17.png | Meal: FB | Source period text: 1 SEP 2026 TO 1 OCT 2026,"Harga, pajak, dan availability final setelah admin cek manual ke hotel/OTA."
MAKKAH,STANDARD,Ghalib Ajyad Hotel,,Alharmain PDF 1 Sep - 1 Oct 2026,Quad Room,FB meal plan,2026-09-01,2026-10-01,1 Sep - 1 Oct 2026,per kamar per malam,SAR,560,2,2,1,WiFi/detail fasilitas dicek manual via WhatsApp,Ketersediaan akhir dan payment dilanjutkan manual via WhatsApp,1571,2026-07-06,INACTIVE,Source: (Makka Hotel 2026) New Season Far East 15 June 202_260630_174549.pdf | Page: makka_page-17.png | Meal: FB | Source period text: 1 SEP 2026 TO 1 OCT 2026,"Harga, pajak, dan availability final setelah admin cek manual ke hotel/OTA."
MAKKAH,STANDARD,Ghalib Ajyad Hotel,,Alharmain PDF 1 Oct - 15 Dec 2026,Double Room,FB meal plan,2026-10-01,2026-12-15,1 Oct - 15 Dec 2026,per kamar per malam,SAR,500,2,2,1,WiFi/detail fasilitas dicek manual via WhatsApp,Ketersediaan akhir dan payment dilanjutkan manual via WhatsApp,1572,2026-07-06,INACTIVE,Source: (Makka Hotel 2026) New Season Far East 15 June 202_260630_174549.pdf | Page: makka_page-17.png | Meal: FB | Source period text: 1 OCT 2026 TO 15 DEC 2026,"Harga, pajak, dan availability final setelah admin cek manual ke hotel/OTA."
MAKKAH,STANDARD,Ghalib Ajyad Hotel,,Alharmain PDF 1 Oct - 15 Dec 2026,Triple Room,FB meal plan,2026-10-01,2026-12-15,1 Oct - 15 Dec 2026,per kamar per malam,SAR,545,2,2,1,WiFi/detail fasilitas dicek manual via WhatsApp,Ketersediaan akhir dan payment dilanjutkan manual via WhatsApp,1573,2026-07-06,INACTIVE,Source: (Makka Hotel 2026) New Season Far East 15 June 202_260630_174549.pdf | Page: makka_page-17.png | Meal: FB | Source period text: 1 OCT 2026 TO 15 DEC 2026,"Harga, pajak, dan availability final setelah admin cek manual ke hotel/OTA."
MAKKAH,STANDARD,Ghalib Ajyad Hotel,,Alharmain PDF 1 Oct - 15 Dec 2026,Quad Room,FB meal plan,2026-10-01,2026-12-15,1 Oct - 15 Dec 2026,per kamar per malam,SAR,590,2,2,1,WiFi/detail fasilitas dicek manual via WhatsApp,Ketersediaan akhir dan payment dilanjutkan manual via WhatsApp,1574,2026-07-06,INACTIVE,Source: (Makka Hotel 2026) New Season Far East 15 June 202_260630_174549.pdf | Page: makka_page-17.png | Meal: FB | Source period text: 1 OCT 2026 TO 15 DEC 2026,"Harga, pajak, dan availability final setelah admin cek manual ke hotel/OTA."
MAKKAH,STANDARD,Ghalib Ajyad Hotel,,Alharmain PDF 15 Dec 2026 - 9 Jan 2027,Double Room,FB meal plan,2026-12-15,2027-01-09,15 Dec 2026 - 9 Jan 2027,per kamar per malam,SAR,595,2,2,1,WiFi/detail fasilitas dicek manual via WhatsApp,Ketersediaan akhir dan payment dilanjutkan manual via WhatsApp,1575,2026-07-06,INACTIVE,Source: (Makka Hotel 2026) New Season Far East 15 June 202_260630_174549.pdf | Page: makka_page-17.png | Meal: FB | Source period text: 15 DEC 2026 TO 9 JAN 2027,"Harga, pajak, dan availability final setelah admin cek manual ke hotel/OTA."
MAKKAH,STANDARD,Ghalib Ajyad Hotel,,Alharmain PDF 15 Dec 2026 - 9 Jan 2027,Triple Room,FB meal plan,2026-12-15,2027-01-09,15 Dec 2026 - 9 Jan 2027,per kamar per malam,SAR,640,2,2,1,WiFi/detail fasilitas dicek manual via WhatsApp,Ketersediaan akhir dan payment dilanjutkan manual via WhatsApp,1576,2026-07-06,INACTIVE,Source: (Makka Hotel 2026) New Season Far East 15 June 202_260630_174549.pdf | Page: makka_page-17.png | Meal: FB | Source period text: 15 DEC 2026 TO 9 JAN 2027,"Harga, pajak, dan availability final setelah admin cek manual ke hotel/OTA."
MAKKAH,STANDARD,Ghalib Ajyad Hotel,,Alharmain PDF 15 Dec 2026 - 9 Jan 2027,Quad Room,FB meal plan,2026-12-15,2027-01-09,15 Dec 2026 - 9 Jan 2027,per kamar per malam,SAR,685,2,2,1,WiFi/detail fasilitas dicek manual via WhatsApp,Ketersediaan akhir dan payment dilanjutkan manual via WhatsApp,1577,2026-07-06,INACTIVE,Source: (Makka Hotel 2026) New Season Far East 15 June 202_260630_174549.pdf | Page: makka_page-17.png | Meal: FB | Source period text: 15 DEC 2026 TO 9 JAN 2027,"Harga, pajak, dan availability final setelah admin cek manual ke hotel/OTA."
MAKKAH,STANDARD,Zuwar Al Bait (Tower A) Hotel,,Alharmain PDF 15 Jun - 30 Jul 2026,Double Room,FB meal plan,2026-06-15,2026-07-30,15 Jun - 30 Jul 2026,per kamar per malam,SAR,370,2,2,1,WiFi/detail fasilitas dicek manual via WhatsApp,Ketersediaan akhir dan payment dilanjutkan manual via WhatsApp,1578,2026-07-06,INACTIVE,Source: (Makka Hotel 2026) New Season Far East 15 June 202_260630_174549.pdf | Page: makka_page-18.png | Meal: FB | Source period text: 15 JUNE 2026 TO 30 JULY 2026,"Harga, pajak, dan availability final setelah admin cek manual ke hotel/OTA."
MAKKAH,STANDARD,Zuwar Al Bait (Tower A) Hotel,,Alharmain PDF 15 Jun - 30 Jul 2026,Triple Room,FB meal plan,2026-06-15,2026-07-30,15 Jun - 30 Jul 2026,per kamar per malam,SAR,415,2,2,1,WiFi/detail fasilitas dicek manual via WhatsApp,Ketersediaan akhir dan payment dilanjutkan manual via WhatsApp,1579,2026-07-06,INACTIVE,Source: (Makka Hotel 2026) New Season Far East 15 June 202_260630_174549.pdf | Page: makka_page-18.png | Meal: FB | Source period text: 15 JUNE 2026 TO 30 JULY 2026,"Harga, pajak, dan availability final setelah admin cek manual ke hotel/OTA."
MAKKAH,STANDARD,Zuwar Al Bait (Tower A) Hotel,,Alharmain PDF 15 Jun - 30 Jul 2026,Quad Room,FB meal plan,2026-06-15,2026-07-30,15 Jun - 30 Jul 2026,per kamar per malam,SAR,460,2,2,1,WiFi/detail fasilitas dicek manual via WhatsApp,Ketersediaan akhir dan payment dilanjutkan manual via WhatsApp,1580,2026-07-06,INACTIVE,Source: (Makka Hotel 2026) New Season Far East 15 June 202_260630_174549.pdf | Page: makka_page-18.png | Meal: FB | Source period text: 15 JUNE 2026 TO 30 JULY 2026,"Harga, pajak, dan availability final setelah admin cek manual ke hotel/OTA."
MAKKAH,STANDARD,Zuwar Al Bait (Tower A) Hotel,,Alharmain PDF Aug-Sep 2026,Double Room,FB meal plan,2026-08-01,2026-09-30,Aug-Sep 2026,per kamar per malam,SAR,470,2,2,1,WiFi/detail fasilitas dicek manual via WhatsApp,Ketersediaan akhir dan payment dilanjutkan manual via WhatsApp,1581,2026-07-06,INACTIVE,Source: (Makka Hotel 2026) New Season Far East 15 June 202_260630_174549.pdf | Page: makka_page-18.png | Meal: FB | Source period text: 1 AUGUST 2026 TO 30 SEP 2026,"Harga, pajak, dan availability final setelah admin cek manual ke hotel/OTA."
MAKKAH,STANDARD,Zuwar Al Bait (Tower A) Hotel,,Alharmain PDF Aug-Sep 2026,Triple Room,FB meal plan,2026-08-01,2026-09-30,Aug-Sep 2026,per kamar per malam,SAR,515,2,2,1,WiFi/detail fasilitas dicek manual via WhatsApp,Ketersediaan akhir dan payment dilanjutkan manual via WhatsApp,1582,2026-07-06,INACTIVE,Source: (Makka Hotel 2026) New Season Far East 15 June 202_260630_174549.pdf | Page: makka_page-18.png | Meal: FB | Source period text: 1 AUGUST 2026 TO 30 SEP 2026,"Harga, pajak, dan availability final setelah admin cek manual ke hotel/OTA."
MAKKAH,STANDARD,Zuwar Al Bait (Tower A) Hotel,,Alharmain PDF Aug-Sep 2026,Quad Room,FB meal plan,2026-08-01,2026-09-30,Aug-Sep 2026,per kamar per malam,SAR,560,2,2,1,WiFi/detail fasilitas dicek manual via WhatsApp,Ketersediaan akhir dan payment dilanjutkan manual via WhatsApp,1583,2026-07-06,INACTIVE,Source: (Makka Hotel 2026) New Season Far East 15 June 202_260630_174549.pdf | Page: makka_page-18.png | Meal: FB | Source period text: 1 AUGUST 2026 TO 30 SEP 2026,"Harga, pajak, dan availability final setelah admin cek manual ke hotel/OTA."
MAKKAH,STANDARD,Zuwar Al Bait (Tower A) Hotel,,Alharmain PDF Oct-Nov 2026,Double Room,FB meal plan,2026-10-01,2026-11-30,Oct-Nov 2026,per kamar per malam,SAR,490,2,2,1,WiFi/detail fasilitas dicek manual via WhatsApp,Ketersediaan akhir dan payment dilanjutkan manual via WhatsApp,1584,2026-07-06,INACTIVE,Source: (Makka Hotel 2026) New Season Far East 15 June 202_260630_174549.pdf | Page: makka_page-18.png | Meal: FB | Source period text: 1 OCT 2026 TO 31 NOV 2026,"Harga, pajak, dan availability final setelah admin cek manual ke hotel/OTA."
MAKKAH,STANDARD,Zuwar Al Bait (Tower A) Hotel,,Alharmain PDF Oct-Nov 2026,Triple Room,FB meal plan,2026-10-01,2026-11-30,Oct-Nov 2026,per kamar per malam,SAR,535,2,2,1,WiFi/detail fasilitas dicek manual via WhatsApp,Ketersediaan akhir dan payment dilanjutkan manual via WhatsApp,1585,2026-07-06,INACTIVE,Source: (Makka Hotel 2026) New Season Far East 15 June 202_260630_174549.pdf | Page: makka_page-18.png | Meal: FB | Source period text: 1 OCT 2026 TO 31 NOV 2026,"Harga, pajak, dan availability final setelah admin cek manual ke hotel/OTA."
MAKKAH,STANDARD,Zuwar Al Bait (Tower A) Hotel,,Alharmain PDF Oct-Nov 2026,Quad Room,FB meal plan,2026-10-01,2026-11-30,Oct-Nov 2026,per kamar per malam,SAR,580,2,2,1,WiFi/detail fasilitas dicek manual via WhatsApp,Ketersediaan akhir dan payment dilanjutkan manual via WhatsApp,1586,2026-07-06,INACTIVE,Source: (Makka Hotel 2026) New Season Far East 15 June 202_260630_174549.pdf | Page: makka_page-18.png | Meal: FB | Source period text: 1 OCT 2026 TO 31 NOV 2026,"Harga, pajak, dan availability final setelah admin cek manual ke hotel/OTA."
MAKKAH,STANDARD,Zuwar Al Bait (Tower A) Hotel,,Alharmain PDF 1 Dec 2026 - 31 Jan 2027,Double Room,FB meal plan,2026-12-01,2027-01-31,1 Dec 2026 - 31 Jan 2027,per kamar per malam,SAR,520,2,2,1,WiFi/detail fasilitas dicek manual via WhatsApp,Ketersediaan akhir dan payment dilanjutkan manual via WhatsApp,1587,2026-07-06,INACTIVE,Source: (Makka Hotel 2026) New Season Far East 15 June 202_260630_174549.pdf | Page: makka_page-18.png | Meal: FB | Source period text: 1 DEC 2026 TO 31 JAN 2027,"Harga, pajak, dan availability final setelah admin cek manual ke hotel/OTA."
MAKKAH,STANDARD,Zuwar Al Bait (Tower A) Hotel,,Alharmain PDF 1 Dec 2026 - 31 Jan 2027,Triple Room,FB meal plan,2026-12-01,2027-01-31,1 Dec 2026 - 31 Jan 2027,per kamar per malam,SAR,565,2,2,1,WiFi/detail fasilitas dicek manual via WhatsApp,Ketersediaan akhir dan payment dilanjutkan manual via WhatsApp,1588,2026-07-06,INACTIVE,Source: (Makka Hotel 2026) New Season Far East 15 June 202_260630_174549.pdf | Page: makka_page-18.png | Meal: FB | Source period text: 1 DEC 2026 TO 31 JAN 2027,"Harga, pajak, dan availability final setelah admin cek manual ke hotel/OTA."
MAKKAH,STANDARD,Zuwar Al Bait (Tower A) Hotel,,Alharmain PDF 1 Dec 2026 - 31 Jan 2027,Quad Room,FB meal plan,2026-12-01,2027-01-31,1 Dec 2026 - 31 Jan 2027,per kamar per malam,SAR,610,2,2,1,WiFi/detail fasilitas dicek manual via WhatsApp,Ketersediaan akhir dan payment dilanjutkan manual via WhatsApp,1589,2026-07-06,INACTIVE,Source: (Makka Hotel 2026) New Season Far East 15 June 202_260630_174549.pdf | Page: makka_page-18.png | Meal: FB | Source period text: 1 DEC 2026 TO 31 JAN 2027,"Harga, pajak, dan availability final setelah admin cek manual ke hotel/OTA."
MAKKAH,STANDARD,Zuwar Al Bait (Tower B) Hotel,,Alharmain PDF 15 Jun - 30 Jul 2026,Double Room,FB meal plan,2026-06-15,2026-07-30,15 Jun - 30 Jul 2026,per kamar per malam,SAR,370,2,2,1,WiFi/detail fasilitas dicek manual via WhatsApp,Ketersediaan akhir dan payment dilanjutkan manual via WhatsApp,1590,2026-07-06,INACTIVE,Source: (Makka Hotel 2026) New Season Far East 15 June 202_260630_174549.pdf | Page: makka_page-18.png | Meal: FB | Source period text: 15 JUNE 2026 TO 30 JULY 2026,"Harga, pajak, dan availability final setelah admin cek manual ke hotel/OTA."
MAKKAH,STANDARD,Zuwar Al Bait (Tower B) Hotel,,Alharmain PDF 15 Jun - 30 Jul 2026,Triple Room,FB meal plan,2026-06-15,2026-07-30,15 Jun - 30 Jul 2026,per kamar per malam,SAR,415,2,2,1,WiFi/detail fasilitas dicek manual via WhatsApp,Ketersediaan akhir dan payment dilanjutkan manual via WhatsApp,1591,2026-07-06,INACTIVE,Source: (Makka Hotel 2026) New Season Far East 15 June 202_260630_174549.pdf | Page: makka_page-18.png | Meal: FB | Source period text: 15 JUNE 2026 TO 30 JULY 2026,"Harga, pajak, dan availability final setelah admin cek manual ke hotel/OTA."
MAKKAH,STANDARD,Zuwar Al Bait (Tower B) Hotel,,Alharmain PDF 15 Jun - 30 Jul 2026,Quad Room,FB meal plan,2026-06-15,2026-07-30,15 Jun - 30 Jul 2026,per kamar per malam,SAR,460,2,2,1,WiFi/detail fasilitas dicek manual via WhatsApp,Ketersediaan akhir dan payment dilanjutkan manual via WhatsApp,1592,2026-07-06,INACTIVE,Source: (Makka Hotel 2026) New Season Far East 15 June 202_260630_174549.pdf | Page: makka_page-18.png | Meal: FB | Source period text: 15 JUNE 2026 TO 30 JULY 2026,"Harga, pajak, dan availability final setelah admin cek manual ke hotel/OTA."
MAKKAH,STANDARD,Zuwar Al Bait (Tower B) Hotel,,Alharmain PDF Aug-Sep 2026,Double Room,FB meal plan,2026-08-01,2026-09-30,Aug-Sep 2026,per kamar per malam,SAR,460,2,2,1,WiFi/detail fasilitas dicek manual via WhatsApp,Ketersediaan akhir dan payment dilanjutkan manual via WhatsApp,1593,2026-07-06,INACTIVE,Source: (Makka Hotel 2026) New Season Far East 15 June 202_260630_174549.pdf | Page: makka_page-18.png | Meal: FB | Source period text: 1 AUGUST 2026 TO 30 SEP 2026,"Harga, pajak, dan availability final setelah admin cek manual ke hotel/OTA."
MAKKAH,STANDARD,Zuwar Al Bait (Tower B) Hotel,,Alharmain PDF Aug-Sep 2026,Triple Room,FB meal plan,2026-08-01,2026-09-30,Aug-Sep 2026,per kamar per malam,SAR,505,2,2,1,WiFi/detail fasilitas dicek manual via WhatsApp,Ketersediaan akhir dan payment dilanjutkan manual via WhatsApp,1594,2026-07-06,INACTIVE,Source: (Makka Hotel 2026) New Season Far East 15 June 202_260630_174549.pdf | Page: makka_page-18.png | Meal: FB | Source period text: 1 AUGUST 2026 TO 30 SEP 2026,"Harga, pajak, dan availability final setelah admin cek manual ke hotel/OTA."
MAKKAH,STANDARD,Zuwar Al Bait (Tower B) Hotel,,Alharmain PDF Aug-Sep 2026,Quad Room,FB meal plan,2026-08-01,2026-09-30,Aug-Sep 2026,per kamar per malam,SAR,550,2,2,1,WiFi/detail fasilitas dicek manual via WhatsApp,Ketersediaan akhir dan payment dilanjutkan manual via WhatsApp,1595,2026-07-06,INACTIVE,Source: (Makka Hotel 2026) New Season Far East 15 June 202_260630_174549.pdf | Page: makka_page-18.png | Meal: FB | Source period text: 1 AUGUST 2026 TO 30 SEP 2026,"Harga, pajak, dan availability final setelah admin cek manual ke hotel/OTA."
MAKKAH,STANDARD,Zuwar Al Bait (Tower B) Hotel,,Alharmain PDF Oct-Nov 2026,Double Room,FB meal plan,2026-10-01,2026-11-30,Oct-Nov 2026,per kamar per malam,SAR,480,2,2,1,WiFi/detail fasilitas dicek manual via WhatsApp,Ketersediaan akhir dan payment dilanjutkan manual via WhatsApp,1596,2026-07-06,INACTIVE,Source: (Makka Hotel 2026) New Season Far East 15 June 202_260630_174549.pdf | Page: makka_page-18.png | Meal: FB | Source period text: 1 OCT 2026 TO 31 NOV 2026,"Harga, pajak, dan availability final setelah admin cek manual ke hotel/OTA."
MAKKAH,STANDARD,Zuwar Al Bait (Tower B) Hotel,,Alharmain PDF Oct-Nov 2026,Triple Room,FB meal plan,2026-10-01,2026-11-30,Oct-Nov 2026,per kamar per malam,SAR,525,2,2,1,WiFi/detail fasilitas dicek manual via WhatsApp,Ketersediaan akhir dan payment dilanjutkan manual via WhatsApp,1597,2026-07-06,INACTIVE,Source: (Makka Hotel 2026) New Season Far East 15 June 202_260630_174549.pdf | Page: makka_page-18.png | Meal: FB | Source period text: 1 OCT 2026 TO 31 NOV 2026,"Harga, pajak, dan availability final setelah admin cek manual ke hotel/OTA."
MAKKAH,STANDARD,Zuwar Al Bait (Tower B) Hotel,,Alharmain PDF Oct-Nov 2026,Quad Room,FB meal plan,2026-10-01,2026-11-30,Oct-Nov 2026,per kamar per malam,SAR,570,2,2,1,WiFi/detail fasilitas dicek manual via WhatsApp,Ketersediaan akhir dan payment dilanjutkan manual via WhatsApp,1598,2026-07-06,INACTIVE,Source: (Makka Hotel 2026) New Season Far East 15 June 202_260630_174549.pdf | Page: makka_page-18.png | Meal: FB | Source period text: 1 OCT 2026 TO 31 NOV 2026,"Harga, pajak, dan availability final setelah admin cek manual ke hotel/OTA."
MAKKAH,STANDARD,Zuwar Al Bait (Tower B) Hotel,,Alharmain PDF 1 Dec 2026 - 31 Jan 2027,Double Room,FB meal plan,2026-12-01,2027-01-31,1 Dec 2026 - 31 Jan 2027,per kamar per malam,SAR,510,2,2,1,WiFi/detail fasilitas dicek manual via WhatsApp,Ketersediaan akhir dan payment dilanjutkan manual via WhatsApp,1599,2026-07-06,INACTIVE,Source: (Makka Hotel 2026) New Season Far East 15 June 202_260630_174549.pdf | Page: makka_page-18.png | Meal: FB | Source period text: 1 DEC 2026 TO 31 JAN 2027,"Harga, pajak, dan availability final setelah admin cek manual ke hotel/OTA."
MAKKAH,STANDARD,Zuwar Al Bait (Tower B) Hotel,,Alharmain PDF 1 Dec 2026 - 31 Jan 2027,Triple Room,FB meal plan,2026-12-01,2027-01-31,1 Dec 2026 - 31 Jan 2027,per kamar per malam,SAR,555,2,2,1,WiFi/detail fasilitas dicek manual via WhatsApp,Ketersediaan akhir dan payment dilanjutkan manual via WhatsApp,1600,2026-07-06,INACTIVE,Source: (Makka Hotel 2026) New Season Far East 15 June 202_260630_174549.pdf | Page: makka_page-18.png | Meal: FB | Source period text: 1 DEC 2026 TO 31 JAN 2027,"Harga, pajak, dan availability final setelah admin cek manual ke hotel/OTA."
MAKKAH,STANDARD,Zuwar Al Bait (Tower B) Hotel,,Alharmain PDF 1 Dec 2026 - 31 Jan 2027,Quad Room,FB meal plan,2026-12-01,2027-01-31,1 Dec 2026 - 31 Jan 2027,per kamar per malam,SAR,600,2,2,1,WiFi/detail fasilitas dicek manual via WhatsApp,Ketersediaan akhir dan payment dilanjutkan manual via WhatsApp,1601,2026-07-06,INACTIVE,Source: (Makka Hotel 2026) New Season Far East 15 June 202_260630_174549.pdf | Page: makka_page-18.png | Meal: FB | Source period text: 1 DEC 2026 TO 31 JAN 2027,"Harga, pajak, dan availability final setelah admin cek manual ke hotel/OTA."
MAKKAH,STANDARD,Zuwar Al Bait (Tower C) Hotel,,Alharmain PDF 15 Jun - 30 Jul 2026,Double Room,FB meal plan,2026-06-15,2026-07-30,15 Jun - 30 Jul 2026,per kamar per malam,SAR,370,2,2,1,WiFi/detail fasilitas dicek manual via WhatsApp,Ketersediaan akhir dan payment dilanjutkan manual via WhatsApp,1602,2026-07-06,INACTIVE,Source: (Makka Hotel 2026) New Season Far East 15 June 202_260630_174549.pdf | Page: makka_page-18.png | Meal: FB | Source period text: 15 JUNE 2026 TO 30 JULY 2026,"Harga, pajak, dan availability final setelah admin cek manual ke hotel/OTA."
MAKKAH,STANDARD,Zuwar Al Bait (Tower C) Hotel,,Alharmain PDF 15 Jun - 30 Jul 2026,Triple Room,FB meal plan,2026-06-15,2026-07-30,15 Jun - 30 Jul 2026,per kamar per malam,SAR,415,2,2,1,WiFi/detail fasilitas dicek manual via WhatsApp,Ketersediaan akhir dan payment dilanjutkan manual via WhatsApp,1603,2026-07-06,INACTIVE,Source: (Makka Hotel 2026) New Season Far East 15 June 202_260630_174549.pdf | Page: makka_page-18.png | Meal: FB | Source period text: 15 JUNE 2026 TO 30 JULY 2026,"Harga, pajak, dan availability final setelah admin cek manual ke hotel/OTA."
MAKKAH,STANDARD,Zuwar Al Bait (Tower C) Hotel,,Alharmain PDF 15 Jun - 30 Jul 2026,Quad Room,FB meal plan,2026-06-15,2026-07-30,15 Jun - 30 Jul 2026,per kamar per malam,SAR,460,2,2,1,WiFi/detail fasilitas dicek manual via WhatsApp,Ketersediaan akhir dan payment dilanjutkan manual via WhatsApp,1604,2026-07-06,INACTIVE,Source: (Makka Hotel 2026) New Season Far East 15 June 202_260630_174549.pdf | Page: makka_page-18.png | Meal: FB | Source period text: 15 JUNE 2026 TO 30 JULY 2026,"Harga, pajak, dan availability final setelah admin cek manual ke hotel/OTA."
MAKKAH,STANDARD,Zuwar Al Bait (Tower C) Hotel,,Alharmain PDF Aug-Sep 2026,Double Room,FB meal plan,2026-08-01,2026-09-30,Aug-Sep 2026,per kamar per malam,SAR,450,2,2,1,WiFi/detail fasilitas dicek manual via WhatsApp,Ketersediaan akhir dan payment dilanjutkan manual via WhatsApp,1605,2026-07-06,INACTIVE,Source: (Makka Hotel 2026) New Season Far East 15 June 202_260630_174549.pdf | Page: makka_page-18.png | Meal: FB | Source period text: 1 AUGUST 2026 TO 30 SEP 2026,"Harga, pajak, dan availability final setelah admin cek manual ke hotel/OTA."
MAKKAH,STANDARD,Zuwar Al Bait (Tower C) Hotel,,Alharmain PDF Aug-Sep 2026,Triple Room,FB meal plan,2026-08-01,2026-09-30,Aug-Sep 2026,per kamar per malam,SAR,495,2,2,1,WiFi/detail fasilitas dicek manual via WhatsApp,Ketersediaan akhir dan payment dilanjutkan manual via WhatsApp,1606,2026-07-06,INACTIVE,Source: (Makka Hotel 2026) New Season Far East 15 June 202_260630_174549.pdf | Page: makka_page-18.png | Meal: FB | Source period text: 1 AUGUST 2026 TO 30 SEP 2026,"Harga, pajak, dan availability final setelah admin cek manual ke hotel/OTA."
MAKKAH,STANDARD,Zuwar Al Bait (Tower C) Hotel,,Alharmain PDF Aug-Sep 2026,Quad Room,FB meal plan,2026-08-01,2026-09-30,Aug-Sep 2026,per kamar per malam,SAR,540,2,2,1,WiFi/detail fasilitas dicek manual via WhatsApp,Ketersediaan akhir dan payment dilanjutkan manual via WhatsApp,1607,2026-07-06,INACTIVE,Source: (Makka Hotel 2026) New Season Far East 15 June 202_260630_174549.pdf | Page: makka_page-18.png | Meal: FB | Source period text: 1 AUGUST 2026 TO 30 SEP 2026,"Harga, pajak, dan availability final setelah admin cek manual ke hotel/OTA."
MAKKAH,STANDARD,Zuwar Al Bait (Tower C) Hotel,,Alharmain PDF Oct-Nov 2026,Double Room,FB meal plan,2026-10-01,2026-11-30,Oct-Nov 2026,per kamar per malam,SAR,460,2,2,1,WiFi/detail fasilitas dicek manual via WhatsApp,Ketersediaan akhir dan payment dilanjutkan manual via WhatsApp,1608,2026-07-06,INACTIVE,Source: (Makka Hotel 2026) New Season Far East 15 June 202_260630_174549.pdf | Page: makka_page-18.png | Meal: FB | Source period text: 1 OCT 2026 TO 31 NOV 2026,"Harga, pajak, dan availability final setelah admin cek manual ke hotel/OTA."
MAKKAH,STANDARD,Zuwar Al Bait (Tower C) Hotel,,Alharmain PDF Oct-Nov 2026,Triple Room,FB meal plan,2026-10-01,2026-11-30,Oct-Nov 2026,per kamar per malam,SAR,505,2,2,1,WiFi/detail fasilitas dicek manual via WhatsApp,Ketersediaan akhir dan payment dilanjutkan manual via WhatsApp,1609,2026-07-06,INACTIVE,Source: (Makka Hotel 2026) New Season Far East 15 June 202_260630_174549.pdf | Page: makka_page-18.png | Meal: FB | Source period text: 1 OCT 2026 TO 31 NOV 2026,"Harga, pajak, dan availability final setelah admin cek manual ke hotel/OTA."
MAKKAH,STANDARD,Zuwar Al Bait (Tower C) Hotel,,Alharmain PDF Oct-Nov 2026,Quad Room,FB meal plan,2026-10-01,2026-11-30,Oct-Nov 2026,per kamar per malam,SAR,550,2,2,1,WiFi/detail fasilitas dicek manual via WhatsApp,Ketersediaan akhir dan payment dilanjutkan manual via WhatsApp,1610,2026-07-06,INACTIVE,Source: (Makka Hotel 2026) New Season Far East 15 June 202_260630_174549.pdf | Page: makka_page-18.png | Meal: FB | Source period text: 1 OCT 2026 TO 31 NOV 2026,"Harga, pajak, dan availability final setelah admin cek manual ke hotel/OTA."
MAKKAH,STANDARD,Zuwar Al Bait (Tower C) Hotel,,Alharmain PDF 1 Dec 2026 - 31 Jan 2027,Double Room,FB meal plan,2026-12-01,2027-01-31,1 Dec 2026 - 31 Jan 2027,per kamar per malam,SAR,500,2,2,1,WiFi/detail fasilitas dicek manual via WhatsApp,Ketersediaan akhir dan payment dilanjutkan manual via WhatsApp,1611,2026-07-06,INACTIVE,Source: (Makka Hotel 2026) New Season Far East 15 June 202_260630_174549.pdf | Page: makka_page-18.png | Meal: FB | Source period text: 1 DEC 2026 TO 31 JAN 2027,"Harga, pajak, dan availability final setelah admin cek manual ke hotel/OTA."
MAKKAH,STANDARD,Zuwar Al Bait (Tower C) Hotel,,Alharmain PDF 1 Dec 2026 - 31 Jan 2027,Triple Room,FB meal plan,2026-12-01,2027-01-31,1 Dec 2026 - 31 Jan 2027,per kamar per malam,SAR,545,2,2,1,WiFi/detail fasilitas dicek manual via WhatsApp,Ketersediaan akhir dan payment dilanjutkan manual via WhatsApp,1612,2026-07-06,INACTIVE,Source: (Makka Hotel 2026) New Season Far East 15 June 202_260630_174549.pdf | Page: makka_page-18.png | Meal: FB | Source period text: 1 DEC 2026 TO 31 JAN 2027,"Harga, pajak, dan availability final setelah admin cek manual ke hotel/OTA."
MAKKAH,STANDARD,Zuwar Al Bait (Tower C) Hotel,,Alharmain PDF 1 Dec 2026 - 31 Jan 2027,Quad Room,FB meal plan,2026-12-01,2027-01-31,1 Dec 2026 - 31 Jan 2027,per kamar per malam,SAR,590,2,2,1,WiFi/detail fasilitas dicek manual via WhatsApp,Ketersediaan akhir dan payment dilanjutkan manual via WhatsApp,1613,2026-07-06,INACTIVE,Source: (Makka Hotel 2026) New Season Far East 15 June 202_260630_174549.pdf | Page: makka_page-18.png | Meal: FB | Source period text: 1 DEC 2026 TO 31 JAN 2027,"Harga, pajak, dan availability final setelah admin cek manual ke hotel/OTA."
MAKKAH,STANDARD,Zuwar Al Bait (Tower D) Hotel,,Alharmain PDF 15 Jun - 30 Jul 2026,Double Room,FB meal plan,2026-06-15,2026-07-30,15 Jun - 30 Jul 2026,per kamar per malam,SAR,320,2,2,1,WiFi/detail fasilitas dicek manual via WhatsApp,Ketersediaan akhir dan payment dilanjutkan manual via WhatsApp,1614,2026-07-06,INACTIVE,Source: (Makka Hotel 2026) New Season Far East 15 June 202_260630_174549.pdf | Page: makka_page-19.png | Meal: FB | Source period text: 15 JUNE 2026 TO 30 JULY 2026,"Harga, pajak, dan availability final setelah admin cek manual ke hotel/OTA."
MAKKAH,STANDARD,Zuwar Al Bait (Tower D) Hotel,,Alharmain PDF 15 Jun - 30 Jul 2026,Triple Room,FB meal plan,2026-06-15,2026-07-30,15 Jun - 30 Jul 2026,per kamar per malam,SAR,365,2,2,1,WiFi/detail fasilitas dicek manual via WhatsApp,Ketersediaan akhir dan payment dilanjutkan manual via WhatsApp,1615,2026-07-06,INACTIVE,Source: (Makka Hotel 2026) New Season Far East 15 June 202_260630_174549.pdf | Page: makka_page-19.png | Meal: FB | Source period text: 15 JUNE 2026 TO 30 JULY 2026,"Harga, pajak, dan availability final setelah admin cek manual ke hotel/OTA."
MAKKAH,STANDARD,Zuwar Al Bait (Tower D) Hotel,,Alharmain PDF 15 Jun - 30 Jul 2026,Quad Room,FB meal plan,2026-06-15,2026-07-30,15 Jun - 30 Jul 2026,per kamar per malam,SAR,410,2,2,1,WiFi/detail fasilitas dicek manual via WhatsApp,Ketersediaan akhir dan payment dilanjutkan manual via WhatsApp,1616,2026-07-06,INACTIVE,Source: (Makka Hotel 2026) New Season Far East 15 June 202_260630_174549.pdf | Page: makka_page-19.png | Meal: FB | Source period text: 15 JUNE 2026 TO 30 JULY 2026,"Harga, pajak, dan availability final setelah admin cek manual ke hotel/OTA."
MAKKAH,STANDARD,Zuwar Al Bait (Tower D) Hotel,,Alharmain PDF Aug-Sep 2026,Double Room,FB meal plan,2026-08-01,2026-09-30,Aug-Sep 2026,per kamar per malam,SAR,340,2,2,1,WiFi/detail fasilitas dicek manual via WhatsApp,Ketersediaan akhir dan payment dilanjutkan manual via WhatsApp,1617,2026-07-06,INACTIVE,Source: (Makka Hotel 2026) New Season Far East 15 June 202_260630_174549.pdf | Page: makka_page-19.png | Meal: FB | Source period text: 1 AUGUST 2026 TO 30 SEP 2026,"Harga, pajak, dan availability final setelah admin cek manual ke hotel/OTA."
MAKKAH,STANDARD,Zuwar Al Bait (Tower D) Hotel,,Alharmain PDF Aug-Sep 2026,Triple Room,FB meal plan,2026-08-01,2026-09-30,Aug-Sep 2026,per kamar per malam,SAR,385,2,2,1,WiFi/detail fasilitas dicek manual via WhatsApp,Ketersediaan akhir dan payment dilanjutkan manual via WhatsApp,1618,2026-07-06,INACTIVE,Source: (Makka Hotel 2026) New Season Far East 15 June 202_260630_174549.pdf | Page: makka_page-19.png | Meal: FB | Source period text: 1 AUGUST 2026 TO 30 SEP 2026,"Harga, pajak, dan availability final setelah admin cek manual ke hotel/OTA."
MAKKAH,STANDARD,Zuwar Al Bait (Tower D) Hotel,,Alharmain PDF Aug-Sep 2026,Quad Room,FB meal plan,2026-08-01,2026-09-30,Aug-Sep 2026,per kamar per malam,SAR,430,2,2,1,WiFi/detail fasilitas dicek manual via WhatsApp,Ketersediaan akhir dan payment dilanjutkan manual via WhatsApp,1619,2026-07-06,INACTIVE,Source: (Makka Hotel 2026) New Season Far East 15 June 202_260630_174549.pdf | Page: makka_page-19.png | Meal: FB | Source period text: 1 AUGUST 2026 TO 30 SEP 2026,"Harga, pajak, dan availability final setelah admin cek manual ke hotel/OTA."
MAKKAH,STANDARD,Zuwar Al Bait (Tower D) Hotel,,Alharmain PDF Oct-Nov 2026,Double Room,FB meal plan,2026-10-01,2026-11-30,Oct-Nov 2026,per kamar per malam,SAR,350,2,2,1,WiFi/detail fasilitas dicek manual via WhatsApp,Ketersediaan akhir dan payment dilanjutkan manual via WhatsApp,1620,2026-07-06,INACTIVE,Source: (Makka Hotel 2026) New Season Far East 15 June 202_260630_174549.pdf | Page: makka_page-19.png | Meal: FB | Source period text: 1 OCT 2026 TO 31 NOV 2026,"Harga, pajak, dan availability final setelah admin cek manual ke hotel/OTA."
MAKKAH,STANDARD,Zuwar Al Bait (Tower D) Hotel,,Alharmain PDF Oct-Nov 2026,Triple Room,FB meal plan,2026-10-01,2026-11-30,Oct-Nov 2026,per kamar per malam,SAR,395,2,2,1,WiFi/detail fasilitas dicek manual via WhatsApp,Ketersediaan akhir dan payment dilanjutkan manual via WhatsApp,1621,2026-07-06,INACTIVE,Source: (Makka Hotel 2026) New Season Far East 15 June 202_260630_174549.pdf | Page: makka_page-19.png | Meal: FB | Source period text: 1 OCT 2026 TO 31 NOV 2026,"Harga, pajak, dan availability final setelah admin cek manual ke hotel/OTA."
MAKKAH,STANDARD,Zuwar Al Bait (Tower D) Hotel,,Alharmain PDF Oct-Nov 2026,Quad Room,FB meal plan,2026-10-01,2026-11-30,Oct-Nov 2026,per kamar per malam,SAR,440,2,2,1,WiFi/detail fasilitas dicek manual via WhatsApp,Ketersediaan akhir dan payment dilanjutkan manual via WhatsApp,1622,2026-07-06,INACTIVE,Source: (Makka Hotel 2026) New Season Far East 15 June 202_260630_174549.pdf | Page: makka_page-19.png | Meal: FB | Source period text: 1 OCT 2026 TO 31 NOV 2026,"Harga, pajak, dan availability final setelah admin cek manual ke hotel/OTA."
MAKKAH,STANDARD,Zuwar Al Bait (Tower D) Hotel,,Alharmain PDF 1 Dec 2026 - 31 Jan 2027,Double Room,FB meal plan,2026-12-01,2027-01-31,1 Dec 2026 - 31 Jan 2027,per kamar per malam,SAR,370,2,2,1,WiFi/detail fasilitas dicek manual via WhatsApp,Ketersediaan akhir dan payment dilanjutkan manual via WhatsApp,1623,2026-07-06,INACTIVE,Source: (Makka Hotel 2026) New Season Far East 15 June 202_260630_174549.pdf | Page: makka_page-19.png | Meal: FB | Source period text: 1 DEC 2026 TO 31 JAN 2027,"Harga, pajak, dan availability final setelah admin cek manual ke hotel/OTA."
MAKKAH,STANDARD,Zuwar Al Bait (Tower D) Hotel,,Alharmain PDF 1 Dec 2026 - 31 Jan 2027,Triple Room,FB meal plan,2026-12-01,2027-01-31,1 Dec 2026 - 31 Jan 2027,per kamar per malam,SAR,415,2,2,1,WiFi/detail fasilitas dicek manual via WhatsApp,Ketersediaan akhir dan payment dilanjutkan manual via WhatsApp,1624,2026-07-06,INACTIVE,Source: (Makka Hotel 2026) New Season Far East 15 June 202_260630_174549.pdf | Page: makka_page-19.png | Meal: FB | Source period text: 1 DEC 2026 TO 31 JAN 2027,"Harga, pajak, dan availability final setelah admin cek manual ke hotel/OTA."
MAKKAH,STANDARD,Zuwar Al Bait (Tower D) Hotel,,Alharmain PDF 1 Dec 2026 - 31 Jan 2027,Quad Room,FB meal plan,2026-12-01,2027-01-31,1 Dec 2026 - 31 Jan 2027,per kamar per malam,SAR,460,2,2,1,WiFi/detail fasilitas dicek manual via WhatsApp,Ketersediaan akhir dan payment dilanjutkan manual via WhatsApp,1625,2026-07-06,INACTIVE,Source: (Makka Hotel 2026) New Season Far East 15 June 202_260630_174549.pdf | Page: makka_page-19.png | Meal: FB | Source period text: 1 DEC 2026 TO 31 JAN 2027,"Harga, pajak, dan availability final setelah admin cek manual ke hotel/OTA."
MAKKAH,STANDARD,Nada Deafah Hotel,,Alharmain PDF Jun-Jul 2026,Double Room,FB meal plan,2026-06-01,2026-07-31,Jun-Jul 2026,per kamar per malam,SAR,520,2,2,1,WiFi/detail fasilitas dicek manual via WhatsApp,Ketersediaan akhir dan payment dilanjutkan manual via WhatsApp,1626,2026-07-06,INACTIVE,Source: (Makka Hotel 2026) New Season Far East 15 June 202_260630_174549.pdf | Page: makka_page-19.png | Meal: FB | Source period text: JUNE 2026 TO JULY 2026,"Harga, pajak, dan availability final setelah admin cek manual ke hotel/OTA."
MAKKAH,STANDARD,Nada Deafah Hotel,,Alharmain PDF Jun-Jul 2026,Triple Room,FB meal plan,2026-06-01,2026-07-31,Jun-Jul 2026,per kamar per malam,SAR,565,2,2,1,WiFi/detail fasilitas dicek manual via WhatsApp,Ketersediaan akhir dan payment dilanjutkan manual via WhatsApp,1627,2026-07-06,INACTIVE,Source: (Makka Hotel 2026) New Season Far East 15 June 202_260630_174549.pdf | Page: makka_page-19.png | Meal: FB | Source period text: JUNE 2026 TO JULY 2026,"Harga, pajak, dan availability final setelah admin cek manual ke hotel/OTA."
MAKKAH,STANDARD,Nada Deafah Hotel,,Alharmain PDF Jun-Jul 2026,Quad Room,FB meal plan,2026-06-01,2026-07-31,Jun-Jul 2026,per kamar per malam,SAR,610,2,2,1,WiFi/detail fasilitas dicek manual via WhatsApp,Ketersediaan akhir dan payment dilanjutkan manual via WhatsApp,1628,2026-07-06,INACTIVE,Source: (Makka Hotel 2026) New Season Far East 15 June 202_260630_174549.pdf | Page: makka_page-19.png | Meal: FB | Source period text: JUNE 2026 TO JULY 2026,"Harga, pajak, dan availability final setelah admin cek manual ke hotel/OTA."
MAKKAH,STANDARD,Ramada Al Fayzeen Hotel,,Alharmain PDF 25 Jun - 9 Jul 2026,Double Room,FB meal plan,2026-06-25,2026-07-09,25 Jun - 9 Jul 2026,per kamar per malam,SAR,390,2,2,1,WiFi/detail fasilitas dicek manual via WhatsApp,Ketersediaan akhir dan payment dilanjutkan manual via WhatsApp,1629,2026-07-06,INACTIVE,Source: (Makka Hotel 2026) New Season Far East 15 June 202_260630_174549.pdf | Page: makka_page-19.png | Meal: FB | Source period text: 25 JUNE 2026 TO 9 JULY 2026,"Harga, pajak, dan availability final setelah admin cek manual ke hotel/OTA."
MAKKAH,STANDARD,Ramada Al Fayzeen Hotel,,Alharmain PDF 25 Jun - 9 Jul 2026,Triple Room,FB meal plan,2026-06-25,2026-07-09,25 Jun - 9 Jul 2026,per kamar per malam,SAR,440,2,2,1,WiFi/detail fasilitas dicek manual via WhatsApp,Ketersediaan akhir dan payment dilanjutkan manual via WhatsApp,1630,2026-07-06,INACTIVE,Source: (Makka Hotel 2026) New Season Far East 15 June 202_260630_174549.pdf | Page: makka_page-19.png | Meal: FB | Source period text: 25 JUNE 2026 TO 9 JULY 2026,"Harga, pajak, dan availability final setelah admin cek manual ke hotel/OTA."
MAKKAH,STANDARD,Ramada Al Fayzeen Hotel,,Alharmain PDF 25 Jun - 9 Jul 2026,Quad Room,FB meal plan,2026-06-25,2026-07-09,25 Jun - 9 Jul 2026,per kamar per malam,SAR,490,2,2,1,WiFi/detail fasilitas dicek manual via WhatsApp,Ketersediaan akhir dan payment dilanjutkan manual via WhatsApp,1631,2026-07-06,INACTIVE,Source: (Makka Hotel 2026) New Season Far East 15 June 202_260630_174549.pdf | Page: makka_page-19.png | Meal: FB | Source period text: 25 JUNE 2026 TO 9 JULY 2026,"Harga, pajak, dan availability final setelah admin cek manual ke hotel/OTA."
MAKKAH,STANDARD,Ramada Al Fayzeen Hotel,,Alharmain PDF 9 Jul - 16 Jul 2026,Double Room,FB meal plan,2026-07-09,2026-07-16,9 Jul - 16 Jul 2026,per kamar per malam,SAR,400,2,2,1,WiFi/detail fasilitas dicek manual via WhatsApp,Ketersediaan akhir dan payment dilanjutkan manual via WhatsApp,1632,2026-07-06,INACTIVE,Source: (Makka Hotel 2026) New Season Far East 15 June 202_260630_174549.pdf | Page: makka_page-19.png | Meal: FB | Source period text: 9 JULY 2026 TO 16 JULY 2026,"Harga, pajak, dan availability final setelah admin cek manual ke hotel/OTA."
MAKKAH,STANDARD,Ramada Al Fayzeen Hotel,,Alharmain PDF 9 Jul - 16 Jul 2026,Triple Room,FB meal plan,2026-07-09,2026-07-16,9 Jul - 16 Jul 2026,per kamar per malam,SAR,450,2,2,1,WiFi/detail fasilitas dicek manual via WhatsApp,Ketersediaan akhir dan payment dilanjutkan manual via WhatsApp,1633,2026-07-06,INACTIVE,Source: (Makka Hotel 2026) New Season Far East 15 June 202_260630_174549.pdf | Page: makka_page-19.png | Meal: FB | Source period text: 9 JULY 2026 TO 16 JULY 2026,"Harga, pajak, dan availability final setelah admin cek manual ke hotel/OTA."
MAKKAH,STANDARD,Ramada Al Fayzeen Hotel,,Alharmain PDF 9 Jul - 16 Jul 2026,Quad Room,FB meal plan,2026-07-09,2026-07-16,9 Jul - 16 Jul 2026,per kamar per malam,SAR,500,2,2,1,WiFi/detail fasilitas dicek manual via WhatsApp,Ketersediaan akhir dan payment dilanjutkan manual via WhatsApp,1634,2026-07-06,INACTIVE,Source: (Makka Hotel 2026) New Season Far East 15 June 202_260630_174549.pdf | Page: makka_page-19.png | Meal: FB | Source period text: 9 JULY 2026 TO 16 JULY 2026,"Harga, pajak, dan availability final setelah admin cek manual ke hotel/OTA."
MAKKAH,STANDARD,Ramada Al Fayzeen Hotel,,Alharmain PDF 16 Jul - 30 Jul 2026,Double Room,FB meal plan,2026-07-16,2026-07-30,16 Jul - 30 Jul 2026,per kamar per malam,SAR,435,2,2,1,WiFi/detail fasilitas dicek manual via WhatsApp,Ketersediaan akhir dan payment dilanjutkan manual via WhatsApp,1635,2026-07-06,INACTIVE,Source: (Makka Hotel 2026) New Season Far East 15 June 202_260630_174549.pdf | Page: makka_page-19.png | Meal: FB | Source period text: 16 JULY 2026 TO 30 JULY 2026,"Harga, pajak, dan availability final setelah admin cek manual ke hotel/OTA."
MAKKAH,STANDARD,Ramada Al Fayzeen Hotel,,Alharmain PDF 16 Jul - 30 Jul 2026,Triple Room,FB meal plan,2026-07-16,2026-07-30,16 Jul - 30 Jul 2026,per kamar per malam,SAR,485,2,2,1,WiFi/detail fasilitas dicek manual via WhatsApp,Ketersediaan akhir dan payment dilanjutkan manual via WhatsApp,1636,2026-07-06,INACTIVE,Source: (Makka Hotel 2026) New Season Far East 15 June 202_260630_174549.pdf | Page: makka_page-19.png | Meal: FB | Source period text: 16 JULY 2026 TO 30 JULY 2026,"Harga, pajak, dan availability final setelah admin cek manual ke hotel/OTA."
MAKKAH,STANDARD,Ramada Al Fayzeen Hotel,,Alharmain PDF 16 Jul - 30 Jul 2026,Quad Room,FB meal plan,2026-07-16,2026-07-30,16 Jul - 30 Jul 2026,per kamar per malam,SAR,535,2,2,1,WiFi/detail fasilitas dicek manual via WhatsApp,Ketersediaan akhir dan payment dilanjutkan manual via WhatsApp,1637,2026-07-06,INACTIVE,Source: (Makka Hotel 2026) New Season Far East 15 June 202_260630_174549.pdf | Page: makka_page-19.png | Meal: FB | Source period text: 16 JULY 2026 TO 30 JULY 2026,"Harga, pajak, dan availability final setelah admin cek manual ke hotel/OTA."
MAKKAH,STANDARD,Ramada Al Fayzeen Hotel,,Alharmain PDF 30 Jul - 5 Sep 2026,Double Room,FB meal plan,2026-07-30,2026-09-05,30 Jul - 5 Sep 2026,per kamar per malam,SAR,470,2,2,1,WiFi/detail fasilitas dicek manual via WhatsApp,Ketersediaan akhir dan payment dilanjutkan manual via WhatsApp,1638,2026-07-06,INACTIVE,Source: (Makka Hotel 2026) New Season Far East 15 June 202_260630_174549.pdf | Page: makka_page-19.png | Meal: FB | Source period text: 30 JULY 2026 TO 5 SEP 2026,"Harga, pajak, dan availability final setelah admin cek manual ke hotel/OTA."
MAKKAH,STANDARD,Ramada Al Fayzeen Hotel,,Alharmain PDF 30 Jul - 5 Sep 2026,Triple Room,FB meal plan,2026-07-30,2026-09-05,30 Jul - 5 Sep 2026,per kamar per malam,SAR,520,2,2,1,WiFi/detail fasilitas dicek manual via WhatsApp,Ketersediaan akhir dan payment dilanjutkan manual via WhatsApp,1639,2026-07-06,INACTIVE,Source: (Makka Hotel 2026) New Season Far East 15 June 202_260630_174549.pdf | Page: makka_page-19.png | Meal: FB | Source period text: 30 JULY 2026 TO 5 SEP 2026,"Harga, pajak, dan availability final setelah admin cek manual ke hotel/OTA."
MAKKAH,STANDARD,Ramada Al Fayzeen Hotel,,Alharmain PDF 30 Jul - 5 Sep 2026,Quad Room,FB meal plan,2026-07-30,2026-09-05,30 Jul - 5 Sep 2026,per kamar per malam,SAR,570,2,2,1,WiFi/detail fasilitas dicek manual via WhatsApp,Ketersediaan akhir dan payment dilanjutkan manual via WhatsApp,1640,2026-07-06,INACTIVE,Source: (Makka Hotel 2026) New Season Far East 15 June 202_260630_174549.pdf | Page: makka_page-19.png | Meal: FB | Source period text: 30 JULY 2026 TO 5 SEP 2026,"Harga, pajak, dan availability final setelah admin cek manual ke hotel/OTA."
MAKKAH,STANDARD,Ramada Al Fayzeen Hotel,,Alharmain PDF 5 Sep - 12 Sep 2026,Double Room,FB meal plan,2026-09-05,2026-09-12,5 Sep - 12 Sep 2026,per kamar per malam,SAR,425,2,2,1,WiFi/detail fasilitas dicek manual via WhatsApp,Ketersediaan akhir dan payment dilanjutkan manual via WhatsApp,1641,2026-07-06,INACTIVE,Source: (Makka Hotel 2026) New Season Far East 15 June 202_260630_174549.pdf | Page: makka_page-19.png | Meal: FB | Source period text: 5 SEP 2026 TO 12 SEP 2026,"Harga, pajak, dan availability final setelah admin cek manual ke hotel/OTA."
MAKKAH,STANDARD,Ramada Al Fayzeen Hotel,,Alharmain PDF 5 Sep - 12 Sep 2026,Triple Room,FB meal plan,2026-09-05,2026-09-12,5 Sep - 12 Sep 2026,per kamar per malam,SAR,475,2,2,1,WiFi/detail fasilitas dicek manual via WhatsApp,Ketersediaan akhir dan payment dilanjutkan manual via WhatsApp,1642,2026-07-06,INACTIVE,Source: (Makka Hotel 2026) New Season Far East 15 June 202_260630_174549.pdf | Page: makka_page-19.png | Meal: FB | Source period text: 5 SEP 2026 TO 12 SEP 2026,"Harga, pajak, dan availability final setelah admin cek manual ke hotel/OTA."
MAKKAH,STANDARD,Ramada Al Fayzeen Hotel,,Alharmain PDF 5 Sep - 12 Sep 2026,Quad Room,FB meal plan,2026-09-05,2026-09-12,5 Sep - 12 Sep 2026,per kamar per malam,SAR,525,2,2,1,WiFi/detail fasilitas dicek manual via WhatsApp,Ketersediaan akhir dan payment dilanjutkan manual via WhatsApp,1643,2026-07-06,INACTIVE,Source: (Makka Hotel 2026) New Season Far East 15 June 202_260630_174549.pdf | Page: makka_page-19.png | Meal: FB | Source period text: 5 SEP 2026 TO 12 SEP 2026,"Harga, pajak, dan availability final setelah admin cek manual ke hotel/OTA."
MAKKAH,STANDARD,Badr Al Massa Hotel,,Alharmain PDF 16 Jun - 16 Jul 2026,Double Room,FB meal plan,2026-06-16,2026-07-16,16 Jun - 16 Jul 2026,per kamar per malam,SAR,300,2,2,1,WiFi/detail fasilitas dicek manual via WhatsApp,Ketersediaan akhir dan payment dilanjutkan manual via WhatsApp,1644,2026-07-06,INACTIVE,Source: (Makka Hotel 2026) New Season Far East 15 June 202_260630_174549.pdf | Page: makka_page-19.png | Meal: FB | Source period text: 16 JUNE 2026 TO 16 JULY 2026,"Harga, pajak, dan availability final setelah admin cek manual ke hotel/OTA."
MAKKAH,STANDARD,Badr Al Massa Hotel,,Alharmain PDF 16 Jun - 16 Jul 2026,Triple Room,FB meal plan,2026-06-16,2026-07-16,16 Jun - 16 Jul 2026,per kamar per malam,SAR,340,2,2,1,WiFi/detail fasilitas dicek manual via WhatsApp,Ketersediaan akhir dan payment dilanjutkan manual via WhatsApp,1645,2026-07-06,INACTIVE,Source: (Makka Hotel 2026) New Season Far East 15 June 202_260630_174549.pdf | Page: makka_page-19.png | Meal: FB | Source period text: 16 JUNE 2026 TO 16 JULY 2026,"Harga, pajak, dan availability final setelah admin cek manual ke hotel/OTA."
MAKKAH,STANDARD,Badr Al Massa Hotel,,Alharmain PDF 16 Jun - 16 Jul 2026,Quad Room,FB meal plan,2026-06-16,2026-07-16,16 Jun - 16 Jul 2026,per kamar per malam,SAR,380,2,2,1,WiFi/detail fasilitas dicek manual via WhatsApp,Ketersediaan akhir dan payment dilanjutkan manual via WhatsApp,1646,2026-07-06,INACTIVE,Source: (Makka Hotel 2026) New Season Far East 15 June 202_260630_174549.pdf | Page: makka_page-19.png | Meal: FB | Source period text: 16 JUNE 2026 TO 16 JULY 2026,"Harga, pajak, dan availability final setelah admin cek manual ke hotel/OTA."
MAKKAH,STANDARD,Badr Al Massa Hotel,,Alharmain PDF 16 Jul - 30 Jul 2026,Double Room,FB meal plan,2026-07-16,2026-07-30,16 Jul - 30 Jul 2026,per kamar per malam,SAR,305,2,2,1,WiFi/detail fasilitas dicek manual via WhatsApp,Ketersediaan akhir dan payment dilanjutkan manual via WhatsApp,1647,2026-07-06,INACTIVE,Source: (Makka Hotel 2026) New Season Far East 15 June 202_260630_174549.pdf | Page: makka_page-19.png | Meal: FB | Source period text: 16 JULY 2026 TO 30 JULY 2026,"Harga, pajak, dan availability final setelah admin cek manual ke hotel/OTA."
MAKKAH,STANDARD,Badr Al Massa Hotel,,Alharmain PDF 16 Jul - 30 Jul 2026,Triple Room,FB meal plan,2026-07-16,2026-07-30,16 Jul - 30 Jul 2026,per kamar per malam,SAR,345,2,2,1,WiFi/detail fasilitas dicek manual via WhatsApp,Ketersediaan akhir dan payment dilanjutkan manual via WhatsApp,1648,2026-07-06,INACTIVE,Source: (Makka Hotel 2026) New Season Far East 15 June 202_260630_174549.pdf | Page: makka_page-19.png | Meal: FB | Source period text: 16 JULY 2026 TO 30 JULY 2026,"Harga, pajak, dan availability final setelah admin cek manual ke hotel/OTA."
MAKKAH,STANDARD,Badr Al Massa Hotel,,Alharmain PDF 16 Jul - 30 Jul 2026,Quad Room,FB meal plan,2026-07-16,2026-07-30,16 Jul - 30 Jul 2026,per kamar per malam,SAR,385,2,2,1,WiFi/detail fasilitas dicek manual via WhatsApp,Ketersediaan akhir dan payment dilanjutkan manual via WhatsApp,1649,2026-07-06,INACTIVE,Source: (Makka Hotel 2026) New Season Far East 15 June 202_260630_174549.pdf | Page: makka_page-19.png | Meal: FB | Source period text: 16 JULY 2026 TO 30 JULY 2026,"Harga, pajak, dan availability final setelah admin cek manual ke hotel/OTA."
MAKKAH,STANDARD,Badr Al Massa Hotel,,Alharmain PDF 30 Jul - 5 Sep 2026,Double Room,FB meal plan,2026-07-30,2026-09-05,30 Jul - 5 Sep 2026,per kamar per malam,SAR,310,2,2,1,WiFi/detail fasilitas dicek manual via WhatsApp,Ketersediaan akhir dan payment dilanjutkan manual via WhatsApp,1650,2026-07-06,INACTIVE,Source: (Makka Hotel 2026) New Season Far East 15 June 202_260630_174549.pdf | Page: makka_page-19.png | Meal: FB | Source period text: 30 JULY 2026 TO 5 SEP 2026,"Harga, pajak, dan availability final setelah admin cek manual ke hotel/OTA."
MAKKAH,STANDARD,Badr Al Massa Hotel,,Alharmain PDF 30 Jul - 5 Sep 2026,Triple Room,FB meal plan,2026-07-30,2026-09-05,30 Jul - 5 Sep 2026,per kamar per malam,SAR,350,2,2,1,WiFi/detail fasilitas dicek manual via WhatsApp,Ketersediaan akhir dan payment dilanjutkan manual via WhatsApp,1651,2026-07-06,INACTIVE,Source: (Makka Hotel 2026) New Season Far East 15 June 202_260630_174549.pdf | Page: makka_page-19.png | Meal: FB | Source period text: 30 JULY 2026 TO 5 SEP 2026,"Harga, pajak, dan availability final setelah admin cek manual ke hotel/OTA."
MAKKAH,STANDARD,Badr Al Massa Hotel,,Alharmain PDF 30 Jul - 5 Sep 2026,Quad Room,FB meal plan,2026-07-30,2026-09-05,30 Jul - 5 Sep 2026,per kamar per malam,SAR,390,2,2,1,WiFi/detail fasilitas dicek manual via WhatsApp,Ketersediaan akhir dan payment dilanjutkan manual via WhatsApp,1652,2026-07-06,INACTIVE,Source: (Makka Hotel 2026) New Season Far East 15 June 202_260630_174549.pdf | Page: makka_page-19.png | Meal: FB | Source period text: 30 JULY 2026 TO 5 SEP 2026,"Harga, pajak, dan availability final setelah admin cek manual ke hotel/OTA."
MAKKAH,STANDARD,Badr Al Massa Hotel,,Alharmain PDF 5 Sep - 12 Sep 2026,Double Room,FB meal plan,2026-09-05,2026-09-12,5 Sep - 12 Sep 2026,per kamar per malam,SAR,305,2,2,1,WiFi/detail fasilitas dicek manual via WhatsApp,Ketersediaan akhir dan payment dilanjutkan manual via WhatsApp,1653,2026-07-06,INACTIVE,Source: (Makka Hotel 2026) New Season Far East 15 June 202_260630_174549.pdf | Page: makka_page-19.png | Meal: FB | Source period text: 5 SEP 2026 TO 12 SEP 2026,"Harga, pajak, dan availability final setelah admin cek manual ke hotel/OTA."
MAKKAH,STANDARD,Badr Al Massa Hotel,,Alharmain PDF 5 Sep - 12 Sep 2026,Triple Room,FB meal plan,2026-09-05,2026-09-12,5 Sep - 12 Sep 2026,per kamar per malam,SAR,345,2,2,1,WiFi/detail fasilitas dicek manual via WhatsApp,Ketersediaan akhir dan payment dilanjutkan manual via WhatsApp,1654,2026-07-06,INACTIVE,Source: (Makka Hotel 2026) New Season Far East 15 June 202_260630_174549.pdf | Page: makka_page-19.png | Meal: FB | Source period text: 5 SEP 2026 TO 12 SEP 2026,"Harga, pajak, dan availability final setelah admin cek manual ke hotel/OTA."
MAKKAH,STANDARD,Badr Al Massa Hotel,,Alharmain PDF 5 Sep - 12 Sep 2026,Quad Room,FB meal plan,2026-09-05,2026-09-12,5 Sep - 12 Sep 2026,per kamar per malam,SAR,385,2,2,1,WiFi/detail fasilitas dicek manual via WhatsApp,Ketersediaan akhir dan payment dilanjutkan manual via WhatsApp,1655,2026-07-06,INACTIVE,Source: (Makka Hotel 2026) New Season Far East 15 June 202_260630_174549.pdf | Page: makka_page-19.png | Meal: FB | Source period text: 5 SEP 2026 TO 12 SEP 2026,"Harga, pajak, dan availability final setelah admin cek manual ke hotel/OTA."
MAKKAH,STANDARD,Manazil Al Ain Ex Nassaim Al Jory,,Alharmain PDF 15 Jun - 14 Sep 2026,Double Room,FB meal plan,2026-06-15,2026-09-14,15 Jun - 14 Sep 2026,per kamar per malam,SAR,190,2,2,1,WiFi/detail fasilitas dicek manual via WhatsApp,Ketersediaan akhir dan payment dilanjutkan manual via WhatsApp,1656,2026-07-06,INACTIVE,Source: (Makka Hotel 2026) New Season Far East 15 June 202_260630_174549.pdf | Page: makka_page-20.png | Meal: FB | Source period text: 15 JUNE 2026 TO 14 SEP 2026,"Harga, pajak, dan availability final setelah admin cek manual ke hotel/OTA."
MAKKAH,STANDARD,Manazil Al Ain Ex Nassaim Al Jory,,Alharmain PDF 15 Jun - 14 Sep 2026,Triple Room,FB meal plan,2026-06-15,2026-09-14,15 Jun - 14 Sep 2026,per kamar per malam,SAR,230,2,2,1,WiFi/detail fasilitas dicek manual via WhatsApp,Ketersediaan akhir dan payment dilanjutkan manual via WhatsApp,1657,2026-07-06,INACTIVE,Source: (Makka Hotel 2026) New Season Far East 15 June 202_260630_174549.pdf | Page: makka_page-20.png | Meal: FB | Source period text: 15 JUNE 2026 TO 14 SEP 2026,"Harga, pajak, dan availability final setelah admin cek manual ke hotel/OTA."
MAKKAH,STANDARD,Manazil Al Ain Ex Nassaim Al Jory,,Alharmain PDF 15 Jun - 14 Sep 2026,Quad Room,FB meal plan,2026-06-15,2026-09-14,15 Jun - 14 Sep 2026,per kamar per malam,SAR,280,2,2,1,WiFi/detail fasilitas dicek manual via WhatsApp,Ketersediaan akhir dan payment dilanjutkan manual via WhatsApp,1658,2026-07-06,INACTIVE,Source: (Makka Hotel 2026) New Season Far East 15 June 202_260630_174549.pdf | Page: makka_page-20.png | Meal: FB | Source period text: 15 JUNE 2026 TO 14 SEP 2026,"Harga, pajak, dan availability final setelah admin cek manual ke hotel/OTA."
MAKKAH,STANDARD,Manazil Al Ain Ex Nassaim Al Jory,,Alharmain PDF 14 Sep - 16 Dec 2026,Double Room,FB meal plan,2026-09-14,2026-12-16,14 Sep - 16 Dec 2026,per kamar per malam,SAR,240,2,2,1,WiFi/detail fasilitas dicek manual via WhatsApp,Ketersediaan akhir dan payment dilanjutkan manual via WhatsApp,1659,2026-07-06,INACTIVE,Source: (Makka Hotel 2026) New Season Far East 15 June 202_260630_174549.pdf | Page: makka_page-20.png | Meal: FB | Source period text: 14 SEP 2026 TO 16 DEC 2026,"Harga, pajak, dan availability final setelah admin cek manual ke hotel/OTA."
MAKKAH,STANDARD,Manazil Al Ain Ex Nassaim Al Jory,,Alharmain PDF 14 Sep - 16 Dec 2026,Triple Room,FB meal plan,2026-09-14,2026-12-16,14 Sep - 16 Dec 2026,per kamar per malam,SAR,280,2,2,1,WiFi/detail fasilitas dicek manual via WhatsApp,Ketersediaan akhir dan payment dilanjutkan manual via WhatsApp,1660,2026-07-06,INACTIVE,Source: (Makka Hotel 2026) New Season Far East 15 June 202_260630_174549.pdf | Page: makka_page-20.png | Meal: FB | Source period text: 14 SEP 2026 TO 16 DEC 2026,"Harga, pajak, dan availability final setelah admin cek manual ke hotel/OTA."
MAKKAH,STANDARD,Manazil Al Ain Ex Nassaim Al Jory,,Alharmain PDF 14 Sep - 16 Dec 2026,Quad Room,FB meal plan,2026-09-14,2026-12-16,14 Sep - 16 Dec 2026,per kamar per malam,SAR,330,2,2,1,WiFi/detail fasilitas dicek manual via WhatsApp,Ketersediaan akhir dan payment dilanjutkan manual via WhatsApp,1661,2026-07-06,INACTIVE,Source: (Makka Hotel 2026) New Season Far East 15 June 202_260630_174549.pdf | Page: makka_page-20.png | Meal: FB | Source period text: 14 SEP 2026 TO 16 DEC 2026,"Harga, pajak, dan availability final setelah admin cek manual ke hotel/OTA."
MAKKAH,STANDARD,Manazil Al Ain Ex Nassaim Al Jory,,Alharmain PDF 16 Dec 2026 - 2 Feb 2027,Double Room,FB meal plan,2026-12-16,2027-02-02,16 Dec 2026 - 2 Feb 2027,per kamar per malam,SAR,270,2,2,1,WiFi/detail fasilitas dicek manual via WhatsApp,Ketersediaan akhir dan payment dilanjutkan manual via WhatsApp,1662,2026-07-06,INACTIVE,Source: (Makka Hotel 2026) New Season Far East 15 June 202_260630_174549.pdf | Page: makka_page-20.png | Meal: FB | Source period text: 16 DEC 2026 TO 2 FEB 2027,"Harga, pajak, dan availability final setelah admin cek manual ke hotel/OTA."
MAKKAH,STANDARD,Manazil Al Ain Ex Nassaim Al Jory,,Alharmain PDF 16 Dec 2026 - 2 Feb 2027,Triple Room,FB meal plan,2026-12-16,2027-02-02,16 Dec 2026 - 2 Feb 2027,per kamar per malam,SAR,310,2,2,1,WiFi/detail fasilitas dicek manual via WhatsApp,Ketersediaan akhir dan payment dilanjutkan manual via WhatsApp,1663,2026-07-06,INACTIVE,Source: (Makka Hotel 2026) New Season Far East 15 June 202_260630_174549.pdf | Page: makka_page-20.png | Meal: FB | Source period text: 16 DEC 2026 TO 2 FEB 2027,"Harga, pajak, dan availability final setelah admin cek manual ke hotel/OTA."
MAKKAH,STANDARD,Manazil Al Ain Ex Nassaim Al Jory,,Alharmain PDF 16 Dec 2026 - 2 Feb 2027,Quad Room,FB meal plan,2026-12-16,2027-02-02,16 Dec 2026 - 2 Feb 2027,per kamar per malam,SAR,360,2,2,1,WiFi/detail fasilitas dicek manual via WhatsApp,Ketersediaan akhir dan payment dilanjutkan manual via WhatsApp,1664,2026-07-06,INACTIVE,Source: (Makka Hotel 2026) New Season Far East 15 June 202_260630_174549.pdf | Page: makka_page-20.png | Meal: FB | Source period text: 16 DEC 2026 TO 2 FEB 2027,"Harga, pajak, dan availability final setelah admin cek manual ke hotel/OTA."
MAKKAH,STANDARD,Saif Al Majd Hotel,,Alharmain PDF 30 Jun - 13 Aug 2026,Double Room,FB meal plan,2026-06-30,2026-08-13,30 Jun - 13 Aug 2026,per kamar per malam,SAR,315,2,2,1,WiFi/detail fasilitas dicek manual via WhatsApp,Ketersediaan akhir dan payment dilanjutkan manual via WhatsApp,1665,2026-07-06,INACTIVE,Source: (Makka Hotel 2026) New Season Far East 15 June 202_260630_174549.pdf | Page: makka_page-20.png | Meal: FB | Source period text: 30 JUNE 2026 TO 13 AUGUST 2026,"Harga, pajak, dan availability final setelah admin cek manual ke hotel/OTA."
MAKKAH,STANDARD,Saif Al Majd Hotel,,Alharmain PDF 30 Jun - 13 Aug 2026,Triple Room,FB meal plan,2026-06-30,2026-08-13,30 Jun - 13 Aug 2026,per kamar per malam,SAR,360,2,2,1,WiFi/detail fasilitas dicek manual via WhatsApp,Ketersediaan akhir dan payment dilanjutkan manual via WhatsApp,1666,2026-07-06,INACTIVE,Source: (Makka Hotel 2026) New Season Far East 15 June 202_260630_174549.pdf | Page: makka_page-20.png | Meal: FB | Source period text: 30 JUNE 2026 TO 13 AUGUST 2026,"Harga, pajak, dan availability final setelah admin cek manual ke hotel/OTA."
MAKKAH,STANDARD,Saif Al Majd Hotel,,Alharmain PDF 30 Jun - 13 Aug 2026,Quad Room,FB meal plan,2026-06-30,2026-08-13,30 Jun - 13 Aug 2026,per kamar per malam,SAR,405,2,2,1,WiFi/detail fasilitas dicek manual via WhatsApp,Ketersediaan akhir dan payment dilanjutkan manual via WhatsApp,1667,2026-07-06,INACTIVE,Source: (Makka Hotel 2026) New Season Far East 15 June 202_260630_174549.pdf | Page: makka_page-20.png | Meal: FB | Source period text: 30 JUNE 2026 TO 13 AUGUST 2026,"Harga, pajak, dan availability final setelah admin cek manual ke hotel/OTA."
MAKKAH,STANDARD,Miaad Al Majd Hotel,,Alharmain PDF 30 Jun - 13 Aug 2026,Double Room,FB meal plan,2026-06-30,2026-08-13,30 Jun - 13 Aug 2026,per kamar per malam,SAR,260,2,2,1,WiFi/detail fasilitas dicek manual via WhatsApp,Ketersediaan akhir dan payment dilanjutkan manual via WhatsApp,1668,2026-07-06,INACTIVE,Source: (Makka Hotel 2026) New Season Far East 15 June 202_260630_174549.pdf | Page: makka_page-20.png | Meal: FB | Source period text: 30 JUNE 2026 TO 13 AUGUST 2026,"Harga, pajak, dan availability final setelah admin cek manual ke hotel/OTA."
MAKKAH,STANDARD,Miaad Al Majd Hotel,,Alharmain PDF 30 Jun - 13 Aug 2026,Triple Room,FB meal plan,2026-06-30,2026-08-13,30 Jun - 13 Aug 2026,per kamar per malam,SAR,305,2,2,1,WiFi/detail fasilitas dicek manual via WhatsApp,Ketersediaan akhir dan payment dilanjutkan manual via WhatsApp,1669,2026-07-06,INACTIVE,Source: (Makka Hotel 2026) New Season Far East 15 June 202_260630_174549.pdf | Page: makka_page-20.png | Meal: FB | Source period text: 30 JUNE 2026 TO 13 AUGUST 2026,"Harga, pajak, dan availability final setelah admin cek manual ke hotel/OTA."
MAKKAH,STANDARD,Miaad Al Majd Hotel,,Alharmain PDF 30 Jun - 13 Aug 2026,Quad Room,FB meal plan,2026-06-30,2026-08-13,30 Jun - 13 Aug 2026,per kamar per malam,SAR,350,2,2,1,WiFi/detail fasilitas dicek manual via WhatsApp,Ketersediaan akhir dan payment dilanjutkan manual via WhatsApp,1670,2026-07-06,INACTIVE,Source: (Makka Hotel 2026) New Season Far East 15 June 202_260630_174549.pdf | Page: makka_page-20.png | Meal: FB | Source period text: 30 JUNE 2026 TO 13 AUGUST 2026,"Harga, pajak, dan availability final setelah admin cek manual ke hotel/OTA."
MAKKAH,STANDARD,Maysan Al Mahbas Hotel,,Alharmain PDF 16 Jun - 16 Jul 2026,Double Room,FB meal plan,2026-06-16,2026-07-16,16 Jun - 16 Jul 2026,per kamar per malam,SAR,215,2,2,1,WiFi/detail fasilitas dicek manual via WhatsApp,Ketersediaan akhir dan payment dilanjutkan manual via WhatsApp,1671,2026-07-06,INACTIVE,Source: (Makka Hotel 2026) New Season Far East 15 June 202_260630_174549.pdf | Page: makka_page-21.png | Meal: FB | MINIMAL 25 PAX | Source period text: 16 JUNE 2026 TO 16 JULY 2026,"Harga, pajak, dan availability final setelah admin cek manual ke hotel/OTA."
MAKKAH,STANDARD,Maysan Al Mahbas Hotel,,Alharmain PDF 16 Jun - 16 Jul 2026,Triple Room,FB meal plan,2026-06-16,2026-07-16,16 Jun - 16 Jul 2026,per kamar per malam,SAR,260,2,2,1,WiFi/detail fasilitas dicek manual via WhatsApp,Ketersediaan akhir dan payment dilanjutkan manual via WhatsApp,1672,2026-07-06,INACTIVE,Source: (Makka Hotel 2026) New Season Far East 15 June 202_260630_174549.pdf | Page: makka_page-21.png | Meal: FB | MINIMAL 25 PAX | Source period text: 16 JUNE 2026 TO 16 JULY 2026,"Harga, pajak, dan availability final setelah admin cek manual ke hotel/OTA."
MAKKAH,STANDARD,Maysan Al Mahbas Hotel,,Alharmain PDF 16 Jun - 16 Jul 2026,Quad Room,FB meal plan,2026-06-16,2026-07-16,16 Jun - 16 Jul 2026,per kamar per malam,SAR,305,2,2,1,WiFi/detail fasilitas dicek manual via WhatsApp,Ketersediaan akhir dan payment dilanjutkan manual via WhatsApp,1673,2026-07-06,INACTIVE,Source: (Makka Hotel 2026) New Season Far East 15 June 202_260630_174549.pdf | Page: makka_page-21.png | Meal: FB | MINIMAL 25 PAX | Source period text: 16 JUNE 2026 TO 16 JULY 2026,"Harga, pajak, dan availability final setelah admin cek manual ke hotel/OTA."
MAKKAH,STANDARD,Maysan Al Mahbas Hotel,,Alharmain PDF 16 Jul - 13 Aug 2026,Double Room,FB meal plan,2026-07-16,2026-08-13,16 Jul - 13 Aug 2026,per kamar per malam,SAR,220,2,2,1,WiFi/detail fasilitas dicek manual via WhatsApp,Ketersediaan akhir dan payment dilanjutkan manual via WhatsApp,1674,2026-07-06,INACTIVE,Source: (Makka Hotel 2026) New Season Far East 15 June 202_260630_174549.pdf | Page: makka_page-21.png | Meal: FB | MINIMAL 25 PAX | Source period text: 16 JULY 2026 TO 13 AUGUST 2026,"Harga, pajak, dan availability final setelah admin cek manual ke hotel/OTA."
MAKKAH,STANDARD,Maysan Al Mahbas Hotel,,Alharmain PDF 16 Jul - 13 Aug 2026,Triple Room,FB meal plan,2026-07-16,2026-08-13,16 Jul - 13 Aug 2026,per kamar per malam,SAR,265,2,2,1,WiFi/detail fasilitas dicek manual via WhatsApp,Ketersediaan akhir dan payment dilanjutkan manual via WhatsApp,1675,2026-07-06,INACTIVE,Source: (Makka Hotel 2026) New Season Far East 15 June 202_260630_174549.pdf | Page: makka_page-21.png | Meal: FB | MINIMAL 25 PAX | Source period text: 16 JULY 2026 TO 13 AUGUST 2026,"Harga, pajak, dan availability final setelah admin cek manual ke hotel/OTA."
MAKKAH,STANDARD,Maysan Al Mahbas Hotel,,Alharmain PDF 16 Jul - 13 Aug 2026,Quad Room,FB meal plan,2026-07-16,2026-08-13,16 Jul - 13 Aug 2026,per kamar per malam,SAR,310,2,2,1,WiFi/detail fasilitas dicek manual via WhatsApp,Ketersediaan akhir dan payment dilanjutkan manual via WhatsApp,1676,2026-07-06,INACTIVE,Source: (Makka Hotel 2026) New Season Far East 15 June 202_260630_174549.pdf | Page: makka_page-21.png | Meal: FB | MINIMAL 25 PAX | Source period text: 16 JULY 2026 TO 13 AUGUST 2026,"Harga, pajak, dan availability final setelah admin cek manual ke hotel/OTA."
MAKKAH,STANDARD,Maysan Al Mahbas Hotel,,Alharmain PDF 13 Aug - 12 Sep 2026,Double Room,FB meal plan,2026-08-13,2026-09-12,13 Aug - 12 Sep 2026,per kamar per malam,SAR,240,2,2,1,WiFi/detail fasilitas dicek manual via WhatsApp,Ketersediaan akhir dan payment dilanjutkan manual via WhatsApp,1677,2026-07-06,INACTIVE,Source: (Makka Hotel 2026) New Season Far East 15 June 202_260630_174549.pdf | Page: makka_page-21.png | Meal: FB | MINIMAL 25 PAX | Source period text: 13 AUGUST 2026 TO 12 SEP 2026,"Harga, pajak, dan availability final setelah admin cek manual ke hotel/OTA."
MAKKAH,STANDARD,Maysan Al Mahbas Hotel,,Alharmain PDF 13 Aug - 12 Sep 2026,Triple Room,FB meal plan,2026-08-13,2026-09-12,13 Aug - 12 Sep 2026,per kamar per malam,SAR,285,2,2,1,WiFi/detail fasilitas dicek manual via WhatsApp,Ketersediaan akhir dan payment dilanjutkan manual via WhatsApp,1678,2026-07-06,INACTIVE,Source: (Makka Hotel 2026) New Season Far East 15 June 202_260630_174549.pdf | Page: makka_page-21.png | Meal: FB | MINIMAL 25 PAX | Source period text: 13 AUGUST 2026 TO 12 SEP 2026,"Harga, pajak, dan availability final setelah admin cek manual ke hotel/OTA."
MAKKAH,STANDARD,Maysan Al Mahbas Hotel,,Alharmain PDF 13 Aug - 12 Sep 2026,Quad Room,FB meal plan,2026-08-13,2026-09-12,13 Aug - 12 Sep 2026,per kamar per malam,SAR,330,2,2,1,WiFi/detail fasilitas dicek manual via WhatsApp,Ketersediaan akhir dan payment dilanjutkan manual via WhatsApp,1679,2026-07-06,INACTIVE,Source: (Makka Hotel 2026) New Season Far East 15 June 202_260630_174549.pdf | Page: makka_page-21.png | Meal: FB | MINIMAL 25 PAX | Source period text: 13 AUGUST 2026 TO 12 SEP 2026,"Harga, pajak, dan availability final setelah admin cek manual ke hotel/OTA."
MAKKAH,STANDARD,Maysan Al Multazem Hotel,,Alharmain PDF 16 Jun - 16 Jul 2026,Double Room,FB meal plan,2026-06-16,2026-07-16,16 Jun - 16 Jul 2026,per kamar per malam,SAR,195,2,2,1,WiFi/detail fasilitas dicek manual via WhatsApp,Ketersediaan akhir dan payment dilanjutkan manual via WhatsApp,1680,2026-07-06,INACTIVE,Source: (Makka Hotel 2026) New Season Far East 15 June 202_260630_174549.pdf | Page: makka_page-21.png | Meal: FB | MINIMAL 25 PAX | Source period text: 16 JUNE 2026 TO 16 JULY 2026,"Harga, pajak, dan availability final setelah admin cek manual ke hotel/OTA."
MAKKAH,STANDARD,Maysan Al Multazem Hotel,,Alharmain PDF 16 Jun - 16 Jul 2026,Triple Room,FB meal plan,2026-06-16,2026-07-16,16 Jun - 16 Jul 2026,per kamar per malam,SAR,240,2,2,1,WiFi/detail fasilitas dicek manual via WhatsApp,Ketersediaan akhir dan payment dilanjutkan manual via WhatsApp,1681,2026-07-06,INACTIVE,Source: (Makka Hotel 2026) New Season Far East 15 June 202_260630_174549.pdf | Page: makka_page-21.png | Meal: FB | MINIMAL 25 PAX | Source period text: 16 JUNE 2026 TO 16 JULY 2026,"Harga, pajak, dan availability final setelah admin cek manual ke hotel/OTA."
MAKKAH,STANDARD,Maysan Al Multazem Hotel,,Alharmain PDF 16 Jun - 16 Jul 2026,Quad Room,FB meal plan,2026-06-16,2026-07-16,16 Jun - 16 Jul 2026,per kamar per malam,SAR,285,2,2,1,WiFi/detail fasilitas dicek manual via WhatsApp,Ketersediaan akhir dan payment dilanjutkan manual via WhatsApp,1682,2026-07-06,INACTIVE,Source: (Makka Hotel 2026) New Season Far East 15 June 202_260630_174549.pdf | Page: makka_page-21.png | Meal: FB | MINIMAL 25 PAX | Source period text: 16 JUNE 2026 TO 16 JULY 2026,"Harga, pajak, dan availability final setelah admin cek manual ke hotel/OTA."
MAKKAH,STANDARD,Maysan Al Multazem Hotel,,Alharmain PDF 16 Jul - 13 Aug 2026,Double Room,FB meal plan,2026-07-16,2026-08-13,16 Jul - 13 Aug 2026,per kamar per malam,SAR,205,2,2,1,WiFi/detail fasilitas dicek manual via WhatsApp,Ketersediaan akhir dan payment dilanjutkan manual via WhatsApp,1683,2026-07-06,INACTIVE,Source: (Makka Hotel 2026) New Season Far East 15 June 202_260630_174549.pdf | Page: makka_page-21.png | Meal: FB | MINIMAL 25 PAX | Source period text: 16 JULY 2026 TO 13 AUGUST 2026,"Harga, pajak, dan availability final setelah admin cek manual ke hotel/OTA."
MAKKAH,STANDARD,Maysan Al Multazem Hotel,,Alharmain PDF 16 Jul - 13 Aug 2026,Triple Room,FB meal plan,2026-07-16,2026-08-13,16 Jul - 13 Aug 2026,per kamar per malam,SAR,250,2,2,1,WiFi/detail fasilitas dicek manual via WhatsApp,Ketersediaan akhir dan payment dilanjutkan manual via WhatsApp,1684,2026-07-06,INACTIVE,Source: (Makka Hotel 2026) New Season Far East 15 June 202_260630_174549.pdf | Page: makka_page-21.png | Meal: FB | MINIMAL 25 PAX | Source period text: 16 JULY 2026 TO 13 AUGUST 2026,"Harga, pajak, dan availability final setelah admin cek manual ke hotel/OTA."
MAKKAH,STANDARD,Maysan Al Multazem Hotel,,Alharmain PDF 16 Jul - 13 Aug 2026,Quad Room,FB meal plan,2026-07-16,2026-08-13,16 Jul - 13 Aug 2026,per kamar per malam,SAR,295,2,2,1,WiFi/detail fasilitas dicek manual via WhatsApp,Ketersediaan akhir dan payment dilanjutkan manual via WhatsApp,1685,2026-07-06,INACTIVE,Source: (Makka Hotel 2026) New Season Far East 15 June 202_260630_174549.pdf | Page: makka_page-21.png | Meal: FB | MINIMAL 25 PAX | Source period text: 16 JULY 2026 TO 13 AUGUST 2026,"Harga, pajak, dan availability final setelah admin cek manual ke hotel/OTA."
MAKKAH,STANDARD,Maysan Al Multazem Hotel,,Alharmain PDF 13 Aug - 12 Sep 2026,Double Room,FB meal plan,2026-08-13,2026-09-12,13 Aug - 12 Sep 2026,per kamar per malam,SAR,215,2,2,1,WiFi/detail fasilitas dicek manual via WhatsApp,Ketersediaan akhir dan payment dilanjutkan manual via WhatsApp,1686,2026-07-06,INACTIVE,Source: (Makka Hotel 2026) New Season Far East 15 June 202_260630_174549.pdf | Page: makka_page-21.png | Meal: FB | MINIMAL 25 PAX | Source period text: 13 AUGUST 2026 TO 12 SEP 2026,"Harga, pajak, dan availability final setelah admin cek manual ke hotel/OTA."
MAKKAH,STANDARD,Maysan Al Multazem Hotel,,Alharmain PDF 13 Aug - 12 Sep 2026,Triple Room,FB meal plan,2026-08-13,2026-09-12,13 Aug - 12 Sep 2026,per kamar per malam,SAR,260,2,2,1,WiFi/detail fasilitas dicek manual via WhatsApp,Ketersediaan akhir dan payment dilanjutkan manual via WhatsApp,1687,2026-07-06,INACTIVE,Source: (Makka Hotel 2026) New Season Far East 15 June 202_260630_174549.pdf | Page: makka_page-21.png | Meal: FB | MINIMAL 25 PAX | Source period text: 13 AUGUST 2026 TO 12 SEP 2026,"Harga, pajak, dan availability final setelah admin cek manual ke hotel/OTA."
MAKKAH,STANDARD,Maysan Al Multazem Hotel,,Alharmain PDF 13 Aug - 12 Sep 2026,Quad Room,FB meal plan,2026-08-13,2026-09-12,13 Aug - 12 Sep 2026,per kamar per malam,SAR,305,2,2,1,WiFi/detail fasilitas dicek manual via WhatsApp,Ketersediaan akhir dan payment dilanjutkan manual via WhatsApp,1688,2026-07-06,INACTIVE,Source: (Makka Hotel 2026) New Season Far East 15 June 202_260630_174549.pdf | Page: makka_page-21.png | Meal: FB | MINIMAL 25 PAX | Source period text: 13 AUGUST 2026 TO 12 SEP 2026,"Harga, pajak, dan availability final setelah admin cek manual ke hotel/OTA."
MAKKAH,STANDARD,Al Manara Hotel,,Alharmain PDF 16 Jun - 16 Jul 2026,Double Room,FB meal plan,2026-06-16,2026-07-16,16 Jun - 16 Jul 2026,per kamar per malam,SAR,240,2,2,1,WiFi/detail fasilitas dicek manual via WhatsApp,Ketersediaan akhir dan payment dilanjutkan manual via WhatsApp,1689,2026-07-06,INACTIVE,Source: (Makka Hotel 2026) New Season Far East 15 June 202_260630_174549.pdf | Page: makka_page-21.png | Meal: FB | MINIMAL 25 PAX | Source period text: 16 JUNE 2026 TO 16 JULY 2026,"Harga, pajak, dan availability final setelah admin cek manual ke hotel/OTA."
MAKKAH,STANDARD,Al Manara Hotel,,Alharmain PDF 16 Jun - 16 Jul 2026,Triple Room,FB meal plan,2026-06-16,2026-07-16,16 Jun - 16 Jul 2026,per kamar per malam,SAR,275,2,2,1,WiFi/detail fasilitas dicek manual via WhatsApp,Ketersediaan akhir dan payment dilanjutkan manual via WhatsApp,1690,2026-07-06,INACTIVE,Source: (Makka Hotel 2026) New Season Far East 15 June 202_260630_174549.pdf | Page: makka_page-21.png | Meal: FB | MINIMAL 25 PAX | Source period text: 16 JUNE 2026 TO 16 JULY 2026,"Harga, pajak, dan availability final setelah admin cek manual ke hotel/OTA."
MAKKAH,STANDARD,Al Manara Hotel,,Alharmain PDF 16 Jun - 16 Jul 2026,Quad Room,FB meal plan,2026-06-16,2026-07-16,16 Jun - 16 Jul 2026,per kamar per malam,SAR,310,2,2,1,WiFi/detail fasilitas dicek manual via WhatsApp,Ketersediaan akhir dan payment dilanjutkan manual via WhatsApp,1691,2026-07-06,INACTIVE,Source: (Makka Hotel 2026) New Season Far East 15 June 202_260630_174549.pdf | Page: makka_page-21.png | Meal: FB | MINIMAL 25 PAX | Source period text: 16 JUNE 2026 TO 16 JULY 2026,"Harga, pajak, dan availability final setelah admin cek manual ke hotel/OTA."
MAKKAH,STANDARD,Al Manara Hotel,,Alharmain PDF 16 Jun - 16 Jul 2026,Quint Room,FB meal plan,2026-06-16,2026-07-16,16 Jun - 16 Jul 2026,per kamar per malam,SAR,355,2,2,1,WiFi/detail fasilitas dicek manual via WhatsApp,Ketersediaan akhir dan payment dilanjutkan manual via WhatsApp,1692,2026-07-06,INACTIVE,Source: (Makka Hotel 2026) New Season Far East 15 June 202_260630_174549.pdf | Page: makka_page-21.png | Meal: FB | MINIMAL 25 PAX | Source period text: 16 JUNE 2026 TO 16 JULY 2026,"Harga, pajak, dan availability final setelah admin cek manual ke hotel/OTA."
MAKKAH,STANDARD,Al Manara Hotel,,Alharmain PDF 16 Jul - 13 Aug 2026,Double Room,FB meal plan,2026-07-16,2026-08-13,16 Jul - 13 Aug 2026,per kamar per malam,SAR,290,2,2,1,WiFi/detail fasilitas dicek manual via WhatsApp,Ketersediaan akhir dan payment dilanjutkan manual via WhatsApp,1693,2026-07-06,INACTIVE,Source: (Makka Hotel 2026) New Season Far East 15 June 202_260630_174549.pdf | Page: makka_page-21.png | Meal: FB | MINIMAL 25 PAX | Source period text: 16 JULY 2026 TO 13 AUGUST 2026,"Harga, pajak, dan availability final setelah admin cek manual ke hotel/OTA."
MAKKAH,STANDARD,Al Manara Hotel,,Alharmain PDF 16 Jul - 13 Aug 2026,Triple Room,FB meal plan,2026-07-16,2026-08-13,16 Jul - 13 Aug 2026,per kamar per malam,SAR,325,2,2,1,WiFi/detail fasilitas dicek manual via WhatsApp,Ketersediaan akhir dan payment dilanjutkan manual via WhatsApp,1694,2026-07-06,INACTIVE,Source: (Makka Hotel 2026) New Season Far East 15 June 202_260630_174549.pdf | Page: makka_page-21.png | Meal: FB | MINIMAL 25 PAX | Source period text: 16 JULY 2026 TO 13 AUGUST 2026,"Harga, pajak, dan availability final setelah admin cek manual ke hotel/OTA."
MAKKAH,STANDARD,Al Manara Hotel,,Alharmain PDF 16 Jul - 13 Aug 2026,Quad Room,FB meal plan,2026-07-16,2026-08-13,16 Jul - 13 Aug 2026,per kamar per malam,SAR,360,2,2,1,WiFi/detail fasilitas dicek manual via WhatsApp,Ketersediaan akhir dan payment dilanjutkan manual via WhatsApp,1695,2026-07-06,INACTIVE,Source: (Makka Hotel 2026) New Season Far East 15 June 202_260630_174549.pdf | Page: makka_page-21.png | Meal: FB | MINIMAL 25 PAX | Source period text: 16 JULY 2026 TO 13 AUGUST 2026,"Harga, pajak, dan availability final setelah admin cek manual ke hotel/OTA."
MAKKAH,STANDARD,Al Manara Hotel,,Alharmain PDF 16 Jul - 13 Aug 2026,Quint Room,FB meal plan,2026-07-16,2026-08-13,16 Jul - 13 Aug 2026,per kamar per malam,SAR,405,2,2,1,WiFi/detail fasilitas dicek manual via WhatsApp,Ketersediaan akhir dan payment dilanjutkan manual via WhatsApp,1696,2026-07-06,INACTIVE,Source: (Makka Hotel 2026) New Season Far East 15 June 202_260630_174549.pdf | Page: makka_page-21.png | Meal: FB | MINIMAL 25 PAX | Source period text: 16 JULY 2026 TO 13 AUGUST 2026,"Harga, pajak, dan availability final setelah admin cek manual ke hotel/OTA."
MAKKAH,STANDARD,Al Manara Hotel,,Alharmain PDF 13 Aug - 12 Sep 2026,Double Room,FB meal plan,2026-08-13,2026-09-12,13 Aug - 12 Sep 2026,per kamar per malam,SAR,340,2,2,1,WiFi/detail fasilitas dicek manual via WhatsApp,Ketersediaan akhir dan payment dilanjutkan manual via WhatsApp,1697,2026-07-06,INACTIVE,Source: (Makka Hotel 2026) New Season Far East 15 June 202_260630_174549.pdf | Page: makka_page-21.png | Meal: FB | MINIMAL 25 PAX | Source period text: 13 AUGUST 2026 TO 12 SEP 2026,"Harga, pajak, dan availability final setelah admin cek manual ke hotel/OTA."
MAKKAH,STANDARD,Al Manara Hotel,,Alharmain PDF 13 Aug - 12 Sep 2026,Triple Room,FB meal plan,2026-08-13,2026-09-12,13 Aug - 12 Sep 2026,per kamar per malam,SAR,375,2,2,1,WiFi/detail fasilitas dicek manual via WhatsApp,Ketersediaan akhir dan payment dilanjutkan manual via WhatsApp,1698,2026-07-06,INACTIVE,Source: (Makka Hotel 2026) New Season Far East 15 June 202_260630_174549.pdf | Page: makka_page-21.png | Meal: FB | MINIMAL 25 PAX | Source period text: 13 AUGUST 2026 TO 12 SEP 2026,"Harga, pajak, dan availability final setelah admin cek manual ke hotel/OTA."
MAKKAH,STANDARD,Al Manara Hotel,,Alharmain PDF 13 Aug - 12 Sep 2026,Quad Room,FB meal plan,2026-08-13,2026-09-12,13 Aug - 12 Sep 2026,per kamar per malam,SAR,410,2,2,1,WiFi/detail fasilitas dicek manual via WhatsApp,Ketersediaan akhir dan payment dilanjutkan manual via WhatsApp,1699,2026-07-06,INACTIVE,Source: (Makka Hotel 2026) New Season Far East 15 June 202_260630_174549.pdf | Page: makka_page-21.png | Meal: FB | MINIMAL 25 PAX | Source period text: 13 AUGUST 2026 TO 12 SEP 2026,"Harga, pajak, dan availability final setelah admin cek manual ke hotel/OTA."
MAKKAH,STANDARD,Al Manara Hotel,,Alharmain PDF 13 Aug - 12 Sep 2026,Quint Room,FB meal plan,2026-08-13,2026-09-12,13 Aug - 12 Sep 2026,per kamar per malam,SAR,455,2,2,1,WiFi/detail fasilitas dicek manual via WhatsApp,Ketersediaan akhir dan payment dilanjutkan manual via WhatsApp,1700,2026-07-06,INACTIVE,Source: (Makka Hotel 2026) New Season Far East 15 June 202_260630_174549.pdf | Page: makka_page-21.png | Meal: FB | MINIMAL 25 PAX | Source period text: 13 AUGUST 2026 TO 12 SEP 2026,"Harga, pajak, dan availability final setelah admin cek manual ke hotel/OTA."
MAKKAH,STANDARD,Maysan Safa Al Jarwal Hotel,,Alharmain PDF 16 Jun - 13 Aug 2026,Double Room,FB meal plan,2026-06-16,2026-08-13,16 Jun - 13 Aug 2026,per kamar per malam,SAR,180,2,2,1,WiFi/detail fasilitas dicek manual via WhatsApp,Ketersediaan akhir dan payment dilanjutkan manual via WhatsApp,1701,2026-07-06,INACTIVE,Source: (Makka Hotel 2026) New Season Far East 15 June 202_260630_174549.pdf | Page: makka_page-21.png | Meal: FB | MINIMAL 25 PAX | Source period text: 16 JUNE 2026 TO 13 AUGUST 2026,"Harga, pajak, dan availability final setelah admin cek manual ke hotel/OTA."
MAKKAH,STANDARD,Maysan Safa Al Jarwal Hotel,,Alharmain PDF 16 Jun - 13 Aug 2026,Triple Room,FB meal plan,2026-06-16,2026-08-13,16 Jun - 13 Aug 2026,per kamar per malam,SAR,220,2,2,1,WiFi/detail fasilitas dicek manual via WhatsApp,Ketersediaan akhir dan payment dilanjutkan manual via WhatsApp,1702,2026-07-06,INACTIVE,Source: (Makka Hotel 2026) New Season Far East 15 June 202_260630_174549.pdf | Page: makka_page-21.png | Meal: FB | MINIMAL 25 PAX | Source period text: 16 JUNE 2026 TO 13 AUGUST 2026,"Harga, pajak, dan availability final setelah admin cek manual ke hotel/OTA."
MAKKAH,STANDARD,Maysan Safa Al Jarwal Hotel,,Alharmain PDF 16 Jun - 13 Aug 2026,Quad Room,FB meal plan,2026-06-16,2026-08-13,16 Jun - 13 Aug 2026,per kamar per malam,SAR,260,2,2,1,WiFi/detail fasilitas dicek manual via WhatsApp,Ketersediaan akhir dan payment dilanjutkan manual via WhatsApp,1703,2026-07-06,INACTIVE,Source: (Makka Hotel 2026) New Season Far East 15 June 202_260630_174549.pdf | Page: makka_page-21.png | Meal: FB | MINIMAL 25 PAX | Source period text: 16 JUNE 2026 TO 13 AUGUST 2026,"Harga, pajak, dan availability final setelah admin cek manual ke hotel/OTA."
MAKKAH,STANDARD,Maysan Safa Al Jarwal Hotel,,Alharmain PDF 13 Aug - 12 Sep 2026,Double Room,FB meal plan,2026-08-13,2026-09-12,13 Aug - 12 Sep 2026,per kamar per malam,SAR,190,2,2,1,WiFi/detail fasilitas dicek manual via WhatsApp,Ketersediaan akhir dan payment dilanjutkan manual via WhatsApp,1704,2026-07-06,INACTIVE,Source: (Makka Hotel 2026) New Season Far East 15 June 202_260630_174549.pdf | Page: makka_page-21.png | Meal: FB | MINIMAL 25 PAX | Source period text: 13 AUGUST 2026 TO 12 SEP 2026,"Harga, pajak, dan availability final setelah admin cek manual ke hotel/OTA."
MAKKAH,STANDARD,Maysan Safa Al Jarwal Hotel,,Alharmain PDF 13 Aug - 12 Sep 2026,Triple Room,FB meal plan,2026-08-13,2026-09-12,13 Aug - 12 Sep 2026,per kamar per malam,SAR,230,2,2,1,WiFi/detail fasilitas dicek manual via WhatsApp,Ketersediaan akhir dan payment dilanjutkan manual via WhatsApp,1705,2026-07-06,INACTIVE,Source: (Makka Hotel 2026) New Season Far East 15 June 202_260630_174549.pdf | Page: makka_page-21.png | Meal: FB | MINIMAL 25 PAX | Source period text: 13 AUGUST 2026 TO 12 SEP 2026,"Harga, pajak, dan availability final setelah admin cek manual ke hotel/OTA."
MAKKAH,STANDARD,Maysan Safa Al Jarwal Hotel,,Alharmain PDF 13 Aug - 12 Sep 2026,Quad Room,FB meal plan,2026-08-13,2026-09-12,13 Aug - 12 Sep 2026,per kamar per malam,SAR,270,2,2,1,WiFi/detail fasilitas dicek manual via WhatsApp,Ketersediaan akhir dan payment dilanjutkan manual via WhatsApp,1706,2026-07-06,INACTIVE,Source: (Makka Hotel 2026) New Season Far East 15 June 202_260630_174549.pdf | Page: makka_page-21.png | Meal: FB | MINIMAL 25 PAX | Source period text: 13 AUGUST 2026 TO 12 SEP 2026,"Harga, pajak, dan availability final setelah admin cek manual ke hotel/OTA."
MAKKAH,STANDARD,Snood Al Rayyan Hotel,,Alharmain PDF 30 Jun - 11 Sep 2026,Double Room,FB meal plan,2026-06-30,2026-09-11,30 Jun - 11 Sep 2026,per kamar per malam,SAR,240,2,2,1,WiFi/detail fasilitas dicek manual via WhatsApp,Ketersediaan akhir dan payment dilanjutkan manual via WhatsApp,1707,2026-07-06,INACTIVE,Source: (Makka Hotel 2026) New Season Far East 15 June 202_260630_174549.pdf | Page: makka_page-22.png | Meal: FB | Source period text: 30 JUNE 2026 TO 11 SEP 2026,"Harga, pajak, dan availability final setelah admin cek manual ke hotel/OTA."
MAKKAH,STANDARD,Snood Al Rayyan Hotel,,Alharmain PDF 30 Jun - 11 Sep 2026,Triple Room,FB meal plan,2026-06-30,2026-09-11,30 Jun - 11 Sep 2026,per kamar per malam,SAR,285,2,2,1,WiFi/detail fasilitas dicek manual via WhatsApp,Ketersediaan akhir dan payment dilanjutkan manual via WhatsApp,1708,2026-07-06,INACTIVE,Source: (Makka Hotel 2026) New Season Far East 15 June 202_260630_174549.pdf | Page: makka_page-22.png | Meal: FB | Source period text: 30 JUNE 2026 TO 11 SEP 2026,"Harga, pajak, dan availability final setelah admin cek manual ke hotel/OTA."
MAKKAH,STANDARD,Snood Al Rayyan Hotel,,Alharmain PDF 30 Jun - 11 Sep 2026,Quad Room,FB meal plan,2026-06-30,2026-09-11,30 Jun - 11 Sep 2026,per kamar per malam,SAR,330,2,2,1,WiFi/detail fasilitas dicek manual via WhatsApp,Ketersediaan akhir dan payment dilanjutkan manual via WhatsApp,1709,2026-07-06,INACTIVE,Source: (Makka Hotel 2026) New Season Far East 15 June 202_260630_174549.pdf | Page: makka_page-22.png | Meal: FB | Source period text: 30 JUNE 2026 TO 11 SEP 2026,"Harga, pajak, dan availability final setelah admin cek manual ke hotel/OTA."
MAKKAH,STANDARD,Anan Snood Hotel,,Alharmain PDF 30 Jun - 11 Sep 2026,Double Room,FB meal plan,2026-06-30,2026-09-11,30 Jun - 11 Sep 2026,per kamar per malam,SAR,250,2,2,1,WiFi/detail fasilitas dicek manual via WhatsApp,Ketersediaan akhir dan payment dilanjutkan manual via WhatsApp,1710,2026-07-06,INACTIVE,Source: (Makka Hotel 2026) New Season Far East 15 June 202_260630_174549.pdf | Page: makka_page-22.png | Meal: FB | Source period text: 30 JUNE 2026 TO 11 SEP 2026,"Harga, pajak, dan availability final setelah admin cek manual ke hotel/OTA."
MAKKAH,STANDARD,Anan Snood Hotel,,Alharmain PDF 30 Jun - 11 Sep 2026,Triple Room,FB meal plan,2026-06-30,2026-09-11,30 Jun - 11 Sep 2026,per kamar per malam,SAR,295,2,2,1,WiFi/detail fasilitas dicek manual via WhatsApp,Ketersediaan akhir dan payment dilanjutkan manual via WhatsApp,1711,2026-07-06,INACTIVE,Source: (Makka Hotel 2026) New Season Far East 15 June 202_260630_174549.pdf | Page: makka_page-22.png | Meal: FB | Source period text: 30 JUNE 2026 TO 11 SEP 2026,"Harga, pajak, dan availability final setelah admin cek manual ke hotel/OTA."
MAKKAH,STANDARD,Anan Snood Hotel,,Alharmain PDF 30 Jun - 11 Sep 2026,Quad Room,FB meal plan,2026-06-30,2026-09-11,30 Jun - 11 Sep 2026,per kamar per malam,SAR,340,2,2,1,WiFi/detail fasilitas dicek manual via WhatsApp,Ketersediaan akhir dan payment dilanjutkan manual via WhatsApp,1712,2026-07-06,INACTIVE,Source: (Makka Hotel 2026) New Season Far East 15 June 202_260630_174549.pdf | Page: makka_page-22.png | Meal: FB | Source period text: 30 JUNE 2026 TO 11 SEP 2026,"Harga, pajak, dan availability final setelah admin cek manual ke hotel/OTA."
MAKKAH,STANDARD,Snood Mawten Hotel,,Alharmain PDF 30 Jun - 11 Sep 2026,Double Room,FB meal plan,2026-06-30,2026-09-11,30 Jun - 11 Sep 2026,per kamar per malam,SAR,210,2,2,1,WiFi/detail fasilitas dicek manual via WhatsApp,Ketersediaan akhir dan payment dilanjutkan manual via WhatsApp,1713,2026-07-06,INACTIVE,Source: (Makka Hotel 2026) New Season Far East 15 June 202_260630_174549.pdf | Page: makka_page-22.png | Meal: FB | Source period text: 30 JUNE 2026 TO 11 SEP 2026,"Harga, pajak, dan availability final setelah admin cek manual ke hotel/OTA."
MAKKAH,STANDARD,Snood Mawten Hotel,,Alharmain PDF 30 Jun - 11 Sep 2026,Triple Room,FB meal plan,2026-06-30,2026-09-11,30 Jun - 11 Sep 2026,per kamar per malam,SAR,255,2,2,1,WiFi/detail fasilitas dicek manual via WhatsApp,Ketersediaan akhir dan payment dilanjutkan manual via WhatsApp,1714,2026-07-06,INACTIVE,Source: (Makka Hotel 2026) New Season Far East 15 June 202_260630_174549.pdf | Page: makka_page-22.png | Meal: FB | Source period text: 30 JUNE 2026 TO 11 SEP 2026,"Harga, pajak, dan availability final setelah admin cek manual ke hotel/OTA."
MAKKAH,STANDARD,Snood Mawten Hotel,,Alharmain PDF 30 Jun - 11 Sep 2026,Quad Room,FB meal plan,2026-06-30,2026-09-11,30 Jun - 11 Sep 2026,per kamar per malam,SAR,300,2,2,1,WiFi/detail fasilitas dicek manual via WhatsApp,Ketersediaan akhir dan payment dilanjutkan manual via WhatsApp,1715,2026-07-06,INACTIVE,Source: (Makka Hotel 2026) New Season Far East 15 June 202_260630_174549.pdf | Page: makka_page-22.png | Meal: FB | Source period text: 30 JUNE 2026 TO 11 SEP 2026,"Harga, pajak, dan availability final setelah admin cek manual ke hotel/OTA."
MAKKAH,STANDARD,Snood Al Huda Hotel,,Alharmain PDF 30 Jun - 11 Sep 2026,Double Room,FB meal plan,2026-06-30,2026-09-11,30 Jun - 11 Sep 2026,per kamar per malam,SAR,195,2,2,1,WiFi/detail fasilitas dicek manual via WhatsApp,Ketersediaan akhir dan payment dilanjutkan manual via WhatsApp,1716,2026-07-06,INACTIVE,Source: (Makka Hotel 2026) New Season Far East 15 June 202_260630_174549.pdf | Page: makka_page-22.png | Meal: FB | Source period text: 30 JUNE 2026 TO 11 SEP 2026,"Harga, pajak, dan availability final setelah admin cek manual ke hotel/OTA."
MAKKAH,STANDARD,Snood Al Huda Hotel,,Alharmain PDF 30 Jun - 11 Sep 2026,Triple Room,FB meal plan,2026-06-30,2026-09-11,30 Jun - 11 Sep 2026,per kamar per malam,SAR,240,2,2,1,WiFi/detail fasilitas dicek manual via WhatsApp,Ketersediaan akhir dan payment dilanjutkan manual via WhatsApp,1717,2026-07-06,INACTIVE,Source: (Makka Hotel 2026) New Season Far East 15 June 202_260630_174549.pdf | Page: makka_page-22.png | Meal: FB | Source period text: 30 JUNE 2026 TO 11 SEP 2026,"Harga, pajak, dan availability final setelah admin cek manual ke hotel/OTA."
MAKKAH,STANDARD,Snood Al Huda Hotel,,Alharmain PDF 30 Jun - 11 Sep 2026,Quad Room,FB meal plan,2026-06-30,2026-09-11,30 Jun - 11 Sep 2026,per kamar per malam,SAR,285,2,2,1,WiFi/detail fasilitas dicek manual via WhatsApp,Ketersediaan akhir dan payment dilanjutkan manual via WhatsApp,1718,2026-07-06,INACTIVE,Source: (Makka Hotel 2026) New Season Far East 15 June 202_260630_174549.pdf | Page: makka_page-22.png | Meal: FB | Source period text: 30 JUNE 2026 TO 11 SEP 2026,"Harga, pajak, dan availability final setelah admin cek manual ke hotel/OTA."
MAKKAH,STANDARD,Snood Al Marwa Hotel,,Alharmain PDF 30 Jun - 11 Sep 2026,Double Room,FB meal plan,2026-06-30,2026-09-11,30 Jun - 11 Sep 2026,per kamar per malam,SAR,195,2,2,1,WiFi/detail fasilitas dicek manual via WhatsApp,Ketersediaan akhir dan payment dilanjutkan manual via WhatsApp,1719,2026-07-06,INACTIVE,Source: (Makka Hotel 2026) New Season Far East 15 June 202_260630_174549.pdf | Page: makka_page-22.png | Meal: FB | Source period text: 30 JUNE 2026 TO 11 SEP 2026,"Harga, pajak, dan availability final setelah admin cek manual ke hotel/OTA."
MAKKAH,STANDARD,Snood Al Marwa Hotel,,Alharmain PDF 30 Jun - 11 Sep 2026,Triple Room,FB meal plan,2026-06-30,2026-09-11,30 Jun - 11 Sep 2026,per kamar per malam,SAR,240,2,2,1,WiFi/detail fasilitas dicek manual via WhatsApp,Ketersediaan akhir dan payment dilanjutkan manual via WhatsApp,1720,2026-07-06,INACTIVE,Source: (Makka Hotel 2026) New Season Far East 15 June 202_260630_174549.pdf | Page: makka_page-22.png | Meal: FB | Source period text: 30 JUNE 2026 TO 11 SEP 2026,"Harga, pajak, dan availability final setelah admin cek manual ke hotel/OTA."
MAKKAH,STANDARD,Snood Al Marwa Hotel,,Alharmain PDF 30 Jun - 11 Sep 2026,Quad Room,FB meal plan,2026-06-30,2026-09-11,30 Jun - 11 Sep 2026,per kamar per malam,SAR,285,2,2,1,WiFi/detail fasilitas dicek manual via WhatsApp,Ketersediaan akhir dan payment dilanjutkan manual via WhatsApp,1721,2026-07-06,INACTIVE,Source: (Makka Hotel 2026) New Season Far East 15 June 202_260630_174549.pdf | Page: makka_page-22.png | Meal: FB | Source period text: 30 JUNE 2026 TO 11 SEP 2026,"Harga, pajak, dan availability final setelah admin cek manual ke hotel/OTA."
MAKKAH,STANDARD,Snood Al Azma Hotel,,Alharmain PDF 30 Jun - 11 Sep 2026,Double Room,FB meal plan,2026-06-30,2026-09-11,30 Jun - 11 Sep 2026,per kamar per malam,SAR,185,2,2,1,WiFi/detail fasilitas dicek manual via WhatsApp,Ketersediaan akhir dan payment dilanjutkan manual via WhatsApp,1722,2026-07-06,INACTIVE,Source: (Makka Hotel 2026) New Season Far East 15 June 202_260630_174549.pdf | Page: makka_page-22.png | Meal: FB | Source period text: 30 JUNE 2026 TO 11 SEP 2026,"Harga, pajak, dan availability final setelah admin cek manual ke hotel/OTA."
MAKKAH,STANDARD,Snood Al Azma Hotel,,Alharmain PDF 30 Jun - 11 Sep 2026,Triple Room,FB meal plan,2026-06-30,2026-09-11,30 Jun - 11 Sep 2026,per kamar per malam,SAR,230,2,2,1,WiFi/detail fasilitas dicek manual via WhatsApp,Ketersediaan akhir dan payment dilanjutkan manual via WhatsApp,1723,2026-07-06,INACTIVE,Source: (Makka Hotel 2026) New Season Far East 15 June 202_260630_174549.pdf | Page: makka_page-22.png | Meal: FB | Source period text: 30 JUNE 2026 TO 11 SEP 2026,"Harga, pajak, dan availability final setelah admin cek manual ke hotel/OTA."
MAKKAH,STANDARD,Snood Al Azma Hotel,,Alharmain PDF 30 Jun - 11 Sep 2026,Quad Room,FB meal plan,2026-06-30,2026-09-11,30 Jun - 11 Sep 2026,per kamar per malam,SAR,275,2,2,1,WiFi/detail fasilitas dicek manual via WhatsApp,Ketersediaan akhir dan payment dilanjutkan manual via WhatsApp,1724,2026-07-06,INACTIVE,Source: (Makka Hotel 2026) New Season Far East 15 June 202_260630_174549.pdf | Page: makka_page-22.png | Meal: FB | Source period text: 30 JUNE 2026 TO 11 SEP 2026,"Harga, pajak, dan availability final setelah admin cek manual ke hotel/OTA."
MAKKAH,STANDARD,Snood Al Rawda Hotel,,Alharmain PDF 30 Jun - 11 Sep 2026,Double Room,FB meal plan,2026-06-30,2026-09-11,30 Jun - 11 Sep 2026,per kamar per malam,SAR,190,2,2,1,WiFi/detail fasilitas dicek manual via WhatsApp,Ketersediaan akhir dan payment dilanjutkan manual via WhatsApp,1725,2026-07-06,INACTIVE,Source: (Makka Hotel 2026) New Season Far East 15 June 202_260630_174549.pdf | Page: makka_page-22.png | Meal: FB | Source period text: 30 JUNE 2026 TO 11 SEP 2026,"Harga, pajak, dan availability final setelah admin cek manual ke hotel/OTA."
MAKKAH,STANDARD,Snood Al Rawda Hotel,,Alharmain PDF 30 Jun - 11 Sep 2026,Triple Room,FB meal plan,2026-06-30,2026-09-11,30 Jun - 11 Sep 2026,per kamar per malam,SAR,235,2,2,1,WiFi/detail fasilitas dicek manual via WhatsApp,Ketersediaan akhir dan payment dilanjutkan manual via WhatsApp,1726,2026-07-06,INACTIVE,Source: (Makka Hotel 2026) New Season Far East 15 June 202_260630_174549.pdf | Page: makka_page-22.png | Meal: FB | Source period text: 30 JUNE 2026 TO 11 SEP 2026,"Harga, pajak, dan availability final setelah admin cek manual ke hotel/OTA."
MAKKAH,STANDARD,Snood Al Rawda Hotel,,Alharmain PDF 30 Jun - 11 Sep 2026,Quad Room,FB meal plan,2026-06-30,2026-09-11,30 Jun - 11 Sep 2026,per kamar per malam,SAR,280,2,2,1,WiFi/detail fasilitas dicek manual via WhatsApp,Ketersediaan akhir dan payment dilanjutkan manual via WhatsApp,1727,2026-07-06,INACTIVE,Source: (Makka Hotel 2026) New Season Far East 15 June 202_260630_174549.pdf | Page: makka_page-22.png | Meal: FB | Source period text: 30 JUNE 2026 TO 11 SEP 2026,"Harga, pajak, dan availability final setelah admin cek manual ke hotel/OTA."
MAKKAH,STANDARD,Snood Al Dana Hotel,,Alharmain PDF 30 Jun - 11 Sep 2026,Double Room,FB meal plan,2026-06-30,2026-09-11,30 Jun - 11 Sep 2026,per kamar per malam,SAR,180,2,2,1,WiFi/detail fasilitas dicek manual via WhatsApp,Ketersediaan akhir dan payment dilanjutkan manual via WhatsApp,1728,2026-07-06,INACTIVE,Source: (Makka Hotel 2026) New Season Far East 15 June 202_260630_174549.pdf | Page: makka_page-22.png | Meal: FB | Source period text: 30 JUNE 2026 TO 11 SEP 2026,"Harga, pajak, dan availability final setelah admin cek manual ke hotel/OTA."
MAKKAH,STANDARD,Snood Al Dana Hotel,,Alharmain PDF 30 Jun - 11 Sep 2026,Triple Room,FB meal plan,2026-06-30,2026-09-11,30 Jun - 11 Sep 2026,per kamar per malam,SAR,225,2,2,1,WiFi/detail fasilitas dicek manual via WhatsApp,Ketersediaan akhir dan payment dilanjutkan manual via WhatsApp,1729,2026-07-06,INACTIVE,Source: (Makka Hotel 2026) New Season Far East 15 June 202_260630_174549.pdf | Page: makka_page-22.png | Meal: FB | Source period text: 30 JUNE 2026 TO 11 SEP 2026,"Harga, pajak, dan availability final setelah admin cek manual ke hotel/OTA."
MAKKAH,STANDARD,Snood Al Dana Hotel,,Alharmain PDF 30 Jun - 11 Sep 2026,Quad Room,FB meal plan,2026-06-30,2026-09-11,30 Jun - 11 Sep 2026,per kamar per malam,SAR,270,2,2,1,WiFi/detail fasilitas dicek manual via WhatsApp,Ketersediaan akhir dan payment dilanjutkan manual via WhatsApp,1730,2026-07-06,INACTIVE,Source: (Makka Hotel 2026) New Season Far East 15 June 202_260630_174549.pdf | Page: makka_page-22.png | Meal: FB | Source period text: 30 JUNE 2026 TO 11 SEP 2026,"Harga, pajak, dan availability final setelah admin cek manual ke hotel/OTA."
